session_id,participant_id,session_date,win_start_ms,win_end_ms,label,valence_direction,arousal_level,label_confidence,reason,label_type,rmssd,mean_hr,sdnn,pnn50,n_beats,artefact_fraction,hrv_quality,rmssd_z,hr_z,arousal_hrv,rmssd_outside_norm_range,fer_valence,fer_arousal,fer_confidence,fer_dominant_emotion,face_coverage,fer_n,fer_quality,plant_n_samples,plant_mean,plant_median,plant_std,plant_iqr,plant_min,plant_max,plant_range,plant_rms,plant_zcr,plant_sat_pos_frac,plant_sat_neg_frac,plant_const_flag,bp_0_1,bp_1_5,bp_5_15,bp_15_30,band_power_sum,plant_quality,plant_dead_flag,plant_suspect_flag
2026-07-06_16-11_proband_01,proband_01,2026-07-06,1783347110256,1783347140256,positive calm,positive,calm,0.903,clear,proxy,44.01477024817919,81.24442683047657,54.53032273479569,25.0,41,0.0,ok,1.4655217527776991,0.0745118663452402,-0.6955049432162295,False,-0.0355827108315313,-0.2575778749754276,0.6782666666666667,Neutral,1.0,150,ok,3442,1.458861,1.457627,0.018899,0.022682,1.34346,1.566877,0.223416,1.458983,0.107817,0.0,0.0,False,0.0001292393638313,1.0275913240655337e-05,1.2953477327790254e-05,1.0739395580818509e-05,0.0001632081499805,ok,False,False
2026-07-06_16-11_proband_01,proband_01,2026-07-06,1783347140256,1783347170256,neutral,positive,neutral,0.786,hrv_ambiguous,proxy,40.68918475587292,84.68311042408764,51.82721673879144,17.073170731707318,42,0.0,ok,0.8446249237147432,0.7919303188859688,-0.0263473024143872,False,-0.1495535889659936,-0.2658576608856128,0.6177266666666666,Neutral,1.0,150,ok,3735,1.459272,1.459745,0.016201,0.018796,1.346372,1.572611,0.226239,1.459362,0.155597,0.0,0.0,False,9.065187164144108e-05,1.2430749781902765e-05,1.4821476598237403e-05,1.275551549455826e-05,0.0001306596135161,ok,False,False
2026-07-06_16-11_proband_01,proband_01,2026-07-06,1783347170256,1783347200256,positive activated,positive,activated,0.881,clear,proxy,35.52195833297376,86.65278430845704,56.0290029309394,19.047619047619047,43,0.0,ok,-0.1201118146583422,1.2028667576905223,0.6614892861744324,False,-0.1348613939433751,-0.2515495960060435,0.604887417218543,Neutral,1.0,151,ok,3615,1.459262,1.459148,0.012842,0.013873,1.330452,1.570395,0.239943,1.459319,0.197565,0.0,0.0,False,4.120187301342655e-05,1.2176826833203569e-05,1.4518750888003455e-05,1.4697594959867026e-05,8.259504569450061e-05,ok,False,False
2026-07-06_16-11_proband_01,proband_01,2026-07-06,1783347200256,1783347230256,negative calm,negative,calm,0.907,clear,proxy,37.895303852246045,77.19393282773564,54.88744463852703,16.216216216216218,38,0.0,ok,0.322998943010077,-0.7705496405846025,-0.5467742917973397,False,-0.597121875883035,-0.3434089195061825,0.6887852348993287,Sadness,1.0,149,ok,3615,1.459437,1.458151,0.018258,0.024218,1.367597,1.567639,0.200042,1.459551,0.126176,0.0,0.0,False,0.0001183672565119,1.1927223123004017e-05,1.2578692319858034e-05,1.4061911529522656e-05,0.0001569350834843,ok,False,False
2026-07-06_16-11_proband_01,proband_01,2026-07-06,1783347230256,1783347260256,neutral,negative,neutral,0.883,hrv_ambiguous,proxy,39.949005956632725,81.1304171455615,56.02973111867279,23.07692307692308,40,0.0,ok,0.7064313122586298,0.0507258303521653,-0.3278527409532322,False,-0.6123691847097614,-0.3441669715974131,0.6813933333333334,Sadness,1.0,150,ok,3526,1.459532,1.458724,0.01625,0.016307,1.351154,1.586396,0.235243,1.459623,0.185248,0.0,0.0,False,7.56960756148538e-05,1.156649245984802e-05,1.636756834662501e-05,1.4060509715362927e-05,0.0001176906461366,ok,False,False
2026-07-06_16-11_proband_01,proband_01,2026-07-06,1783347260256,1783347290256,negative activated,negative,activated,0.933,clear,proxy,29.85003166236013,83.65978354690924,35.429241123639386,14.634146341463412,42,0.0,ok,-1.179077609586484,0.5784318783685878,0.878754743977536,False,-0.6530550814385332,-0.4109154651731266,0.7772733333333333,Sadness,1.0,150,ok,3625,1.458482,1.458683,0.016083,0.013368,1.33727,1.569685,0.232416,1.45857,0.190949,0.0,0.0,False,8.938420927988831e-05,1.2034914076685905e-05,1.3416227117863152e-05,1.2475542075670738e-05,0.0001273108925501,ok,False,False
2026-07-06_16-11_proband_01,proband_01,2026-07-06,1783347290256,1783347320256,neutral,positive,neutral,0.827,hrv_ambiguous,proxy,40.82307937336195,86.87161183878246,91.31492365649784,23.809523809523807,43,0.0,ok,0.8696234521302267,1.2485211204446445,0.1894488341572087,False,-0.0494654594232059,-0.2709085154200054,0.56658,Neutral,1.0,150,ok,3642,1.459298,1.45926,0.014809,0.01782,1.346475,1.570681,0.224206,1.459374,0.149135,0.0,0.0,False,8.210442866085533e-05,1.1625912667197969e-05,1.3855065756248164e-05,1.204145788117183e-05,0.0001196268649654,ok,False,False
2026-07-06_16-11_proband_01,proband_01,2026-07-06,1783347320256,1783347350256,neutral,neutral,activated,0.483,face_ambiguous,proxy,32.19332627129816,82.0372585882755,55.31851245752023,12.82051282051282,40,0.0,ok,-0.7415774473997213,0.2399217150042008,0.4907495812019611,False,-0.2736172109620661,-0.302776153855213,0.558625,Neutral,1.0,152,ok,3566,1.458771,1.457895,0.015773,0.018271,1.345114,1.583009,0.237895,1.458856,0.170547,0.0,0.0,False,8.644790445402996e-05,1.259784528380268e-05,1.650916700646981e-05,1.5167208521123512e-05,0.0001307221252654,ok,False,False
2026-07-06_16-11_proband_01,proband_01,2026-07-06,1783347350256,1783347380256,neutral,negative,neutral,0.77,hrv_ambiguous,proxy,36.4355595538205,80.8465886683318,44.00827250393371,17.5,41,0.0244,ok,0.0504602853114582,-0.0084897913757074,-0.0294750383435828,False,-0.3989744191616766,-0.3378559401197605,0.5641891891891891,Sadness,1.0,148,ok,3631,1.460036,1.460007,0.015105,0.018534,1.392642,1.524515,0.131873,1.460114,0.1427,0.0,0.0,False,8.628627365628216e-05,9.18408676115116e-06,7.430576166174455e-06,7.347424034238097e-06,0.0001102483606178,ok,False,False
2026-07-06_16-11_proband_01,proband_01,2026-07-06,1783347380256,1783347410256,negative calm,negative,calm,0.88,clear,proxy,51.56521529647121,73.76041524381915,77.75913155175114,42.85714285714285,36,0.0,ok,2.8752125874726384,-1.4868902996674538,-2.181051443570046,False,-0.4469254392309147,-0.3495252634272807,0.5991533333333333,Sadness,1.0,150,ok,3595,1.458773,1.458814,0.017647,0.021293,1.340102,1.573956,0.233854,1.45888,0.126043,0.0,0.0,False,8.567633225611982e-05,1.2603892064634803e-05,1.6856916224534623e-05,1.507093870922736e-05,0.0001302080792545,ok,False,False
2026-07-06_16-11_proband_01,proband_01,2026-07-06,1783347410256,1783347440256,negative activated,negative,activated,0.863,clear,proxy,32.54765736577672,81.70314523896509,32.843382969451376,12.5,41,0.0,ok,-0.6754227647102758,0.1702150742185154,0.4228189194643956,False,-0.4361467583932263,-0.3562701462045879,0.5417066666666667,Sadness,1.0,150,ok,3558,1.458687,1.459232,0.014139,0.016233,1.346551,1.586927,0.240376,1.458756,0.17824,0.0,0.0,False,4.140747638047074e-05,1.3147697028894525e-05,1.7044483104799266e-05,1.5720865968364994e-05,8.732052248252952e-05,ok,False,False
2026-07-06_16-11_proband_01,proband_01,2026-07-06,1783347440256,1783347470256,neutral,negative,neutral,0.846,hrv_ambiguous,proxy,35.15244578182924,78.24064284203848,42.95356805911482,22.22222222222222,37,0.0,ok,-0.1891009210383698,-0.552172736086839,-0.1815359075242346,False,-0.5504728522536111,-0.4336116267378231,0.6849933774834437,Sadness,1.0,151,ok,3642,1.458737,1.458811,0.014269,0.017214,1.33745,1.561578,0.224128,1.458807,0.166163,0.0,0.0,False,6.267903860499594e-05,1.0202938470669887e-05,1.1137651953244791e-05,1.1591282326437974e-05,9.56109113553486e-05,ok,False,False
2026-07-06_16-11_proband_01,proband_01,2026-07-06,1783347470256,1783347500256,negative calm,negative,calm,0.91,clear,proxy,38.30743347523375,76.15739194334958,58.318105443122086,16.216216216216218,38,0.0,ok,0.3999447850784822,-0.986804942076453,-0.6933748635774676,False,-0.4537908519786074,-0.3778454579253935,0.6993133333333332,Sadness,1.0,150,ok,3598,1.458717,1.457788,0.016836,0.020532,1.335045,1.565406,0.230361,1.458814,0.130108,0.0,0.0,False,8.029169646576555e-05,1.1852417864483634e-05,1.7105531246346877e-05,1.614800360925208e-05,0.0001253976491858,ok,False,False
2026-07-06_16-11_proband_01,proband_01,2026-07-06,1783347500256,1783347530256,neutral,positive,neutral,0.841,hrv_ambiguous,proxy,34.161006410443456,80.92797410304829,56.92316008309934,12.82051282051282,40,0.0,ok,-0.3742056381853958,0.0084897913757074,0.1913477147805516,False,-0.1126454467006739,-0.2890534904805076,0.6103266666666667,Neutral,1.0,150,ok,3568,1.459755,1.45908,0.015164,0.016893,1.349523,1.57166,0.222137,1.459834,0.166246,0.0,0.0,False,4.944783730861693e-05,1.0915043688565504e-05,1.1248806675173087e-05,1.0384510414267436e-05,8.199619808662296e-05,ok,False,False
2026-07-06_16-11_proband_01,proband_01,2026-07-06,1783347530256,1783347560256,neutral,neutral,calm,0.542,face_ambiguous,proxy,40.86241356191853,76.67354762606901,49.16719389456335,18.421052631578945,39,0.0,ok,0.8769672636199769,-0.8791184972245112,-0.878042880422244,False,-0.2543597926607829,-0.320786759427389,0.6357315436241611,Neutral,1.0,149,ok,3640,1.457877,1.457789,0.013038,0.012744,1.345962,1.566894,0.220933,1.457936,0.203078,0.0,0.0,False,4.437534074964099e-05,1.1714622763133554e-05,1.466175252509689e-05,1.3300338487154096e-05,8.405205452502554e-05,ok,False,False
2026-07-06_16-11_proband_01,proband_01,2026-07-06,1783347560256,1783347590256,neutral,neutral,calm,0.497,face_ambiguous,proxy,34.53500639447844,75.47426395593935,47.62030757663892,13.88888888888889,37,0.0,ok,-0.3043787145672404,-1.1293271050709413,-0.4124741952518504,False,-0.2690947368421053,-0.328927453769559,0.6561333333333333,Neutral,1.0,150,ok,3533,1.459253,1.459188,0.014509,0.015923,1.370987,1.558615,0.187628,1.459325,0.156852,0.0,0.0,False,8.196863404797676e-05,1.14327337697243e-05,1.5017895256542495e-05,1.4291450826407692e-05,0.0001227107139006,ok,False,False
2026-07-06_16-11_proband_01,proband_01,2026-07-06,1783347590256,1783347620256,neutral,neutral,calm,0.687,face_ambiguous,proxy,39.25901514646375,77.05826686494525,57.00849678379227,21.62162162162162,38,0.0,ok,0.5776079495432144,-0.7988538629528247,-0.6882309062480195,False,-0.2140118041446566,-0.2914049065420561,0.6562666666666667,Neutral,1.0,150,ok,3542,1.458948,1.458988,0.01605,0.018528,1.354946,1.572087,0.217141,1.459036,0.148263,0.0,0.0,False,8.913272783476627e-05,1.1065039759261714e-05,1.4334637524563794e-05,1.3771041987830722e-05,0.0001283034471064,ok,False,False
2026-07-06_16-11_proband_01,proband_01,2026-07-06,1783347620256,1783347650256,neutral,neutral,neutral,0.773,face_ambiguous+hrv_ambiguous,proxy,32.55764119219941,78.2451681936735,54.52033507391714,18.421052631578945,39,0.0,ok,-0.6735587542429147,-0.5512286042181106,0.061165075012402,False,-0.1692433535640873,-0.2722161638203977,0.6843266666666666,Neutral,1.0,150,ok,3681,1.45913,1.459247,0.0139,0.016389,1.344019,1.579768,0.235748,1.459196,0.160598,0.0,0.0,False,4.4435075525118295e-05,1.502996470539975e-05,1.947535715321813e-05,1.7641721188376226e-05,9.65821185721124e-05,ok,False,False
2026-07-06_16-11_proband_01,proband_01,2026-07-06,1783347650256,1783347680256,neutral,neutral,activated,0.856,face_ambiguous,proxy,29.370751192998547,79.42548896316643,46.41003842561076,12.82051282051282,40,0.0,ok,-1.2685607169511492,-0.3049762588367029,0.4817922290572232,False,-0.1713414161008729,-0.2797248686931537,0.7285733333333333,Neutral,1.0,150,ok,3517,1.459106,1.456412,0.018252,0.023593,1.338515,1.584601,0.246086,1.45922,0.105233,0.0,0.0,False,0.0001138977663623,1.3207794127364364e-05,1.536641627599859e-05,1.280763084159112e-05,0.0001552796076072,ok,False,False
2026-07-06_16-25_proband_02,proband_02,2026-07-06,1783347961334,1783347991334,negative activated,negative,activated,0.93,clear,proxy,51.360874154743456,67.47593689015314,73.84413536622756,42.42424242424242,34,0.0,ok,-1.9767552349884063,0.8495913281183091,1.4131732815533578,False,-0.231,0.16,0.766,Disgust,1.0,1,ok,3396,1.459836,1.458293,0.01668,0.019299,1.357813,1.538133,0.18032,1.459932,0.109573,0.0,0.0,False,9.604782773948244e-05,9.02682529026516e-06,8.98568149247462e-06,7.001470396147831e-06,0.0001210618049183,ok,False,False
2026-07-06_16-25_proband_02,proband_02,2026-07-06,1783347991334,1783348021334,neutral,positive,neutral,0.848,hrv_ambiguous,proxy,86.35602837303043,69.11505624068302,109.57597743419647,45.45454545454545,34,0.0,ok,0.9219767697011564,1.668175092804433,0.3730991615516383,True,-0.0183240162321692,-0.1163946384653222,0.5385430463576159,Sadness,1.0,151,ok,3553,1.457551,1.45711,0.014483,0.016576,1.388878,1.542805,0.153926,1.457623,0.153716,0.0,0.0,False,7.763650891189297e-05,1.721069250235487e-05,1.3077413211866066e-05,7.044387693448163e-06,0.0001149690023195,ok,False,False
2026-07-06_16-25_proband_02,proband_02,2026-07-06,1783348021334,1783348051334,neutral,positive,neutral,0.808,hrv_ambiguous,proxy,69.80844325724503,65.93406593406593,76.89603370785778,31.25,33,0.0,ok,-0.4486991323466265,0.0795738602102871,0.2641364962784568,False,0.2533922258636437,-0.1116763418041154,0.503054054054054,Neutral,1.0,148,ok,3602,1.459059,1.459521,0.015917,0.018715,1.355439,1.533513,0.178074,1.459146,0.159678,0.0,0.0,False,8.976420360078923e-05,1.0064448095619724e-05,8.17849532561947e-06,7.349406897690251e-06,0.0001153565539197,ok,False,False
2026-07-06_16-25_proband_02,proband_02,2026-07-06,1783348081334,1783348111334,positive activated,positive,activated,0.849,clear,proxy,49.994999749974994,74.26239379139626,135.03702083872037,30.55555555555556,37,0.0,ok,-2.0898938663198177,4.238779209588843,3.1643365379543305,False,-0.0898287432091775,-0.1551500923417047,0.4978590604026846,Neutral,1.0,149,ok,3725,1.459688,1.459387,0.013981,0.016579,1.359538,1.552986,0.193447,1.459755,0.162728,0.0,0.0,False,6.381855470303194e-05,9.482787463723016e-06,1.1877365429973906e-05,9.793114460909832e-06,9.497182205763869e-05,ok,False,False
2026-07-06_16-25_proband_02,proband_02,2026-07-06,1783348111334,1783348141334,negative calm,negative,calm,0.839,clear,proxy,77.23794404306733,63.66810433353872,86.91822878213554,50.0,31,0.0,ok,0.1667041195549036,-1.052057815661351,-0.6093809676081273,True,-0.3263666222814025,-0.1229532236587775,0.4625364238410597,Sadness,1.0,151,ok,3561,1.459509,1.458434,0.015609,0.018786,1.34757,1.570895,0.223325,1.459593,0.152247,0.0,0.0,False,8.729046019042563e-05,1.042373990284575e-05,1.0452849935684217e-05,1.012832469055686e-05,0.0001182953747195,ok,False,False
2026-07-06_16-25_proband_02,proband_02,2026-07-06,1783348141334,1783348171334,negative calm,negative,calm,0.835,clear,proxy,93.26064758029923,66.93160426688978,141.0947834018884,51.61290322580645,32,0.0,ok,1.4939028298482375,0.5777491051292698,-0.4580768623594838,True,-0.2902537564342885,-0.0438139783986432,0.4511275167785234,Sadness,1.0,149,ok,3608,1.458524,1.457149,0.015892,0.018799,1.335813,1.56391,0.228097,1.458611,0.127253,0.0,0.0,False,8.759869498401302e-05,1.1729245789076116e-05,1.2692142088493625e-05,1.1924803363682017e-05,0.0001239448862252,ok,False,False
2026-07-06_16-25_proband_02,proband_02,2026-07-06,1783348171334,1783348201334,neutral,positive,neutral,0.832,hrv_ambiguous,proxy,69.77306966158218,66.28280664167113,81.2775943817535,46.875,33,0.0,ok,-0.451629211557858,0.253736578281112,0.352682894919485,False,0.1064127937336814,-0.0411088511749347,0.5039473684210526,Neutral,1.0,152,ok,3534,1.460088,1.458846,0.016668,0.018469,1.356411,1.579966,0.223556,1.460183,0.127654,0.0,0.0,False,8.461511640574644e-05,1.0302050458431255e-05,1.2654591567379153e-05,1.2232240347996878e-05,0.0001198039987795,ok,False,False
2026-07-06_16-25_proband_02,proband_02,2026-07-06,1783348201334,1783348231334,positive calm,positive,calm,0.861,clear,proxy,77.72665780369907,64.15784208892414,57.44122756048929,53.333333333333336,31,0.0,ok,0.207185444776072,-0.8074805215291464,-0.5073329831526092,True,-0.0814502188868042,-0.1338636898061288,0.5365771812080538,Neutral,1.0,149,ok,3693,1.458814,1.459465,0.01366,0.017532,1.35187,1.56347,0.2116,1.458878,0.151138,0.0,0.0,False,5.248852503282015e-05,9.281839594439686e-06,1.2142141663809344e-05,1.0665192547399496e-05,8.457769883846867e-05,ok,False,False
2026-07-06_16-25_proband_02,proband_02,2026-07-06,1783348231334,1783348261334,neutral,neutral,calm,0.481,face_ambiguous,proxy,61.5980728647022,61.73037970613767,45.4678080907871,45.16129032258064,32,0.0,ok,-1.1287836743025192,-2.0197664330418936,-0.4454913793696872,False,-0.1552953849791779,-0.1228399784553539,0.5108791946308725,Neutral,1.0,149,ok,3626,1.458601,1.458662,0.013819,0.017142,1.364394,1.58432,0.219926,1.458666,0.151448,0.0,0.0,False,4.445561138234281e-05,1.0070708590669266e-05,1.0663124257546004e-05,1.122844718006494e-05,7.641789141062302e-05,ok,False,False
2026-07-06_16-25_proband_02,proband_02,2026-07-06,1783348261334,1783348291334,negative calm,negative,calm,0.838,clear,proxy,85.13555367764985,64.7799770979879,84.43294587117548,56.25,33,0.0,ok,0.8208819427332359,-0.4967834281797138,-0.6588326854564749,True,-0.3135629716609626,-0.0739403004310283,0.4594276315789473,Neutral,1.0,152,ok,3602,1.459349,1.458737,0.014429,0.018428,1.343795,1.575851,0.232056,1.45942,0.134407,0.0,0.0,False,5.942280898665296e-05,1.0508796966881246e-05,1.4593315968788996e-05,1.1837495313856684e-05,9.636241723617987e-05,ok,False,False
2026-07-06_16-25_proband_02,proband_02,2026-07-06,1783348291334,1783348321334,negative calm,negative,calm,0.847,clear,proxy,81.35644392266623,64.39495572846793,69.66185608744851,54.83870967741935,32,0.0,ok,0.5078492774769376,-0.689064876168459,-0.5984570768226983,True,-0.2285496211650726,-0.0446104003643439,0.4895878378378379,Neutral,1.0,148,ok,3531,1.459305,1.458062,0.015151,0.016031,1.373455,1.546699,0.173244,1.459383,0.158357,0.0,0.0,False,8.093433610507584e-05,1.0061901413448586e-05,1.0465186087663508e-05,1.002723020486091e-05,0.000111488653811,ok,False,False
2026-07-06_16-25_proband_02,proband_02,2026-07-06,1783348321334,1783348351334,positive calm,positive,calm,0.831,clear,proxy,81.60091713589594,64.45332169592803,114.2821520722202,48.38709677419355,32,0.0,ok,0.5280995762199545,-0.6599166427847314,-0.594008109502343,True,-0.0356804873195892,-0.0580250700215804,0.4355799999999999,Neutral,1.0,150,ok,3656,1.459269,1.45803,0.014024,0.016054,1.351799,1.561853,0.210054,1.459337,0.15513,0.0,0.0,False,5.192815833485762e-05,1.1164023247183213e-05,1.4628728776315984e-05,1.2472173748269942e-05,9.019308410662676e-05,ok,False,False
2026-07-06_16-25_proband_02,proband_02,2026-07-06,1783348351334,1783348381334,neutral,neutral,calm,0.781,face_ambiguous,proxy,108.01417731020312,65.7960322998704,123.88865051841,50.0,33,0.0312,ok,2.7159728496986832,0.0106392265629257,-1.3526668115678788,True,-0.2060449158720855,-0.0477029862907952,0.4663533333333333,Neutral,1.0,150,ok,3524,1.459343,1.460513,0.015573,0.018878,1.336909,1.597442,0.260533,1.459426,0.15782,0.0,0.0,False,6.806696489334072e-05,1.2623176614860851e-05,1.302545687292134e-05,1.19267179105037e-05,0.0001056423162916,ok,False,False
2026-07-06_16-25_proband_02,proband_02,2026-07-06,1783348381334,1783348411334,neutral,neutral,neutral,0.438,face_ambiguous+hrv_ambiguous,proxy,70.66504360075619,66.5234564479246,72.29952817407282,45.16129032258064,32,0.0,ok,-0.3777448849249553,0.3739182016084625,0.3758315432667089,False,-0.1558308530969015,-0.0234313261693662,0.4227682119205297,Neutral,1.0,151,ok,3686,1.459649,1.458745,0.015745,0.017955,1.346498,1.572967,0.226469,1.459733,0.150882,0.0,0.0,False,0.0001007979467637,1.2620073233018638e-05,1.2777420278577144e-05,1.2200300651875856e-05,0.0001383957409272,ok,False,False
2026-07-06_16-25_proband_02,proband_02,2026-07-06,1783348411334,1783348441334,neutral,negative,neutral,0.752,hrv_ambiguous,proxy,73.21284868191657,65.75342465753425,84.59860662223842,33.33333333333333,34,0.0,ok,-0.1667041195549036,-0.0106392265629257,0.0780324464959889,False,-0.2355852504509505,-0.0822761343138615,0.4836912751677852,Neutral,1.0,149,ok,3535,1.458816,1.459348,0.014299,0.018745,1.36143,1.583231,0.221801,1.458886,0.133277,0.0,0.0,False,6.987952278121072e-05,9.105155382902034e-06,1.1353014360474238e-05,1.0853260513899826e-05,0.0001011909530384,ok,False,False
2026-07-06_16-25_proband_02,proband_02,2026-07-06,1783348441334,1783348471334,neutral,neutral,neutral,0.718,face_ambiguous+hrv_ambiguous,proxy,85.63166032490552,68.93670357217464,86.5826260653004,56.25,33,0.0303,ok,0.8619756383680383,1.5791049474350856,0.3585646545335236,True,-0.1220443920503935,-0.0523672108503316,0.5524934210526314,Neutral,1.0,152,ok,3636,1.458781,1.458782,0.014971,0.017115,1.326866,1.567858,0.240991,1.458858,0.166437,0.0,0.0,False,7.603093627181271e-05,1.232254383790529e-05,1.5766897242988492e-05,1.3977051833631585e-05,0.0001180974291863,ok,False,False
2026-07-06_16-25_proband_02,proband_02,2026-07-06,1783348471334,1783348501334,neutral,neutral,calm,0.506,face_ambiguous,proxy,81.51053761284786,65.38841399039607,93.19831764195276,54.83870967741935,32,0.0,ok,0.5206132249841837,-0.1929272374755986,-0.3567702312298912,True,-0.1651677658134307,-0.0639573754610827,0.5403825503355705,Neutral,1.0,149,ok,3624,1.459285,1.459042,0.013441,0.015532,1.354795,1.579765,0.224969,1.459347,0.170301,0.0,0.0,False,5.442914748114556e-05,1.250853788753804e-05,1.3570679266463988e-05,1.2530074852313343e-05,9.303843948746094e-05,ok,False,False
2026-07-06_16-25_proband_02,proband_02,2026-07-06,1783348501334,1783348531334,neutral,negative,neutral,0.774,hrv_ambiguous,proxy,69.32622159039103,64.89250131095962,64.46265362301813,62.5,33,0.0,ok,-0.4886427019718747,-0.440588317162961,0.0240271924044568,False,-0.2780948136728254,-0.0939991568906125,0.5572214765100671,Neutral,1.0,149,ok,3560,1.45945,1.459319,0.014507,0.01581,1.349051,1.567674,0.218623,1.459522,0.151728,0.0,0.0,False,6.403009798404961e-05,1.0015238655549556e-05,1.2699298904469452e-05,1.0236798001233512e-05,9.698143354530212e-05,ok,False,False
2026-07-06_16-25_proband_02,proband_02,2026-07-06,1783348531334,1783348561334,neutral,neutral,activated,0.492,face_ambiguous,proxy,55.21641912670968,69.69566227473366,93.65511556913968,38.23529411764706,35,0.0,ok,-1.6573912585919766,1.9581324244648848,1.807761841528431,False,-0.1624942085403133,-0.1564190389759266,0.5582933333333333,Neutral,1.0,150,ok,3574,1.459355,1.45978,0.014335,0.01554,1.351481,1.571625,0.220144,1.459425,0.15841,0.0,0.0,False,5.002440595134153e-05,1.1610245411252312e-05,1.2740496598274678e-05,1.0476306094090923e-05,8.485145405495945e-05,ok,False,False
2026-07-06_16-39_proband_03,proband_03,2026-07-06,1783348818409,1783348848409,positive activated,positive,activated,0.875,clear,proxy,54.057839394485605,74.39179679646136,57.087454641781655,27.77777777777778,37,0.0,ok,-0.5271484976187123,0.7131489935461197,0.620148745582416,False,0.2848255778049701,0.0171280948732317,0.5829533333333333,Happiness,1.0,150,ok,3529,1.457931,1.458224,0.015302,0.016884,1.335851,1.567806,0.231954,1.458012,0.195011,0.0,0.0,False,4.967633688873362e-05,1.086739216625345e-05,1.4352211853606392e-05,1.6169004920378958e-05,9.106494582897244e-05,ok,False,False
2026-07-06_16-39_proband_03,proband_03,2026-07-06,1783348848409,1783348878409,neutral,positive,neutral,0.841,hrv_ambiguous,proxy,50.34492140336612,72.2962191031361,55.06631274017536,55.55555555555556,37,0.0,ok,-0.761255107242666,-0.2369495192842793,0.2621527939791933,False,0.3122043513966543,0.0379435713401806,0.5848092105263157,Contempt,1.0,152,ok,3617,1.459438,1.459478,0.01449,0.018439,1.310865,1.57943,0.268565,1.45951,0.176162,0.0,0.0,False,4.8805059399662616e-05,1.0791547213484304e-05,1.5778574397502774e-05,1.6006251154759484e-05,9.138143216540918e-05,ok,False,False
2026-07-06_16-39_proband_03,proband_03,2026-07-06,1783348878409,1783348908409,neutral,positive,neutral,0.836,hrv_ambiguous,proxy,63.02969821554643,74.41091360066143,73.25727657665531,42.85714285714285,36,0.0,ok,0.0385444305975731,0.7218162203916835,0.3416358948970551,False,-0.1122360041759102,0.1328782722171473,0.5074834437086092,Neutral,1.0,151,ok,3585,1.458863,1.456648,0.016203,0.01726,1.338625,1.588494,0.249869,1.458953,0.177176,0.0,0.0,False,9.101042046569104e-05,1.0843734686673577e-05,1.3562614693911255e-05,1.3511163544225908e-05,0.0001289279333905,ok,False,False
2026-07-06_16-39_proband_03,proband_03,2026-07-06,1783348908409,1783348938409,neutral,positive,neutral,0.855,hrv_ambiguous,proxy,68.45624254118205,72.69056032306916,88.74212238680279,42.85714285714285,36,0.0,ok,0.3806984714590091,-0.0581620623460366,-0.2194302669025228,False,0.1749759923679137,0.2227427416499469,0.6916734693877551,Disgust,1.0,147,ok,3608,1.458893,1.458809,0.013839,0.014314,1.321785,1.584012,0.262227,1.458959,0.209315,0.0,0.0,False,4.855988648570308e-05,1.1131257929936182e-05,1.3580630400562405e-05,1.4018252176443717e-05,8.729002699264538e-05,ok,False,False
2026-07-06_16-39_proband_03,proband_03,2026-07-06,1783348938409,1783348968409,neutral,neutral,calm,0.569,face_ambiguous,proxy,66.43395659025055,69.8416921644273,53.24658035336853,52.94117647058824,35,0.0,ok,0.2531894586569292,-1.349789382772656,-0.8014894207147927,False,-0.3275454306426774,0.2851659592582855,0.53246,Anger,1.0,150,ok,3619,1.45938,1.459755,0.013366,0.014574,1.339713,1.592255,0.252542,1.459441,0.223881,0.0,0.0,False,4.1054811714562567e-05,9.03637179771695e-06,1.2964420358075047e-05,1.2982153633663688e-05,7.603775750401824e-05,ok,False,False
2026-07-06_16-39_proband_03,proband_03,2026-07-06,1783348968409,1783348998409,neutral,negative,neutral,0.863,hrv_ambiguous,proxy,47.995237859009066,72.5928415392371,43.34412869194041,31.428571428571427,36,0.0,ok,-0.9094071670442262,-0.1024660609475473,0.4034705530483394,False,-0.4413880305602716,0.2438589983022071,0.5497333333333334,Anger,1.0,150,ok,3560,1.459317,1.460334,0.016442,0.017144,1.342734,1.574687,0.231953,1.45941,0.180107,0.0,0.0,False,7.154155580900399e-05,1.0645208339431082e-05,1.4167087937597252e-05,1.4308079522637836e-05,0.0001106619316086,ok,False,False
2026-07-06_16-39_proband_03,proband_03,2026-07-06,1783348998409,1783349028409,negative activated,negative,activated,0.908,clear,proxy,48.19866295978667,72.9471297604574,45.6000862703994,33.33333333333333,37,0.0,ok,-0.8965808237828453,0.0581620623460366,0.4773714430644409,False,-0.4502372541302282,0.2934393833216538,0.6944733333333333,Anger,1.0,150,ok,3558,1.458826,1.459572,0.015552,0.0173,1.337368,1.574153,0.236785,1.458908,0.191735,0.0,0.0,False,7.911452474682924e-05,1.0078481441180898e-05,1.3440882451746162e-05,1.2916475250132149e-05,0.0001155503638898,ok,False,False
2026-07-06_16-39_proband_03,proband_03,2026-07-06,1783349028409,1783349058409,neutral,neutral,neutral,0.45,face_ambiguous+hrv_ambiguous,proxy,66.78879290077683,71.47820907376155,59.01349724548493,51.42857142857142,36,0.0,ok,0.275562569462895,-0.6078210526397724,-0.4416918110513337,False,-0.3529416568686644,0.1281594744033811,0.4195866666666666,Neutral,1.0,150,ok,3674,1.459412,1.459271,0.014391,0.016118,1.349318,1.589239,0.239921,1.459482,0.177784,0.0,0.0,False,6.310950743121626e-05,9.33184962556004e-06,1.1500951748806885e-05,1.2775394629838734e-05,9.671770343542192e-05,ok,False,False
2026-07-06_16-39_proband_03,proband_03,2026-07-06,1783349058409,1783349088409,neutral,neutral,neutral,0.454,face_ambiguous+hrv_ambiguous,proxy,61.80707310425147,72.97050775311645,63.47839902563031,51.42857142857142,36,0.0,ok,-0.0385444305975731,0.0687612379953433,0.0536528342964582,False,-0.3352697886692768,0.4019260224538894,0.5615629139072847,Disgust,1.0,151,ok,3560,1.458923,1.458562,0.015269,0.016162,1.343557,1.564773,0.221216,1.459003,0.210452,0.0,0.0,False,6.98813435954221e-05,1.1916918232333946e-05,1.6175696400337018e-05,1.7039060732660634e-05,0.0001150130189607,ok,False,False
2026-07-06_16-39_proband_03,proband_03,2026-07-06,1783349088409,1783349118409,neutral,neutral,calm,0.46,face_ambiguous,proxy,77.73361104254893,71.78464606181456,88.62747074935949,54.285714285714285,36,0.0,ok,0.9656543717190652,-0.4688878469883037,-0.7172711093536845,True,-0.3482815627948004,0.3424296215527485,0.533483660130719,Disgust,1.0,153,ok,3301,1.458326,1.457981,0.015122,0.016772,1.344617,1.57745,0.232834,1.458404,0.182727,0.0,0.0,False,6.567588164974595e-05,1.1760551198201529e-05,1.7043543748595062e-05,1.5326974715407503e-05,0.0001098069513119,ok,False,False
2026-07-06_16-39_proband_03,proband_03,2026-07-06,1783349118409,1783349148409,negative calm,negative,calm,0.837,clear,proxy,104.95847393136012,67.76644534191252,79.89874036629871,75.0,33,0.0,ok,2.682234259457144,-2.2906702320522774,-2.4864522457547107,True,-0.4660831718586974,0.1594430317483977,0.4563945578231291,Anger,1.0,147,ok,3595,1.460043,1.459296,0.01459,0.013717,1.346197,1.565471,0.219274,1.460116,0.20562,0.0,0.0,False,3.593477051776927e-05,1.2348392778790444e-05,1.616763654958756e-05,1.6939530867246624e-05,8.13903307133939e-05,ok,False,False
2026-07-06_16-39_proband_03,proband_03,2026-07-06,1783349148409,1783349178409,negative calm,negative,calm,0.854,clear,proxy,83.83515571246548,67.22467541026825,83.27545940454145,57.57575757575758,34,0.0,ok,1.350368480557377,-2.536299305119315,-1.943333892838346,True,-0.4538310129558039,0.107453139692822,0.5138791946308725,Anger,1.0,149,ok,3612,1.459208,1.4595,0.013036,0.012709,1.344615,1.585142,0.240527,1.459266,0.2365,0.0,0.0,False,3.1412086196519564e-05,1.100642810295868e-05,1.4683333264696436e-05,1.4531881732250949e-05,7.163372929642563e-05,ok,False,False
2026-07-06_16-39_proband_03,proband_03,2026-07-06,1783349178409,1783349208409,negative calm,negative,calm,0.88,clear,proxy,56.896190299423694,69.71417189522955,50.09927958689676,44.11764705882353,35,0.0,ok,-0.3481850222962236,-1.407604857000318,-0.5297099173520471,False,-0.4243910763773417,0.2039726859549938,0.6014,Anger,1.0,150,ok,3573,1.458452,1.459054,0.014888,0.015273,1.320225,1.57817,0.257945,1.458528,0.216125,0.0,0.0,False,5.59093141460257e-05,1.2357910957791604e-05,1.7223893766947002e-05,1.8769395484824095e-05,0.0001042605143555,ok,False,False
2026-07-06_16-39_proband_03,proband_03,2026-07-06,1783349208409,1783349238409,neutral,neutral,activated,0.633,face_ambiguous,proxy,44.54818223609736,75.7903134660772,57.49419539011036,29.72972972972973,38,0.0,ok,-1.126750643790862,1.3472121505470385,1.2369813971689505,False,-0.3817360063721271,0.1506822929379873,0.5189266666666666,Anger,1.0,150,ok,3533,1.458687,1.458234,0.013437,0.012407,1.339701,1.561689,0.221988,1.458749,0.250566,0.0,0.0,False,3.4270249586481564e-05,1.1333314872729124e-05,1.4171490071698296e-05,1.46160029942253e-05,7.439105752513427e-05,ok,False,False
2026-07-06_16-39_proband_03,proband_03,2026-07-06,1783349238409,1783349268409,neutral,neutral,neutral,0.737,face_ambiguous+hrv_ambiguous,proxy,72.72360154875598,73.86703932920743,84.52962946954315,47.22222222222222,37,0.0,ok,0.6497636519183698,0.4752330762204892,-0.0872652878489403,False,-0.4228706646708494,0.1525693493423357,0.4186533333333333,Anger,1.0,150,ok,3599,1.459002,1.458409,0.013829,0.013942,1.339823,1.590538,0.250715,1.459067,0.207893,0.0,0.0,False,3.805108840582192e-05,1.1783087575548529e-05,1.6009790898910442e-05,1.5276753394977505e-05,8.112072027525839e-05,ok,False,False
2026-07-06_16-39_proband_03,proband_03,2026-07-06,1783349268409,1783349298409,neutral,negative,neutral,0.739,hrv_ambiguous,proxy,67.86485753973767,73.19726993966171,71.65731135250799,55.55555555555556,37,0.0,ok,0.3434105114227959,0.1715712730940413,-0.0859196191643772,False,-0.5142287303239236,0.2253185247820996,0.4099733333333333,Anger,1.0,150,ok,3613,1.460035,1.45992,0.01444,0.01502,1.326698,1.572823,0.246125,1.460106,0.207918,0.0,0.0,False,5.8884234076868966e-05,1.1656953386723445e-05,1.3806215432707131e-05,1.3994532152592268e-05,9.834193504889182e-05,ok,False,False
2026-07-06_16-39_proband_03,proband_03,2026-07-06,1783349298409,1783349328409,positive calm,positive,calm,0.831,clear,proxy,76.79728855507703,71.41642577792892,85.31710498699158,58.82352941176471,35,0.0,ok,0.9066174407712256,-0.6358325254070707,-0.7712249830891482,True,0.1911901003976294,0.03455058730328,0.4375933333333333,Neutral,1.0,150,ok,3595,1.458617,1.459178,0.013697,0.014021,1.30206,1.567484,0.265424,1.458681,0.218141,0.0,0.0,False,4.356024853607799e-05,1.1402854438892752e-05,1.344028101629432e-05,1.4013679885458946e-05,8.2417063876724e-05,ok,False,False
2026-07-06_16-39_proband_03,proband_03,2026-07-06,1783349328409,1783349358409,neutral,neutral,activated,0.823,face_ambiguous,proxy,51.32882863117615,75.41428240664176,54.04629620716538,43.24324324324324,38,0.0,ok,-0.6992178670348206,1.176726202216135,0.937972034625478,False,-0.2757718896662924,0.0593283809852869,0.4630799999999999,Neutral,1.0,150,ok,3600,1.459926,1.4595,0.015403,0.017122,1.326797,1.580588,0.253791,1.460008,0.189219,0.0,0.0,False,6.544427369728302e-05,1.0822530983163895e-05,1.2321169138615338e-05,1.3205681549170192e-05,0.0001017936553682,ok,False,False
2026-07-06_16-39_proband_03,proband_03,2026-07-06,1783349358409,1783349388409,positive activated,positive,activated,0.851,clear,proxy,26.58294681227967,100.41504886865712,112.8099792951467,14.285714285714285,50,0.0,ok,-2.2594932376820944,12.511639296031946,7.385566266857021,False,-0.1519641827368198,0.1612900034388805,0.5040399999999999,Anger,1.0,150,ok,3580,1.45865,1.458136,0.015321,0.015712,1.337559,1.601672,0.264113,1.45873,0.192512,0.0,0.0,False,6.077485542533207e-05,1.309499935159756e-05,1.952259156553853e-05,1.6759783493062454e-05,0.0001101522298355,ok,False,False
2026-07-06_16-54_proband_04,proband_04,2026-07-06,1783349700563,1783349730563,positive calm,positive,calm,0.869,clear,proxy,17.241771617922275,123.20328542094455,43.84585517917791,3.278688524590164,62,0.0484,ok,5.1452511148417885,2.8608901263064617,-1.1421804942676634,True,0.0877737689958937,-0.158103651189181,0.6678046874999999,Neutral,0.8421,152,ok,3602,1.459903,1.459312,0.015173,0.015715,1.344011,1.578541,0.23453,1.459982,0.193002,0.0,0.0,False,3.5949648959564856e-05,4.340833323662254e-05,3.0097144486224e-05,1.35819647588294e-05,0.0001230370914412,ok,False,False
2026-07-06_16-54_proband_04,proband_04,2026-07-06,1783349730563,1783349760563,positive activated,positive,activated,0.914,clear,proxy,4.43902219331993,127.49331688258276,12.96319485857174,0.0,62,0.0,ok,-2.7248769803490585,3.961373532123608,3.343125256236333,True,-0.0080480554843973,-0.1696413628212791,0.7121554054054055,Neutral,1.0,148,ok,3593,1.458877,1.457739,0.013324,0.013067,1.347574,1.571658,0.224085,1.458938,0.206292,0.0,0.0,False,5.406190644205372e-05,1.1935063079713806e-05,1.5006405149156293e-05,1.2758418060754672e-05,9.376179273167848e-05,ok,False,False
2026-07-06_16-54_proband_04,proband_04,2026-07-06,1783349760563,1783349790563,neutral,neutral,activated,0.495,face_ambiguous,proxy,8.962256071899814,119.04368241790948,24.98236100895832,0.0,60,0.0,ok,0.0556531111423086,1.7938643665747904,0.8691056277162409,True,-0.1889097629209123,-0.2447809724122439,0.6486225165562914,Neutral,1.0,151,ok,3602,1.45992,1.459433,0.012778,0.012262,1.336458,1.559316,0.222858,1.459976,0.210219,0.0,0.0,False,2.8955354940565407e-05,1.1140333314740502e-05,1.450037000182483e-05,1.5315363928724743e-05,6.991142218585549e-05,ok,False,False
2026-07-06_16-54_proband_04,proband_04,2026-07-06,1783349790563,1783349820563,positive activated,positive,activated,0.902,clear,proxy,7.804632002968134,116.51265568501408,14.66702413907432,0.0,58,0.0172,ok,-0.6559635429383315,1.1446027133356913,0.9002831281370114,True,0.2011195258185275,-0.0965622536494543,0.67316,Neutral,1.0,150,ok,3594,1.459334,1.45925,0.012534,0.013043,1.350939,1.562168,0.211229,1.459388,0.206513,0.0,0.0,False,3.027516850111977e-05,1.1612187226701802e-05,1.3977889009107776e-05,1.3768449089052532e-05,6.963369382598187e-05,ok,False,False
2026-07-06_16-54_proband_04,proband_04,2026-07-06,1783349820563,1783349850563,neutral,positive,neutral,0.868,hrv_ambiguous,proxy,10.791410725875716,112.27319811541416,15.946246963087969,0.0,56,0.0179,ok,1.1800741987753636,0.0570925757692369,-0.5614908115030633,True,0.0011248447462118,-0.1204837708040076,0.6398410596026489,Neutral,1.0,151,ok,3596,1.459365,1.459086,0.012124,0.011353,1.334249,1.563185,0.228936,1.459415,0.2,0.0,0.0,False,3.619897276762527e-05,1.124294998896668e-05,1.4890018506362483e-05,1.392823113983457e-05,7.6260172402789e-05,ok,False,False
2026-07-06_16-54_proband_04,proband_04,2026-07-06,1783349850563,1783349880563,neutral,negative,neutral,0.798,hrv_ambiguous,proxy,8.170067319184096,108.8817366294597,15.99208349145532,0.0,53,0.0,ok,-0.4313225182847134,-0.8128887099474041,-0.1907830958313453,True,-0.2228057305380573,-0.1544520881245208,0.6081689189189189,Neutral,1.0,148,ok,3600,1.458851,1.458938,0.01311,0.013372,1.337093,1.573815,0.236723,1.45891,0.200056,0.0,0.0,False,3.500432295271583e-05,1.0832671852306804e-05,1.4854006864860484e-05,1.4997415720765764e-05,7.568841739064888e-05,ok,False,False
2026-07-06_16-54_proband_04,proband_04,2026-07-06,1783349880563,1783349910563,positive calm,positive,calm,0.894,clear,proxy,12.387677161378782,113.06279022814456,21.09727008868221,1.818181818181818,56,0.0357,ok,2.161333841123869,0.2596395792571975,-0.9508471309333358,True,-0.1501421304083127,-0.2186360475075068,0.6460733333333334,Neutral,1.0,150,ok,3599,1.45934,1.459345,0.013855,0.01496,1.334352,1.573161,0.238809,1.459406,0.167593,0.0,0.0,False,5.184019158183241e-05,1.122424836270056e-05,1.4120115630977277e-05,1.523165665137286e-05,9.241621222688313e-05,ok,False,False
2026-07-06_16-54_proband_04,proband_04,2026-07-06,1783349910563,1783349940563,positive activated,positive,activated,0.894,clear,proxy,7.010574024154381,112.96340670249546,16.849462220034713,0.0,55,0.0,ok,-1.144088226239839,0.2341456121927555,0.6891169192162973,True,-0.1433877336412466,-0.2087119807829108,0.6466466666666666,Neutral,1.0,150,ok,3601,1.459177,1.458814,0.012992,0.013182,1.327957,1.595367,0.26741,1.459235,0.187778,0.0,0.0,False,3.25453443403384e-05,1.0867816393230558e-05,1.3903745017898875e-05,1.4015743498630532e-05,7.133264925009836e-05,ok,False,False
2026-07-06_16-54_proband_04,proband_04,2026-07-06,1783349940563,1783349970563,neutral,neutral,neutral,0.703,face_ambiguous+hrv_ambiguous,proxy,8.480994795852236,111.94029850746269,20.199009876724155,0.0,56,0.0,ok,-0.24018864629075,-0.0283031835928018,0.105942731348974,True,-0.1662278381066642,-0.2354990719947499,0.6501399999999999,Neutral,1.0,150,ok,3602,1.45979,1.459085,0.013933,0.017672,1.341783,1.570416,0.228632,1.459857,0.15218,0.0,0.0,False,5.282787642890797e-05,1.0984297909364871e-05,1.3305638751731e-05,1.36790724418994e-05,9.079688553190323e-05,ok,False,False
2026-07-06_16-54_proband_04,proband_04,2026-07-06,1783349970563,1783350000563,neutral,positive,neutral,0.823,hrv_ambiguous,proxy,8.807614550721102,112.16096798314186,15.90063844725434,0.0,55,0.0,ok,-0.0394083901140464,0.0283031835928055,0.033855786853426,True,-0.1443253192495664,-0.2216487959167586,0.6721059602649007,Neutral,1.0,151,ok,3596,1.458419,1.45822,0.013256,0.014453,1.34603,1.556284,0.210254,1.458479,0.200556,0.0,0.0,False,3.221869802576816e-05,1.176959392177903e-05,1.5325429010426315e-05,1.5405393980046604e-05,7.471911493802011e-05,ok,False,False
2026-07-06_16-54_proband_04,proband_04,2026-07-06,1783350000563,1783350030563,neutral,neutral,neutral,0.518,face_ambiguous+hrv_ambiguous,proxy,9.346221260587182,109.09812218989684,16.701035271041707,0.0,55,0.0,ok,0.2916848507979153,-0.7573812572284934,-0.5245330540132043,True,-0.1842129392405591,-0.230462496615218,0.6358807947019866,Neutral,1.0,151,ok,3601,1.459254,1.45866,0.012106,0.012318,1.344275,1.589647,0.245372,1.459305,0.1825,0.0,0.0,False,2.387476840486238e-05,9.211132353506453e-06,1.0096886735883203e-05,1.0324844089962651e-05,5.350763158421469e-05,ok,False,False
2026-07-06_16-54_proband_04,proband_04,2026-07-06,1783350030563,1783350060563,neutral,neutral,calm,0.583,face_ambiguous,proxy,9.880049828588144,106.8692028498454,26.965440441967896,0.0,53,0.0,ok,0.6198408641434907,-1.3291460026774315,-0.9744934334104612,True,-0.1974481489307281,-0.2515430767006595,0.5994733333333333,Neutral,1.0,150,ok,3605,1.460107,1.460427,0.011014,0.011324,1.366772,1.557814,0.191043,1.460148,0.258879,0.0,0.0,False,2.4424674403718836e-05,7.881535419386678e-06,9.567244755467196e-06,1.00279847859979e-05,5.190143936457061e-05,ok,False,False
2026-07-06_16-54_proband_04,proband_04,2026-07-06,1783350060563,1783350090563,negative activated,negative,activated,0.88,clear,proxy,6.016643582596529,111.65758341087331,14.670227824256324,0.0,56,0.0179,ok,-1.7550788528108854,-0.1008255590468475,0.827126646882019,True,-0.2266849964685702,-0.2644352403053845,0.5986510067114095,Neutral,1.0,149,ok,3601,1.459047,1.458724,0.012654,0.012495,1.349406,1.578162,0.228756,1.459102,0.218333,0.0,0.0,False,2.6316174522384903e-05,1.0521565652358317e-05,1.6453468524116598e-05,1.5649053628050784e-05,6.89402623269106e-05,ok,False,False
2026-07-06_16-54_proband_04,proband_04,2026-07-06,1783350090563,1783350120563,negative activated,negative,activated,0.881,clear,proxy,6.246402473396117,114.51888903514543,14.350086580783517,0.0,58,0.0,ok,-1.61384107320341,0.6331595845680045,1.1235003288857073,True,-0.2659292046198395,-0.2353728933908779,0.6049194630872483,Neutral,1.0,149,ok,3583,1.459262,1.459076,0.013036,0.014585,1.342139,1.586305,0.244166,1.45932,0.183417,0.0,0.0,False,3.8201774449181646e-05,9.759466681703413e-06,1.3599079164717977e-05,1.3360053699602246e-05,7.492037399520527e-05,ok,False,False
2026-07-06_16-54_proband_04,proband_04,2026-07-06,1783350120563,1783350150563,neutral,negative,neutral,0.816,hrv_ambiguous,proxy,8.935829933686831,109.2601335401632,14.969664176678902,0.0,54,0.0,ok,0.0394083901140475,-0.715821934385186,-0.3776151622496168,True,-0.3206041749782919,-0.2099031001384619,0.564384105960265,Neutral,1.0,151,ok,3602,1.459606,1.459956,0.014015,0.013528,1.327376,1.593367,0.265992,1.459673,0.229658,0.0,0.0,False,5.0869841964635534e-05,1.3343411535291707e-05,2.12194329085855e-05,2.011346032968519e-05,0.0001055461467381,ok,False,False
2026-07-06_16-54_proband_04,proband_04,2026-07-06,1783350150563,1783350180563,neutral,negative,neutral,0.871,hrv_ambiguous,proxy,9.06475655055086,107.22086173803692,16.65467073533985,0.0,54,0.0,ok,0.1186623812645468,-1.2389380929165326,-0.6788002370905397,True,-0.3160190111468235,-0.216232031730835,0.58492,Neutral,1.0,150,ok,3594,1.459192,1.458853,0.01209,0.012981,1.32902,1.567114,0.238094,1.459242,0.198163,0.0,0.0,False,3.428161993262861e-05,9.929052076486658e-06,1.396717960639216e-05,1.3144914466671224e-05,7.132276608217864e-05,ok,False,False
2026-07-06_16-54_proband_04,proband_04,2026-07-06,1783350180563,1783350210563,neutral,negative,neutral,0.787,hrv_ambiguous,proxy,8.571053783693284,111.31349929164138,18.95754604869924,0.0,55,0.0,ok,-0.1848274307482307,-0.1890903810664414,-0.0021314751591053,True,-0.3042750219003679,-0.2084674881738013,0.5707666666666666,Neutral,1.0,150,ok,3601,1.459382,1.459048,0.012946,0.014216,1.34453,1.582279,0.237749,1.459439,0.240556,0.0,0.0,False,3.3702907749589536e-05,9.892541221229352e-06,1.6023312285514192e-05,1.4529648291273252e-05,7.414840954760634e-05,ok,False,False
2026-07-06_16-54_proband_04,proband_04,2026-07-06,1783350210563,1783350240563,neutral,neutral,neutral,0.776,face_ambiguous+hrv_ambiguous,proxy,9.999090867764838,110.17115876450914,18.62420572698441,0.0,56,0.0,ok,0.6930179760148589,-0.4821247807305835,-0.5875713783727212,True,-0.2150185791619327,-0.2519707723495733,0.59852,Neutral,1.0,150,ok,3349,1.459751,1.459542,0.012675,0.012095,1.346037,1.58071,0.234673,1.459806,0.233871,0.0,0.0,False,2.958460456527529e-05,1.2174660763255205e-05,1.8820481791525725e-05,1.7446983622731366e-05,7.802673074278758e-05,ok,False,False
2026-07-06_16-54_proband_04,proband_04,2026-07-06,1783350240563,1783350270563,neutral,neutral,activated,0.832,face_ambiguous,proxy,5.056286951494056,111.23699660109176,14.528328432549465,0.0,54,0.0,ok,-2.3454309290077657,-0.2087149321223138,1.068357998442726,True,-0.2183331630568042,-0.2697345502429279,0.5872799999999999,Neutral,1.0,150,ok,3592,1.459866,1.459135,0.012914,0.01486,1.364369,1.57228,0.20791,1.459923,0.172932,0.0,0.0,False,4.423449784756913e-05,9.132308521683344e-06,1.0921836766287986e-05,1.0664589722271809e-05,7.495323285781227e-05,ok,False,False
2026-07-06_17-20_proband_05,proband_05,2026-07-06,1783351297411,1783351327411,negative activated,negative,activated,0.869,clear,proxy,50.903193761640686,79.3209017534094,47.56198321675272,32.432432432432435,38,0.0,ok,-1.875975797772289,2.098029564314328,1.9870026810433083,False,-0.1411665137182925,-0.1015519671513953,0.562887417218543,Neutral,1.0,151,ok,3593,1.45978,1.459927,0.012354,0.010549,1.364106,1.559202,0.195096,1.459833,0.214087,0.0,0.0,False,2.3618994037204183e-05,3.062001542198376e-05,1.5615430473627368e-05,1.0994959798134725e-05,8.084939973095004e-05,ok,False,False
2026-07-06_17-20_proband_05,proband_05,2026-07-06,1783351327411,1783351357411,neutral,negative,neutral,0.748,hrv_ambiguous,proxy,67.392113557129,68.92357591729171,58.95259281527398,54.54545454545454,34,0.0,ok,-0.0422864748766755,-0.3242186386327078,-0.1409660818780161,False,0.1988309593603346,-0.1551987669102569,0.4844200000000001,Neutral,1.0,150,ok,3357,1.460656,1.461041,0.012316,0.01284,1.351353,1.566482,0.215128,1.460708,0.193981,0.0,0.0,False,3.581125169840717e-05,1.7681015026607504e-05,1.235095792381822e-05,1.39611625627679e-05,7.98043872116008e-05,ok,False,False
2026-07-06_17-20_proband_05,proband_05,2026-07-06,1783351357411,1783351387411,negative calm,negative,calm,0.85,clear,proxy,80.75445034176136,65.81352833638026,74.95943347349062,65.625,33,0.0,ok,1.4437037897869929,-1.0487613992119462,-1.2462325944994694,True,0.2921315740370518,-0.0935941356790617,0.5002,Neutral,1.0,150,ok,3733,1.45956,1.459894,0.014947,0.014379,1.359108,1.566619,0.207512,1.459636,0.17283,0.0,0.0,False,5.59950399912319e-05,4.4957199231698e-05,1.1974106142712166e-05,9.959455596671406e-06,0.0001228858009623,ok,False,False
2026-07-06_17-20_proband_05,proband_05,2026-07-06,1783351387411,1783351417411,neutral,neutral,calm,0.649,face_ambiguous,proxy,71.78331108273008,64.74396703943496,80.32950607002725,46.875,33,0.0,ok,0.4460470313378165,-1.2979353666630629,-0.8719911990004396,False,0.5820370913418119,0.0217533760452193,0.6316711409395973,Happiness,1.0,149,ok,3405,1.459844,1.459485,0.012059,0.013151,1.381043,1.57974,0.198698,1.459893,0.204465,0.0,0.0,False,2.7435046101613047e-05,9.092401894320458e-06,1.3611325118692096e-05,1.2776431572966174e-05,6.291520468759178e-05,ok,False,False
2026-07-06_17-20_proband_05,proband_05,2026-07-06,1783351417411,1783351447411,neutral,neutral,neutral,0.413,face_ambiguous+hrv_ambiguous,proxy,64.2339474110069,67.6714856967087,65.3087944794852,46.875,33,0.0,ok,-0.3934978103614316,-0.615916074544481,-0.1112091320915246,False,0.5411528821089666,-0.0773103740513887,0.5191800000000001,Happiness,1.0,150,ok,3512,1.460149,1.45996,0.0108,0.010281,1.355404,1.57585,0.220446,1.460189,0.214754,0.0,0.0,False,2.318594628562351e-05,8.756345671620299e-06,1.2545904925465144e-05,1.0734858991533254e-05,5.522305587424221e-05,ok,False,False
2026-07-06_17-20_proband_05,proband_05,2026-07-06,1783351447411,1783351477411,neutral,neutral,calm,0.442,face_ambiguous,proxy,94.98437371483796,64.09841372612496,102.01192926379352,40.625,33,0.0,ok,3.026176072899979,-1.4483288791602662,-2.2372524760301227,True,0.5204929384901618,-0.0695750972543271,0.4729866666666667,Happiness,1.0,150,ok,3668,1.459783,1.459667,0.011362,0.01209,1.354914,1.55708,0.202167,1.459827,0.227707,0.0,0.0,False,2.473676179749034e-05,9.842049543777734e-06,1.3772183893467277e-05,1.2545018237014378e-05,6.089601347174973e-05,ok,False,False
2026-07-06_17-20_proband_05,proband_05,2026-07-06,1783351477411,1783351507411,negative calm,negative,calm,0.835,clear,proxy,107.42175446962936,63.48989623156745,99.66961552080213,73.33333333333333,31,0.0323,ok,4.409304414702492,-1.5900942167948269,-2.999699315748659,True,0.1867568983893888,-0.0390184746565608,0.4503466666666667,Neutral,1.0,150,ok,3644,1.459665,1.46038,0.011308,0.010577,1.349597,1.558878,0.209281,1.459709,0.236069,0.0,0.0,False,1.97431028977523e-05,1.004248582872046e-05,1.328141370417597e-05,1.1663859548336544e-05,5.473086197898527e-05,ok,False,False
2026-07-06_17-20_proband_05,proband_05,2026-07-06,1783351507411,1783351537411,neutral,neutral,neutral,0.563,face_ambiguous+hrv_ambiguous,proxy,75.7724922926209,72.46376811594203,66.21755587366808,47.05882352941176,35,0.0,ok,0.8896733623770456,0.5005342186336942,-0.1945695718716757,True,0.5804116681386047,0.0604318146397215,0.6416333333333333,Happiness,1.0,150,ok,3575,1.459688,1.459512,0.011731,0.011079,1.349348,1.580417,0.231069,1.459735,0.217963,0.0,0.0,False,3.361610657150769e-05,1.254417066870316e-05,1.211840483756761e-05,1.1903397865635844e-05,7.018207994341432e-05,ok,False,False
2026-07-06_17-20_proband_05,proband_05,2026-07-06,1783351537411,1783351567411,neutral,neutral,neutral,0.671,face_ambiguous+hrv_ambiguous,proxy,73.41548428862492,69.9873896595208,68.46810484730376,52.77777777777778,37,0.0,ok,0.6275567128625332,-0.0763836697185337,-0.3519701912905335,False,0.6134180804573781,-0.0041615280987481,0.6046556291390728,Happiness,1.0,151,ok,3546,1.459415,1.459505,0.011238,0.011033,1.353559,1.552155,0.198596,1.459458,0.222567,0.0,0.0,False,2.1947731646098536e-05,1.3467995869928648e-05,1.262487771927566e-05,1.0967194575747457e-05,5.90077998110503e-05,ok,False,False
2026-07-06_17-20_proband_05,proband_05,2026-07-06,1783351567411,1783351597411,neutral,neutral,neutral,0.766,face_ambiguous+hrv_ambiguous,proxy,74.14691298956656,70.28347668931356,83.34999609321824,47.05882352941176,35,0.0,ok,0.7088969714125849,-0.0074047527223888,-0.3581508620674868,False,0.3787776902173914,-0.0496514809782608,0.4939597315436241,Contempt,1.0,149,ok,3654,1.459682,1.458815,0.011237,0.01004,1.356896,1.549807,0.192911,1.459725,0.210512,0.0,0.0,False,1.947719404271375e-05,9.679621907255555e-06,1.1237411884136733e-05,1.1659917968176734e-05,5.205414580228278e-05,ok,False,False
2026-07-06_17-20_proband_05,proband_05,2026-07-06,1783351597411,1783351627411,negative calm,negative,calm,0.825,clear,proxy,96.25357136231362,66.36723201716163,136.57551468737438,50.0,33,0.0,ok,3.167320198997139,-0.9197659472199726,-2.043543073108556,True,0.2314450600480384,-0.0879826581265011,0.4163333333333334,Contempt,1.0,150,ok,3623,1.459153,1.458565,0.01088,0.009177,1.353328,1.580372,0.227044,1.459193,0.239094,0.0,0.0,False,1.7210496628080944e-05,8.897292903373457e-06,1.3285692383965716e-05,1.328439752530143e-05,5.267787944072155e-05,ok,False,False
2026-07-06_17-20_proband_05,proband_05,2026-07-06,1783351627411,1783351657411,negative activated,negative,activated,0.836,clear,proxy,45.14759745053502,73.94331012890117,52.709655736001615,27.77777777777778,37,0.0,ok,-2.516040497793428,0.845220731162295,1.6806306144778616,False,0.2799760372590504,-0.0735925011753643,0.4537599999999999,Contempt,1.0,150,ok,3553,1.459465,1.459465,0.013893,0.011761,1.362198,1.56316,0.200962,1.459531,0.220439,0.0,0.0,False,2.694539110748249e-05,5.149473492295079e-05,2.741627270876107e-05,1.1627048404882998e-05,0.000117483447144,ok,False,False
2026-07-06_17-20_proband_05,proband_05,2026-07-06,1783351657411,1783351687411,negative activated,negative,activated,0.85,clear,proxy,63.18553445770545,71.55513152514652,59.91139115323534,44.11764705882353,35,0.0,ok,-0.5100890523771966,0.2888506199971272,0.3994698361871619,False,0.0647129136681024,-0.0677753016399582,0.4983866666666665,Neutral,1.0,150,ok,3514,1.460022,1.459627,0.011076,0.010852,1.348881,1.567195,0.218314,1.460064,0.223456,0.0,0.0,False,2.5647421383265616e-05,8.413451286794576e-06,1.2068309243623947e-05,1.2127509055598216e-05,5.825669096928235e-05,ok,False,False
2026-07-06_17-20_proband_05,proband_05,2026-07-06,1783351687411,1783351717411,neutral,negative,neutral,0.823,hrv_ambiguous,proxy,67.84454549144814,71.11893795719317,85.96406323614086,50.0,35,0.0,ok,0.0080272884011977,0.1872313091506968,0.0896020103747495,False,0.276765006385696,-0.0073167083125104,0.5924013157894737,Neutral,1.0,152,ok,3630,1.459223,1.459319,0.010679,0.009723,1.356354,1.565036,0.208682,1.459262,0.263985,0.0,0.0,False,1.5882761489048766e-05,9.104973289676794e-06,1.560825426106163e-05,1.4891520634601352e-05,5.548750967438854e-05,ok,False,False
2026-07-06_17-20_proband_05,proband_05,2026-07-06,1783351717411,1783351747411,neutral,positive,neutral,0.955,hrv_ambiguous,proxy,67.70017936249715,72.59528130671507,69.52923331746356,40.0,36,0.0,ok,-0.0080272884011977,0.5311726342258289,0.2695999613135133,False,0.728207199593125,0.0886332440801184,0.9033918918918918,Happiness,1.0,148,ok,3636,1.459097,1.458848,0.009997,0.009334,1.357672,1.547763,0.190092,1.459131,0.215131,0.0,0.0,False,1.4279658456227985e-05,8.02061105025084e-06,1.1541060124037756e-05,1.050274939271945e-05,4.434407902323604e-05,ok,False,False
2026-07-06_17-20_proband_05,proband_05,2026-07-06,1783351747411,1783351777411,neutral,positive,neutral,0.919,hrv_ambiguous,proxy,65.36953778778182,70.34704542409219,123.28908434783564,44.11764705882353,35,0.0,ok,-0.267211796789763,0.0074047527223921,0.1373082747560775,False,0.7306121426577435,0.089198353716963,0.8777549668874172,Happiness,1.0,151,ok,3489,1.459836,1.459634,0.010489,0.008517,1.360833,1.572655,0.211823,1.459873,0.278956,0.0,0.0,False,1.0621759615328557e-05,7.881102156099933e-06,1.328364993198902e-05,1.2552290458688612e-05,4.433880216210612e-05,ok,False,False
2026-07-06_17-20_proband_05,proband_05,2026-07-06,1783351777411,1783351807411,positive activated,positive,activated,0.935,clear,proxy,52.44791496126213,77.52728756503112,77.60794803924415,24.324324324324326,38,0.0263,ok,-1.7041914234331417,1.6801741644683754,1.6921827939507583,False,0.6794452721621412,0.0711620728334489,0.7838053691275169,Happiness,1.0,149,ok,3686,1.460413,1.460005,0.015922,0.009827,1.355051,1.606656,0.251606,1.460499,0.268657,0.0,0.0,False,4.100819777323639e-05,5.995712824529041e-05,3.826437186991915e-05,1.5308367401274046e-05,0.0001545380652897,ok,False,False
2026-07-06_17-20_proband_05,proband_05,2026-07-06,1783351807411,1783351837411,neutral,neutral,neutral,0.707,face_ambiguous+hrv_ambiguous,proxy,69.4988362153937,69.54333211908468,83.78652345458093,41.17647058823529,35,0.0,ok,0.19199660082967,-0.1798350375298653,-0.1859158191797676,False,0.6315304120719676,0.0653297156123041,0.684635761589404,Happiness,1.0,151,ok,3588,1.459566,1.459038,0.013706,0.01012,1.397101,1.670251,0.27315,1.459631,0.241985,0.0,0.0,False,1.5406079354624262e-05,7.604955981341998e-05,3.5724904049951286e-05,7.442503693847295e-06,0.0001346230469118,ok,False,False
2026-07-06_17-20_proband_05,proband_05,2026-07-06,1783351837411,1783351867411,neutral,neutral,activated,0.857,face_ambiguous,proxy,62.0165876428004,73.46189164370982,84.91823798723772,28.57142857142857,36,0.0,ok,-0.6400845475406054,0.7330654444087094,0.6865749959746574,False,0.6554632640521219,0.0466132996518058,0.6881140939597316,Happiness,1.0,149,ok,3574,1.459988,1.459931,0.010478,0.008879,1.348732,1.568591,0.219859,1.460025,0.267003,0.0,0.0,False,1.521808477530376e-05,1.2022791507393466e-05,1.5728571201319604e-05,1.4085128738276477e-05,5.70545762222933e-05,ok,False,False
2026-07-06_17-33_proband_06,proband_06,2026-07-06,1783352047625,1783352077625,positive activated,positive,activated,0.847,clear,proxy,137.3898489271871,69.92541289291422,136.03069352110182,52.94117647058824,35,0.0294,ok,3.9716796088632726,6.409831883254297,1.219076137195512,True,0.244,-0.058,0.489,Neutral,1.0,1,ok,3396,1.460235,1.460408,0.011481,0.011516,1.337261,1.578009,0.240748,1.46028,0.193225,0.0,0.0,False,2.1942681509828813e-05,3.269322889273916e-05,1.4462088125698634e-05,1.0435553710088938e-05,7.953355223835553e-05,ok,False,False
2026-07-06_17-33_proband_06,proband_06,2026-07-06,1783352077625,1783352107625,positive calm,positive,calm,0.854,clear,proxy,101.65013526798673,51.3083632632119,83.41912250797175,70.83333333333334,25,0.0,ok,2.0003483623414136,-1.799252393340821,-1.8998003778411172,True,0.2410793123299142,-0.0749524937199079,0.5129664429530201,Neutral,1.0,149,ok,3770,1.459456,1.459139,0.010828,0.009536,1.341455,1.564837,0.223382,1.459496,0.244097,0.0,0.0,False,1.5732078065545582e-05,9.709671356671092e-06,1.1971377848477708e-05,1.236547486133579e-05,4.977860213203017e-05,ok,False,False
2026-07-06_17-33_proband_06,proband_06,2026-07-06,1783352107625,1783352137625,positive calm,positive,calm,0.868,clear,proxy,95.0107281391868,53.731343283582085,77.45023215935807,61.53846153846154,27,0.0,ok,1.6341319215442178,-0.7308528572515455,-1.1824923893978816,True,0.661110403896608,-0.0573315528783368,0.5591907894736842,Happiness,1.0,152,ok,3468,1.45957,1.45927,0.011017,0.010048,1.352467,1.562187,0.20972,1.459612,0.252668,0.0,0.0,False,1.7742568729245922e-05,9.75031117334626e-06,1.4822143741841632e-05,1.4013749248827372e-05,5.632877289326119e-05,ok,False,False
2026-07-06_17-33_proband_06,proband_06,2026-07-06,1783352137625,1783352167625,positive calm,positive,calm,0.829,clear,proxy,75.1849002843605,54.27499329938354,58.93044816389674,53.84615384615385,27,0.0,ok,0.5405788418786951,-0.4911334126857332,-0.5158561272822142,True,0.3457021521966119,-0.0667838296943912,0.4306510067114094,Contempt,1.0,149,ok,3697,1.45958,1.458934,0.010773,0.009098,1.345729,1.586613,0.240884,1.45962,0.270563,0.0,0.0,False,1.5920801996597662e-05,8.915955299701721e-06,1.529581022338008e-05,1.4534392997210468e-05,5.466696051688992e-05,ok,False,False
2026-07-06_17-33_proband_06,proband_06,2026-07-06,1783352167625,1783352197625,positive calm,positive,calm,0.832,clear,proxy,76.41903928483654,50.995112968340536,50.99268205525578,60.86956521739131,24,0.0,ok,0.6086514850282407,-1.937378365039616,-1.2730149250339284,True,0.2653406127473329,-0.0056597063919029,0.4416241610738254,Contempt,1.0,149,ok,3637,1.459377,1.459032,0.010819,0.007997,1.333932,1.592095,0.258163,1.459417,0.268152,0.0,0.0,False,1.1257904339800511e-05,9.829554452870012e-06,1.5540937376374567e-05,1.4714166368699784e-05,5.134256253774488e-05,ok,False,False
2026-07-06_17-33_proband_06,proband_06,2026-07-06,1783352227625,1783352257625,neutral,neutral,calm,0.699,face_ambiguous,proxy,69.2906920155947,52.12510024057738,63.196786675857545,44.0,26,0.0,ok,0.2154660823159345,-1.4391167750574647,-0.8272914286866997,False,-0.1125303169877917,-0.0982922803921378,0.6875133333333334,Neutral,1.0,150,ok,3604,1.459305,1.459048,0.011051,0.009795,1.33935,1.578601,0.239251,1.459346,0.266167,0.0,0.0,False,1.347797863484339e-05,1.01913008626368e-05,1.4163540010305584e-05,1.4670496042741576e-05,5.250331555052735e-05,ok,False,False
2026-07-06_17-33_proband_06,proband_06,2026-07-06,1783352257625,1783352287625,neutral,neutral,neutral,0.593,face_ambiguous+hrv_ambiguous,proxy,52.4523593368306,56.08561113976277,62.456487316225,25.0,29,0.0,ok,-0.71330272835507,0.3072484329889944,0.5102755806720323,False,-0.0332514162420235,-0.0769661846393977,0.7212913907284768,Neutral,1.0,151,ok,3598,1.459185,1.458543,0.010643,0.0093,1.348298,1.554699,0.206401,1.459224,0.248818,0.0,0.0,False,1.4269537120766782e-05,8.75547444721777e-06,1.4436114363514115e-05,1.4013342091804822e-05,5.147446802330349e-05,ok,False,False
2026-07-06_17-33_proband_06,proband_06,2026-07-06,1783352287625,1783352317625,neutral,neutral,activated,0.661,face_ambiguous,proxy,51.32070551750838,58.1274652273199,46.3883423596738,40.74074074074074,28,0.0,ok,-0.7757224935369716,1.2075926131175378,0.9916575533272548,False,-0.0327714655156375,-0.0946952315391914,0.7166533333333333,Neutral,1.0,150,ok,3598,1.459573,1.45954,0.01134,0.009703,1.356552,1.558439,0.201887,1.459617,0.257993,0.0,0.0,False,1.715960762096536e-05,9.58701949150414e-06,1.3393112954879728e-05,1.2429785880941072e-05,5.2569525948290295e-05,ok,False,False
2026-07-06_17-33_proband_06,proband_06,2026-07-06,1783352317625,1783352347625,neutral,neutral,neutral,0.528,face_ambiguous+hrv_ambiguous,proxy,44.617717789469474,54.46234641942491,59.416329948510494,25.925925925925924,28,0.0,ok,-1.1454459132413728,-0.4085210985707786,0.3684624073352971,False,-0.0911996289731556,-0.0793471856144443,0.7307852348993289,Neutral,1.0,149,ok,3596,1.459377,1.458867,0.011277,0.009195,1.34774,1.555944,0.208205,1.45942,0.263143,0.0,0.0,False,1.4317574744326456e-05,8.872757742115716e-06,1.4674206827628516e-05,1.4159706839867364e-05,5.2024246153938055e-05,ok,False,False
2026-07-06_17-33_proband_06,proband_06,2026-07-06,1783352347625,1783352377625,neutral,neutral,calm,0.676,face_ambiguous,proxy,68.8526855517801,54.95996743113041,67.52652744538186,34.61538461538461,27,0.0,ok,0.1913065203079721,-0.1890978868295596,-0.1902022035687659,False,-0.1071733494092114,-0.0574582300458162,0.6865894039735099,Neutral,1.0,151,ok,3559,1.459139,1.45857,0.011025,0.008814,1.352403,1.582421,0.230018,1.459181,0.261383,0.0,0.0,False,1.555081599109394e-05,1.0468340370726704e-05,1.4500532955194932e-05,1.474895627259916e-05,5.526864558961473e-05,ok,False,False
2026-07-06_17-33_proband_06,proband_06,2026-07-06,1783352377625,1783352407625,neutral,negative,neutral,0.855,hrv_ambiguous,proxy,33.573111952183496,54.28226779252111,51.90079293895525,7.6923076923076925,27,0.037,ok,-1.7546443192547547,-0.4879257654793483,0.6333592768877032,False,-0.1967086080703327,-0.0561236903313915,0.6290335570469798,Neutral,1.0,149,ok,3633,1.4592,1.459135,0.010525,0.008975,1.369444,1.581108,0.211664,1.459238,0.262115,0.0,0.0,False,1.3225416246041247e-05,9.236168320725494e-06,1.5044807119222137e-05,1.517461385982932e-05,5.268100554581819e-05,ok,False,False
2026-07-06_17-33_proband_06,proband_06,2026-07-06,1783352407625,1783352437625,neutral,negative,neutral,0.788,hrv_ambiguous,proxy,48.42083149923102,54.95251017639077,56.40833524312063,26.923076923076923,27,0.0,ok,-0.9356737544149514,-0.1923861217457993,0.371643816334576,False,-0.2348824109372946,-0.0507371280837824,0.60856,Neutral,1.0,150,ok,3569,1.459509,1.459089,0.010956,0.009201,1.353869,1.569632,0.215763,1.45955,0.252803,0.0,0.0,False,1.3519617625830828e-05,1.0443819225136257e-05,1.4481226358950866e-05,1.4797327617944332e-05,5.324199082786228e-05,ok,False,False
2026-07-06_17-33_proband_06,proband_06,2026-07-06,1783352437625,1783352467625,negative calm,negative,calm,0.879,clear,proxy,76.909037180295,56.81626027258277,89.07611482773726,40.74074074074074,28,0.0,ok,0.6356787905981204,0.6294240960097988,-0.0031273472941608,True,-0.214300225008036,-0.0640221793635487,0.5974768211920529,Neutral,1.0,151,ok,3633,1.459363,1.459252,0.010528,0.007793,1.338583,1.559319,0.220736,1.459401,0.308095,0.0,0.0,False,9.998292196560924e-06,9.205261005581428e-06,1.5032564908187512e-05,1.4042119904832076e-05,4.8278238015161936e-05,ok,False,False
2026-07-06_17-33_proband_06,proband_06,2026-07-06,1783352467625,1783352497625,neutral,negative,neutral,0.779,hrv_ambiguous,proxy,53.90320542932077,55.817662303143074,47.92735905546795,25.925925925925924,28,0.0357,ok,-0.6332769546935135,0.1890978868295565,0.411187420761535,False,-0.2448112289601107,-0.0288702444085773,0.5782666666666665,Neutral,1.0,150,ok,3548,1.45955,1.459189,0.010747,0.009253,1.348869,1.568091,0.219222,1.45959,0.246405,0.0,0.0,False,1.5851491345940288e-05,8.646080251513449e-06,1.2169226132716136e-05,1.289555922399112e-05,4.956235695416099e-05,ok,False,False
2026-07-06_17-33_proband_06,proband_06,2026-07-06,1783352497625,1783352527625,neutral,neutral,neutral,0.479,face_ambiguous+hrv_ambiguous,proxy,61.91601240868627,57.02066999287241,72.86447338368323,33.33333333333333,28,0.0,ok,-0.1913065203079721,0.7195574229433918,0.4554319716256819,False,-0.0905669161881749,-0.0164929689738064,0.5388389261744967,Neutral,1.0,149,ok,3646,1.45914,1.459069,0.010463,0.007997,1.37531,1.587846,0.212537,1.459178,0.289438,0.0,0.0,False,9.649019566529178e-06,8.083852163829864e-06,1.3468711176645416e-05,1.3506431087383547e-05,4.470801399438801e-05,ok,False,False
2026-07-06_17-33_proband_06,proband_06,2026-07-06,1783352527625,1783352557625,neutral,neutral,neutral,0.618,face_ambiguous+hrv_ambiguous,proxy,54.12468458551496,56.749087961086346,60.19465778120866,33.33333333333333,28,0.0,ok,-0.6210606066493672,0.599804839624076,0.6104327231367217,False,-0.1123523080803834,-0.0330837107061777,0.5550066666666666,Neutral,1.0,150,ok,3609,1.4595,1.459238,0.010446,0.007914,1.344028,1.569267,0.225239,1.459537,0.289634,0.0,0.0,False,1.0567187105145964e-05,9.884748991038843e-06,1.445292765966394e-05,1.4519008548279248e-05,4.9423872304128e-05,ok,False,False
2026-07-06_17-33_proband_06,proband_06,2026-07-06,1783352557625,1783352587625,neutral,neutral,activated,0.554,face_ambiguous,proxy,43.529045220149015,56.27198124267292,50.40328105134368,25.925925925925924,28,0.0,ok,-1.2054949184907526,0.3894272911785462,0.7974611048346494,False,-0.0437655617392645,-0.0288657378250196,0.5152516556291391,Neutral,1.0,151,ok,3568,1.459045,1.459369,0.010501,0.008128,1.35689,1.584124,0.227234,1.459082,0.287917,0.0,0.0,False,1.0626321528333016e-05,8.611937862970186e-06,1.5453021589448974e-05,1.631627756643946e-05,5.1007558547191633e-05,ok,False,False
2026-07-06_17-33_proband_06,proband_06,2026-07-06,1783352587625,1783352617625,neutral,negative,neutral,0.856,hrv_ambiguous,proxy,68.9720440261332,59.06915164477034,96.43934258397636,28.57142857142857,29,0.0,ok,0.1978900954387954,1.6228239906308828,0.7124669475960437,False,-0.2197013401097978,-0.0032577014360031,0.5599060402684565,Neutral,1.0,149,ok,3449,1.459562,1.459653,0.011328,0.008182,1.33062,1.57747,0.246851,1.459605,0.304524,0.0,0.0,False,9.786144817449303e-06,8.704885616499294e-06,1.581374387340645e-05,1.502530838819016e-05,4.933008269554521e-05,ok,False,False
2026-07-06_17-33_proband_06,proband_06,2026-07-06,1783352617625,1783352647625,positive activated,positive,activated,0.794,clear,proxy,59.52782962615049,64.22732580770729,181.9954420008669,21.875,33,0.0,ok,-0.32303391427959,3.8972921399421394,2.1101630271108647,False,0.0570654329024458,-0.0102519668929601,0.5323267326732674,Neutral,0.6733,150,ok,3652,1.459565,1.459258,0.010826,0.008941,1.318259,1.565563,0.247304,1.459605,0.251986,0.0,0.0,False,1.2239311267807886e-05,1.8437972614010865e-05,1.32913333900473e-05,1.312855083299497e-05,5.709716810486102e-05,ok,False,False
2026-07-06_17-49_proband_07,proband_07,2026-07-06,1783353037782,1783353067782,positive calm,positive,calm,0.874,clear,proxy,62.44197306299666,68.42923794712286,79.62429534439165,31.25,33,0.0,ok,2.048156346930724,-0.8491501894436095,-1.4486532681871664,False,0.5253257327492036,-0.1389944691664654,0.5797800000000001,Happiness,1.0,150,ok,3603,1.459919,1.459904,0.007921,0.007269,1.386259,1.526609,0.14035,1.45994,0.265408,0.0,0.0,False,6.674518075174763e-06,6.841565925885239e-06,7.556965579176492e-06,6.166368380668042e-06,2.723941796090453e-05,suspect_lowamp,False,True
2026-07-06_17-49_proband_07,proband_07,2026-07-06,1783353067782,1783353097782,neutral,positive,neutral,0.92,hrv_ambiguous,proxy,47.3255309780349,69.05169012232014,87.7638447025584,29.411764705882355,35,0.0,ok,0.3885497494764249,-0.6168618848025018,-0.5027058171394634,False,0.72548087043726,-0.138334161645027,0.7462185430463576,Happiness,1.0,151,ok,3600,1.460167,1.459836,0.009836,0.008205,1.363407,1.565209,0.201802,1.460201,0.262573,0.0,0.0,False,1.2005062476814749e-05,8.375140757304858e-06,1.2889229032228233e-05,1.09732470727001e-05,4.424267933904794e-05,ok,False,False
2026-07-06_17-49_proband_07,proband_07,2026-07-06,1783353097782,1783353127782,positive calm,positive,calm,0.908,clear,proxy,67.46503724152237,68.65226587150238,115.71934930265684,37.5,33,0.0,ok,2.599629398807845,-0.7659200546540176,-1.6827747267309314,False,0.6894746846379817,-0.0857417391471305,0.69444,Happiness,1.0,150,ok,3592,1.460115,1.459858,0.00912,0.008018,1.358822,1.549078,0.190255,1.460143,0.246171,0.0,0.0,False,1.10309755330872e-05,7.624208145204547e-06,9.652456960239776e-06,8.309284941716961e-06,3.661692558024849e-05,ok,False,False
2026-07-06_17-49_proband_07,proband_07,2026-07-06,1783353127782,1783353157782,neutral,neutral,calm,0.804,face_ambiguous,proxy,58.02127842438496,68.74283928757421,84.00835321020708,34.375,33,0.0,ok,1.562816347853197,-0.7321196341506886,-1.1474679910019427,False,0.2851865321570405,-0.0752033636290945,0.4969403973509934,Contempt,1.0,151,ok,3560,1.459839,1.459659,0.008995,0.008368,1.367199,1.547431,0.180232,1.459867,0.234897,0.0,0.0,False,1.4497729914016476e-05,7.871326674164585e-06,1.0137228391106598e-05,8.782222231658504e-06,4.128850721094616e-05,ok,False,False
2026-07-06_17-49_proband_07,proband_07,2026-07-06,1783353157782,1783353187782,neutral,positive,neutral,0.882,hrv_ambiguous,proxy,32.69691476720881,69.93239868127478,72.2228926206047,14.705882352941178,35,0.0,ok,-1.217499335265945,-0.2881967982395923,0.4646512685131763,False,0.4868824090294255,0.026488602346054,0.609418918918919,Contempt,1.0,148,ok,3606,1.460113,1.460182,0.008652,0.007856,1.375759,1.552654,0.176896,1.460138,0.276283,0.0,0.0,False,8.519554143053446e-06,6.536003765446772e-06,8.745406258138067e-06,8.259211211071614e-06,3.20601753777099e-05,ok,False,False
2026-07-06_17-49_proband_07,proband_07,2026-07-06,1783353187782,1783353217782,neutral,neutral,activated,0.554,face_ambiguous,proxy,29.037414288662628,70.75935268295879,51.55354744310282,8.571428571428571,36,0.0,ok,-1.619269216263559,0.0204080243019589,0.8198386202827588,False,-0.0550827512184822,0.0559037882920134,0.3788866666666666,Neutral,1.0,150,ok,3636,1.459494,1.459183,0.00892,0.008178,1.366151,1.545003,0.178852,1.459521,0.232737,0.0,0.0,False,9.894421416495743e-06,7.165678021158865e-06,1.0317465440055629e-05,8.871055614789717e-06,3.624862049249996e-05,ok,False,False
2026-07-06_17-49_proband_07,proband_07,2026-07-06,1783353217782,1783353247782,neutral,neutral,neutral,0.375,face_ambiguous+hrv_ambiguous,proxy,53.672818340119136,73.00750354897586,81.29224176653373,28.57142857142857,36,0.0,ok,1.0854068487096364,0.85937875017183,-0.1130140492689032,False,0.0098294083962635,0.0675702730754088,0.3725466666666666,Contempt,1.0,150,ok,3547,1.459545,1.459237,0.008552,0.00755,1.389338,1.548251,0.158913,1.45957,0.259447,0.0,0.0,False,9.830569877751633e-06,7.265675045821156e-06,8.747828414314726e-06,7.120258644181658e-06,3.296433198206917e-05,ok,False,False
2026-07-06_17-49_proband_07,proband_07,2026-07-06,1783353247782,1783353277782,neutral,neutral,neutral,0.339,face_ambiguous+hrv_ambiguous,proxy,47.34852007128815,71.40428425705542,66.72929131444249,32.35294117647059,35,0.0286,ok,0.3910736800824597,0.2610852488757927,-0.0649942156033334,False,0.0411645422418219,-0.0088341287341045,0.4385033112582781,Neutral,1.0,151,ok,3632,1.460351,1.460401,0.008016,0.006806,1.380966,1.543026,0.16206,1.460373,0.285045,0.0,0.0,False,6.009353531939797e-06,6.297181017776339e-06,9.594717835212545e-06,7.841403832909824e-06,2.9742656217838506e-05,suspect_lowamp,False,True
2026-07-06_17-49_proband_07,proband_07,2026-07-06,1783353277782,1783353307782,positive activated,positive,activated,0.841,clear,proxy,38.790159455565984,75.21220586655205,67.76097387015577,23.52941176470588,35,0.0,ok,-0.5485331176954096,1.6821352349182763,1.1153341763068432,False,0.4133865628457152,-0.0998661106856153,0.47004,Happiness,1.0,150,ok,3609,1.460189,1.459848,0.008835,0.007658,1.377602,1.546072,0.168471,1.460215,0.27633,0.0,0.0,False,8.68627061795666e-06,7.956617338569605e-06,9.55190336543692e-06,8.930069260395651e-06,3.5124860582358845e-05,ok,False,False
2026-07-06_17-49_proband_07,proband_07,2026-07-06,1783353307782,1783353337782,positive calm,positive,calm,0.912,clear,proxy,62.54386695846082,70.64997981429148,93.5635496073447,38.23529411764706,35,0.0,ok,2.0593430918143536,-0.0204080243019536,-1.0398755580581536,False,0.6831497129370335,-0.1151309812589561,0.707092715231788,Happiness,1.0,151,ok,3593,1.459813,1.459498,0.00896,0.00776,1.347822,1.56092,0.213097,1.45984,0.270045,0.0,0.0,False,8.036133397329331e-06,7.377240162600222e-06,9.188396266250644e-06,8.026497348844709e-06,3.26282671750249e-05,ok,False,False
2026-07-06_17-49_proband_07,proband_07,2026-07-06,1783353337782,1783353367782,neutral,negative,neutral,0.762,hrv_ambiguous,proxy,40.39729169722381,69.76975979268414,47.69664294160712,17.647058823529413,35,0.0,ok,-0.3720890010014251,-0.3488907972403329,0.011599101880546,False,-0.330018312028541,0.2048316899461566,0.5132499999999999,Anger,1.0,148,ok,3596,1.459545,1.459776,0.00979,0.007,1.34184,1.56047,0.21863,1.459577,0.289291,0.0,0.0,False,7.707197263891702e-06,7.809199085186886e-06,1.4817073267051542e-05,1.3555327342338584e-05,4.388879695846872e-05,ok,False,False
2026-07-06_17-49_proband_07,proband_07,2026-07-06,1783353367782,1783353397782,negative activated,negative,activated,0.89,clear,proxy,36.00714214866664,74.24211177562384,49.39953730263357,14.285714285714285,36,0.0,ok,-0.8540755103695739,1.3201130254968845,1.0870942679332292,False,-0.4571455126923846,0.2824778816920374,0.6337133333333332,Anger,1.0,150,ok,3566,1.459745,1.459702,0.010855,0.008347,1.338892,1.575486,0.236594,1.459785,0.295091,0.0,0.0,False,1.0809013735256242e-05,1.0791527814299298e-05,1.3822912717731415e-05,1.4102255680943207e-05,4.9525709948230166e-05,ok,False,False
2026-07-06_17-49_proband_07,proband_07,2026-07-06,1783353397782,1783353427782,negative activated,negative,activated,0.871,clear,proxy,37.84427551412749,74.970406418519,60.29392209212947,16.216216216216218,38,0.0,ok,-0.6523799899166894,1.591899894622533,1.1221399422696112,False,-0.3983601078799249,0.1841779549718574,0.5685333333333333,Anger,1.0,150,ok,3625,1.45957,1.459546,0.010826,0.008309,1.341837,1.584681,0.242844,1.45961,0.305188,0.0,0.0,False,1.1365247341452314e-05,9.613744078978471e-06,1.5278267993155484e-05,1.5357873384202934e-05,5.16151327977892e-05,ok,False,False
2026-07-06_17-49_proband_07,proband_07,2026-07-06,1783353427782,1783353457782,neutral,negative,neutral,0.83,hrv_ambiguous,proxy,44.50810520086682,69.9980556095664,97.47717681590905,22.857142857142858,36,0.0,ok,0.0792297136276737,-0.2636947767694739,-0.1714622451985737,False,-0.4579018567639257,0.3470966883091175,0.6691125827814569,Anger,1.0,151,ok,3554,1.459181,1.459513,0.010446,0.007904,1.352066,1.560028,0.207962,1.459219,0.318041,0.0,0.0,False,8.398824272781113e-06,9.840240717342764e-06,1.4482480168293437e-05,1.4927094392018278e-05,4.764863955043559e-05,ok,False,False
2026-07-06_17-49_proband_07,proband_07,2026-07-06,1783353457782,1783353487782,negative activated,negative,activated,0.843,clear,proxy,41.26119831617214,75.70223786440003,75.719122358582,21.62162162162162,38,0.0,ok,-0.2772422694535691,1.865006636988524,1.0711244532210464,False,-0.308509585992196,0.064309061967347,0.4764362416107381,Neutral,1.0,149,ok,3509,1.460568,1.460675,0.009651,0.008337,1.38402,1.571997,0.187977,1.4606,0.277366,0.0,0.0,False,6.581762369551989e-06,8.302227718317955e-06,1.260486455109083e-05,1.1514661660922524e-05,3.90035162998833e-05,ok,False,False
2026-07-06_17-49_proband_07,proband_07,2026-07-06,1783353487782,1783353517782,neutral,neutral,neutral,0.576,face_ambiguous+hrv_ambiguous,proxy,43.06478558608829,69.6887917193318,67.22665655198571,24.24242424242424,34,0.0,ok,-0.0792297136276729,-0.3791066712279375,-0.1499384788001322,False,-0.1002023865296111,0.0418947419185934,0.4838266666666666,Contempt,1.0,150,ok,3658,1.460423,1.460681,0.009518,0.009014,1.375445,1.55075,0.175305,1.460454,0.249658,0.0,0.0,False,1.3053646672562552e-05,7.768805570397451e-06,1.1547151644840468e-05,9.769277848246797e-06,4.213888173604726e-05,ok,False,False
2026-07-06_17-49_proband_07,proband_07,2026-07-06,1783353517782,1783353547782,neutral,positive,neutral,0.789,hrv_ambiguous,proxy,45.29218865258309,71.95723684210526,69.81761353457925,35.294117647058826,35,0.0,ok,0.165312805277765,0.4674375176062139,0.1510623561642244,False,0.3291325312186673,-0.0723002200606794,0.51198,Contempt,1.0,150,ok,3670,1.460022,1.46009,0.009662,0.008855,1.366101,1.550979,0.184878,1.460054,0.267103,0.0,0.0,False,1.1814381617898071e-05,9.14909087774692e-06,1.3332405001133532e-05,1.1322671890807676e-05,4.56185493875862e-05,ok,False,False
2026-07-06_17-49_proband_07,proband_07,2026-07-06,1783353547782,1783353577782,neutral,neutral,neutral,0.684,face_ambiguous+hrv_ambiguous,proxy,46.1197199842819,72.10816224336504,65.66815927721092,34.285714285714285,36,0.0,ok,0.2561659604030543,0.5237602472597854,0.1337971434283655,False,0.2618970639504039,-0.1109380655722795,0.436907284768212,Neutral,1.0,151,ok,3590,1.460328,1.460677,0.00934,0.008251,1.367461,1.543685,0.176224,1.460358,0.265534,0.0,0.0,False,9.544007143832728e-06,8.511902263734067e-06,1.1462173207665116e-05,1.0032784418870689e-05,3.95508670341026e-05,ok,False,False
2026-07-06_17-49_proband_07,proband_07,2026-07-06,1783353577782,1783353607782,neutral,neutral,neutral,0.525,face_ambiguous+hrv_ambiguous,proxy,32.80958320369218,64.89888229702711,56.376591558532304,15.625,33,0.0,ok,-1.205129673181328,-2.1666173964318154,-0.4807438616252436,False,-0.0335983039644025,-0.0020562658197236,0.4162885906040268,Neutral,1.0,149,ok,3586,1.460362,1.460093,0.00868,0.007253,1.359337,1.561003,0.201666,1.460388,0.26304,0.0,0.0,False,7.607549649456131e-06,7.090063442246493e-06,9.89207745128377e-06,8.50490442905594e-06,3.309459497204233e-05,ok,False,False
2026-07-06_18-03_proband_08,proband_08,2026-07-06,1783353834076,1783353864076,positive calm,positive,calm,0.899,clear,proxy,57.81253733995949,80.0,85.05230588786,31.57894736842105,39,0.0,ok,3.2104122679250056,-0.8817051219217256,-2.046058694923365,False,0.2414820543806646,-0.2114327391742195,0.662,Neutral,1.0,150,ok,3603,1.459653,1.459267,0.010608,0.008031,1.359128,1.579031,0.219903,1.459692,0.287063,0.0,0.0,False,1.1942431897724545e-05,9.19673176968486e-06,1.3811662352510884e-05,1.2492972257355356e-05,4.744379827727564e-05,ok,False,False
2026-07-06_18-03_proband_08,proband_08,2026-07-06,1783353864076,1783353894076,positive calm,positive,calm,0.916,clear,proxy,48.64695587382086,77.81066072556779,76.35953560271885,26.31578947368421,39,0.0,ok,2.1114330525278957,-1.2753211581321302,-1.6933771053300126,False,-0.327405588061028,-0.271899033476522,0.7201066666666666,Neutral,1.0,150,ok,3570,1.459513,1.459017,0.011245,0.007353,1.340025,1.590705,0.25068,1.459556,0.298123,0.0,0.0,False,1.326889730766716e-05,1.0437781005250762e-05,1.5974270185775818e-05,1.6369311106949635e-05,5.605025960564338e-05,ok,False,False
2026-07-06_18-03_proband_08,proband_08,2026-07-06,1783353894076,1783353924076,positive calm,positive,calm,0.882,clear,proxy,48.64289854590666,76.65596540653868,83.74426884332183,31.57894736842105,39,0.0,ok,2.1109465674026224,-1.4829210490283533,-1.796933808215488,False,-0.4117293416982912,-0.2604194836247175,0.6078266666666666,Neutral,1.0,150,ok,3595,1.459448,1.459245,0.01104,0.007926,1.341937,1.556541,0.214604,1.45949,0.303561,0.0,0.0,False,1.1309719033533988e-05,9.647108849790842e-06,1.45580843093492e-05,1.4577488735233297e-05,5.009240092790732e-05,ok,False,False
2026-07-06_18-03_proband_08,proband_08,2026-07-06,1783353924076,1783353954076,positive calm,positive,calm,0.888,clear,proxy,37.16605695353872,80.01914988202304,51.2998778057803,15.789473684210526,39,0.0,ok,0.734840707123679,-0.8782622107458128,-0.8065514589347459,False,-0.4121932977637956,-0.2722954999574866,0.6272533333333333,Neutral,1.0,150,ok,3596,1.459952,1.459462,0.011591,0.008464,1.345485,1.5894,0.243915,1.459998,0.291516,0.0,0.0,False,8.905269740017703e-06,1.1422758912833172e-05,2.105655777164792e-05,1.9827169167860247e-05,6.121175559235905e-05,ok,False,False
2026-07-06_18-03_proband_08,proband_08,2026-07-06,1783353954076,1783353984076,neutral,neutral,neutral,0.703,face_ambiguous+hrv_ambiguous,proxy,30.553431805968238,85.50198486750585,56.4178917840481,9.75609756097561,42,0.0238,ok,-0.0580318043738144,0.1074834886004742,0.0827576464871443,False,-0.4287606054922382,-0.1959960170791178,0.6042466666666667,Neutral,1.0,150,ok,3628,1.459845,1.459402,0.011367,0.008027,1.356346,1.588258,0.231912,1.45989,0.305211,0.0,0.0,False,1.0901076399540898e-05,9.868059406843329e-06,1.4945264130980864e-05,1.612014729576013e-05,5.183454723312522e-05,ok,False,False
2026-07-06_18-03_proband_08,proband_08,2026-07-06,1783353984076,1783354014076,neutral,neutral,neutral,0.484,face_ambiguous+hrv_ambiguous,proxy,31.014512731945345,80.63194467206398,42.2103039090879,17.5,41,0.0,ok,-0.0027468935215219,-0.7680893110572274,-0.3826712087678527,False,-0.4404447386967943,-0.2168224056553403,0.6201721854304636,Neutral,1.0,151,ok,3562,1.45974,1.459371,0.011037,0.007988,1.338336,1.586558,0.248223,1.459781,0.324909,0.0,0.0,False,9.724665836481605e-06,9.156771434903892e-06,1.4657022304314148e-05,1.4272993357041885e-05,4.781145293274152e-05,ok,False,False
2026-07-06_18-03_proband_08,proband_08,2026-07-06,1783354014076,1783354044076,neutral,neutral,activated,0.633,face_ambiguous,proxy,22.423513406430583,88.13514054884156,31.962815340361207,4.651162790697675,44,0.0,ok,-1.0328320804909914,0.580892207895963,0.8068621441934771,False,-0.4459056789153075,-0.2248887906377589,0.6147785234899329,Neutral,1.0,149,ok,3508,1.460142,1.45988,0.010999,0.007428,1.334763,1.575846,0.241083,1.460184,0.325064,0.0,0.0,False,6.105389818098906e-06,9.293323794860364e-06,1.5614567174916587e-05,1.6419902282449578e-05,4.743318307032544e-05,ok,False,False
2026-07-06_18-03_proband_08,proband_08,2026-07-06,1783354044076,1783354074076,neutral,positive,neutral,0.815,hrv_ambiguous,proxy,27.3874637513536,84.30631293700445,46.77162371709544,12.195121951219512,42,0.0,ok,-0.4376403541954238,-0.1074834886004717,0.165078432797476,False,-0.2688669301712779,-0.1835992271842369,0.67804,Neutral,1.0,150,ok,3634,1.45999,1.460011,0.010718,0.007712,1.320164,1.577662,0.257498,1.460029,0.309937,0.0,0.0,False,7.972207375764355e-06,9.268437077642606e-06,1.6511041069590747e-05,1.6262848228631483e-05,5.00145337516292e-05,ok,False,False
2026-07-06_18-03_proband_08,proband_08,2026-07-06,1783354074076,1783354104076,neutral,neutral,activated,0.824,face_ambiguous,proxy,17.47506159582214,92.54291845493564,18.702605155793844,2.2222222222222223,46,0.0,ok,-1.626165488561604,1.3733559836816938,1.499760736121649,True,-0.4282901984588318,-0.194302698587434,0.6479933333333334,Neutral,1.0,150,ok,3593,1.459898,1.459652,0.011257,0.007935,1.328886,1.596954,0.268068,1.459941,0.293708,0.0,0.0,False,9.419868476726348e-06,1.1701241448213752e-05,1.7056756687339842e-05,1.6971518738945212e-05,5.514938535122516e-05,ok,False,False
2026-07-06_18-03_proband_08,proband_08,2026-07-06,1783354104076,1783354134076,positive calm,positive,calm,0.891,clear,proxy,34.39949127530813,81.77375926603065,49.045909304570905,12.5,41,0.0,ok,0.4031216351107476,-0.5628052147031293,-0.4829634249069384,False,-0.4137008735449624,-0.2107915926521912,0.6380133333333333,Neutral,1.0,150,ok,3469,1.460134,1.459946,0.011534,0.007301,1.322356,1.598155,0.275799,1.46018,0.33391,0.0,0.0,False,7.253407804569944e-06,1.0415980794141068e-05,1.7603066151636602e-05,1.693693942868679e-05,5.220939417903441e-05,ok,False,False
2026-07-06_18-03_proband_08,proband_08,2026-07-06,1783354134076,1783354164076,neutral,neutral,calm,0.671,face_ambiguous,proxy,53.17325208074174,77.9532280631621,76.39066967212335,10.526315789473683,39,0.0,ok,2.6541488062980108,-1.2496893198089,-1.9519190630534555,False,-0.4475489890262786,-0.2653999349206705,0.5941466666666667,Neutral,1.0,150,ok,3620,1.459836,1.45978,0.011517,0.007511,1.342727,1.576695,0.233968,1.459882,0.327991,0.0,0.0,False,8.855207023776053e-06,9.855580346106984e-06,1.7548661058311307e-05,1.7794840606492084e-05,5.405428903468642e-05,ok,False,False
2026-07-06_18-03_proband_08,proband_08,2026-07-06,1783354164076,1783354194076,neutral,neutral,activated,0.728,face_ambiguous,proxy,21.712176414426143,87.05114254624591,36.11810407344861,2.3255813953488373,44,0.0,ok,-1.1181234034958725,0.386002817281824,0.7520631103888482,False,-0.4314352163058866,-0.2749060963352823,0.6127880794701986,Neutral,1.0,151,ok,3604,1.460035,1.459689,0.011076,0.007824,1.345217,1.594729,0.249512,1.460077,0.294754,0.0,0.0,False,7.816640522252616e-06,1.0275981442722857e-05,1.5686729779083777e-05,1.663920787237392e-05,5.041855961643317e-05,ok,False,False
2026-07-06_18-03_proband_08,proband_08,2026-07-06,1783354194076,1783354224076,neutral,neutral,neutral,0.817,face_ambiguous+hrv_ambiguous,proxy,25.91543470786398,86.60091412076017,40.73765961084541,4.878048780487805,42,0.0,ok,-0.6141408118295115,0.305057332816009,0.4595990723227603,False,-0.4542278178576007,-0.2205625808557009,0.5758456375838926,Neutral,1.0,149,ok,3511,1.459898,1.459679,0.011378,0.007898,1.338283,1.574282,0.235999,1.459943,0.341026,0.0,0.0,False,8.296687845945337e-06,9.266001426848418e-06,1.5177225406131743e-05,1.4962931336813892e-05,4.770284601573939e-05,ok,False,False
2026-07-06_18-03_proband_08,proband_08,2026-07-06,1783354224076,1783354254076,negative activated,negative,activated,0.85,clear,proxy,19.429045392866037,86.84564220973911,35.257382815139394,0.0,42,0.0238,ok,-1.3918772889413964,0.3490564066270892,0.8704668477842428,False,-0.4863517319628913,-0.1619035974103984,0.4994333333333333,Neutral,1.0,150,ok,3639,1.459829,1.459869,0.011387,0.00726,1.332251,1.57188,0.239629,1.459873,0.303463,0.0,0.0,False,1.0046384581173395e-05,9.519361884685063e-06,1.5913280834338245e-05,1.5481366219011872e-05,5.096039351920858e-05,ok,False,False
2026-07-06_18-03_proband_08,proband_08,2026-07-06,1783354254076,1783354284076,neutral,negative,neutral,0.822,hrv_ambiguous,proxy,33.685679449879,84.23215202876219,65.13119031016946,2.5,41,0.0244,ok,0.3175335725585335,-0.1208166997135155,-0.2191751361360245,False,-0.4767532642040413,-0.1520891286159775,0.5224238410596026,Neutral,1.0,151,ok,3582,1.460112,1.459906,0.011027,0.008266,1.358508,1.594726,0.236218,1.460154,0.304664,0.0,0.0,False,8.477660152254923e-06,1.0748869583133209e-05,1.5661246415143364e-05,1.5622365861888552e-05,5.051014201242004e-05,ok,False,False
2026-07-06_18-03_proband_08,proband_08,2026-07-06,1783354284076,1783354314076,negative activated,negative,activated,0.877,clear,proxy,31.060331389837287,92.58285113098368,68.46570953889142,4.651162790697675,44,0.0227,ok,0.0027468935215219,1.3805353833502925,0.6888942449143852,False,-0.4646963234714892,-0.1547284185413173,0.5884834437086092,Neutral,1.0,151,ok,3589,1.459952,1.459646,0.011105,0.007265,1.342456,1.58435,0.241894,1.459994,0.32553,0.0,0.0,False,7.202454016677235e-06,9.13282109239642e-06,1.6960566087677297e-05,1.6616140813133304e-05,4.991198200988426e-05,ok,False,False
2026-07-06_18-03_proband_08,proband_08,2026-07-06,1783354314076,1783354344076,neutral,negative,neutral,0.787,hrv_ambiguous,proxy,31.91267153735586,86.9336143308746,42.88452462638813,11.627906976744184,44,0.0,ok,0.1049448948193098,0.3648727024487383,0.1299639038147142,False,-0.4603416234004469,-0.1875631649749297,0.60775,Neutral,1.0,148,ok,3592,1.460006,1.45969,0.011194,0.008198,1.342449,1.588726,0.246277,1.460049,0.2846,0.0,0.0,False,1.182724162005278e-05,9.2469323775384e-06,1.656841286374255e-05,1.5793675447720724e-05,5.343626230905445e-05,ok,False,False
2026-07-06_18-03_proband_08,proband_08,2026-07-06,1783354344076,1783354374076,negative activated,negative,activated,0.881,clear,proxy,26.409594216243963,91.71263374759089,36.14594677967412,8.88888888888889,46,0.0,ok,-0.5548896851217539,1.224081095477847,0.8894853902998003,False,-0.458224003967598,-0.1641913704744586,0.6048999999999999,Neutral,1.0,150,ok,3639,1.459977,1.459934,0.011333,0.0075,1.331497,1.580959,0.249463,1.460021,0.333975,0.0,0.0,False,7.592003079135453e-06,1.1091863447075687e-05,1.905426941657003e-05,1.9140851810706805e-05,5.687898775348798e-05,ok,False,False
2026-07-06_18-03_proband_08,proband_08,2026-07-06,1783354374076,1783354404076,neutral,neutral,activated,0.808,face_ambiguous,proxy,26.402048818570535,89.67716221602231,39.792301676672,2.272727272727273,45,0.0,ok,-0.5557943997048531,0.8581285702426152,0.7069614849737342,False,-0.4525517495313755,-0.1611400964027493,0.5974933333333333,Neutral,1.0,150,ok,3331,1.459642,1.459942,0.011058,0.00734,1.346338,1.574812,0.228474,1.459684,0.314114,0.0,0.0,False,6.420324565011113e-06,9.990658361049304e-06,1.5437758848798464e-05,1.610241086147025e-05,4.795115263632913e-05,ok,False,False
2026-07-06_18-17_proband_09,proband_09,2026-07-06,1783354700516,1783354730516,neutral,positive,neutral,0.85,hrv_ambiguous,proxy,65.18328858772861,74.8280976135904,62.579510985586936,52.77777777777778,37,0.0,ok,1.827311000274269,2.1241765833391044,0.1484327915324177,False,0.0750086907035515,-0.1205908231572043,0.69116,Neutral,1.0,150,ok,3462,1.459862,1.45973,0.011452,0.007522,1.334572,1.582339,0.247767,1.459907,0.315516,0.0,0.0,False,8.54783895609301e-06,1.161277349417016e-05,1.846068284379857e-05,1.8306953047814624e-05,5.692824834187637e-05,ok,False,False
2026-07-06_18-17_proband_09,proband_09,2026-07-06,1783354730516,1783354760516,positive calm,positive,calm,0.85,clear,proxy,80.37373638197991,66.87833547253935,82.88890200598374,37.5,33,0.0,ok,3.91626429873106,-1.0376150172995602,-2.4769396580153105,True,0.3229334427498231,-0.1101396928332199,0.49962,Happiness,1.0,150,ok,3414,1.459853,1.459447,0.010657,0.007163,1.326338,1.562131,0.235793,1.459892,0.322297,0.0,0.0,False,5.462065503374895e-06,9.739671770293765e-06,1.5439593411702354e-05,1.537411370795562e-05,4.601544439332664e-05,ok,False,False
2026-07-06_18-17_proband_09,proband_09,2026-07-06,1783354760516,1783354790516,positive activated,positive,activated,0.869,clear,proxy,48.574382015989606,70.96752390929674,75.67396897105327,29.411764705882355,35,0.0,ok,-0.4567052865875973,0.5887432841651548,0.522724285376376,False,0.331783055289909,-0.0728318043896622,0.5646599999999999,Contempt,1.0,150,ok,3787,1.46,1.459331,0.01202,0.007881,1.32977,1.596745,0.266975,1.46005,0.307184,0.0,0.0,False,9.465793128729973e-06,9.798512201182216e-06,1.7218745160519653e-05,1.968969986694244e-05,5.617275035737428e-05,ok,False,False
2026-07-06_18-17_proband_09,proband_09,2026-07-06,1783354790516,1783354820516,positive calm,positive,calm,0.843,clear,proxy,49.66166781331452,66.2406744505035,51.92949401337209,25.0,33,0.0,ok,-0.307184397970564,-1.2912265377143126,-0.4920210698718743,False,0.0445406303917855,-0.0785965015640561,0.47526,Contempt,1.0,150,ok,3601,1.459891,1.459645,0.011568,0.007539,1.321371,1.601058,0.279687,1.459937,0.320556,0.0,0.0,False,7.56896916456482e-06,1.1686875534061515e-05,1.9260026049462556e-05,1.8413130184789853e-05,5.692900093287874e-05,ok,False,False
2026-07-06_18-17_proband_09,proband_09,2026-07-06,1783354820516,1783354850516,neutral,neutral,calm,0.793,face_ambiguous,proxy,73.23976037645126,64.84362207303096,108.42724658973088,31.25,33,0.0,ok,2.9352173335783656,-1.8468643535849865,-2.391040843581676,False,-0.1076475845446788,-0.0038401922184463,0.4423774834437086,Neutral,1.0,151,ok,3601,1.459718,1.459661,0.010833,0.007829,1.333859,1.579802,0.245943,1.459759,0.316389,0.0,0.0,False,8.93945407193288e-06,9.161884507910026e-06,1.5076409832410558e-05,1.5488752811270236e-05,4.8666501223523696e-05,ok,False,False
2026-07-06_18-17_proband_09,proband_09,2026-07-06,1783354850516,1783354880516,negative calm,negative,calm,0.837,clear,proxy,56.07080776902512,66.32124352331606,61.69667607505025,41.935483870967744,32,0.0,ok,0.5741848830469187,-1.2591824824117612,-0.91668368272934,False,-0.4720944577399019,0.0863155790333878,0.4568533333333334,Neutral,1.0,150,ok,3504,1.459786,1.459387,0.011275,0.007523,1.344312,1.590956,0.246644,1.459829,0.326292,0.0,0.0,False,7.404203184964618e-06,1.0171760979548631e-05,1.6703498714015762e-05,1.7286698521452452e-05,5.156616139998146e-05,ok,False,False
2026-07-06_18-17_proband_09,proband_09,2026-07-06,1783354880516,1783354910516,neutral,neutral,neutral,0.41,face_ambiguous+hrv_ambiguous,proxy,56.28890811226123,69.43296412630187,88.33230801159598,38.23529411764706,35,0.0,ok,0.6041775098324206,-0.0215841880866884,-0.3128808489595545,False,-0.2325196240845964,-0.0146222421774605,0.4305933333333333,Neutral,1.0,150,ok,3541,1.460169,1.459884,0.011636,0.007176,1.345154,1.589385,0.244231,1.460215,0.328249,0.0,0.0,False,6.229612070930268e-06,9.625086870519725e-06,1.7571973387602368e-05,1.734059201997647e-05,5.076726434902883e-05,ok,False,False
2026-07-06_18-17_proband_09,proband_09,2026-07-06,1783354910516,1783354940516,neutral,neutral,activated,0.656,face_ambiguous,proxy,40.0158057007772,70.83108472746896,52.97023105623819,23.52941176470588,35,0.0,ok,-1.633659808660547,0.5344784833513712,1.084069146005959,False,-0.314225710802886,0.0197216584851579,0.4020264900662252,Neutral,1.0,151,ok,3535,1.459871,1.460021,0.011432,0.007602,1.334281,1.591027,0.256746,1.459916,0.325127,0.0,0.0,False,8.551857685947529e-06,1.0692939892854798e-05,1.871605219105426e-05,1.9274976353033018e-05,5.72358261228896e-05,ok,False,False
2026-07-06_18-17_proband_09,proband_09,2026-07-06,1783354940516,1783354970516,neutral,neutral,calm,0.775,face_ambiguous,proxy,65.46799846894216,71.92766132346897,94.7723233719155,35.294117647058826,35,0.0,ok,1.866463608118348,0.9706106102216924,-0.4479264989483277,False,-0.1163808263616185,-0.0776463206419668,0.4685599999999999,Neutral,1.0,150,ok,3599,1.459882,1.45973,0.011582,0.007139,1.330885,1.595197,0.264312,1.459928,0.332129,0.0,0.0,False,8.168083303270407e-06,1.169660986780918e-05,1.900526008054277e-05,2.0361551071907027e-05,5.923150432352938e-05,ok,False,False
2026-07-06_18-17_proband_09,proband_09,2026-07-06,1783354970516,1783355000516,negative activated,negative,activated,0.853,clear,proxy,42.55086083237045,69.34529879665511,61.66923442165711,27.27272727272727,34,0.0,ok,-1.2850452154215242,-0.0564505775492138,0.6142973189361551,False,-0.3846961613018079,-0.0402305065077209,0.5089463087248322,Neutral,1.0,149,ok,3589,1.459785,1.459475,0.01198,0.008218,1.336115,1.612461,0.276346,1.459834,0.285674,0.0,0.0,False,1.0032967033939314e-05,9.783398145184718e-06,1.6917262753877332e-05,1.700339077706761e-05,5.3737018710068966e-05,ok,False,False
2026-07-06_18-17_proband_09,proband_09,2026-07-06,1783355000516,1783355030516,negative calm,negative,calm,0.846,clear,proxy,53.09254356139082,67.21360086982307,67.92139868470751,36.36363636363637,34,0.0,ok,0.1646212596119373,-0.9042727489010366,-0.534447004256487,False,-0.5702414096795058,0.0715290701674716,0.4877114093959731,Sadness,1.0,149,ok,3660,1.459719,1.459666,0.011148,0.007383,1.32098,1.582605,0.261625,1.459762,0.321946,0.0,0.0,False,7.756081542160987e-06,1.0155746880689513e-05,1.6291593956866353e-05,1.6224940361612525e-05,5.042836274132938e-05,ok,False,False
2026-07-06_18-17_proband_09,proband_09,2026-07-06,1783355030516,1783355060516,neutral,negative,neutral,0.773,hrv_ambiguous,proxy,48.39202288381711,67.75607811877242,65.4634921594021,27.27272727272727,34,0.0,ok,-0.4817828692773987,-0.6885178648135404,-0.1033674977680708,False,-0.6570586545237709,0.1026505800401149,0.4919199999999998,Anger,1.0,150,ok,3526,1.459639,1.459626,0.011042,0.007463,1.335283,1.563565,0.228281,1.459681,0.323121,0.0,0.0,False,7.70345522711205e-06,9.0056914776127e-06,1.456587441846942e-05,1.645727370069584e-05,4.773229482389e-05,ok,False,False
2026-07-06_18-17_proband_09,proband_09,2026-07-06,1783355060516,1783355090516,negative activated,negative,activated,0.848,clear,proxy,49.77508235582752,71.62102247535896,63.08460372302227,26.47058823529412,35,0.0,ok,-0.2915879069464389,0.848653736898742,0.5701208219225904,False,-0.5804794277430805,0.057377738338775,0.4920866666666666,Anger,1.0,150,ok,3634,1.459853,1.459563,0.011062,0.007349,1.33329,1.580712,0.247422,1.459894,0.322048,0.0,0.0,False,6.755363647505491e-06,9.849725504091984e-06,1.6106531536322784e-05,1.7267341912241713e-05,4.997896260016197e-05,ok,False,False
2026-07-06_18-17_proband_09,proband_09,2026-07-06,1783355090516,1783355120516,neutral,negative,neutral,0.828,hrv_ambiguous,proxy,46.47938611183815,68.80501871901245,73.69736860321021,27.27272727272727,34,0.0,ok,-0.7448040091207697,-0.2713315992922274,0.2367362049142711,False,-0.5675626244989302,0.1478425841674249,0.5385827814569537,Anger,1.0,151,ok,3506,1.459627,1.459434,0.011942,0.00828,1.321042,1.583033,0.261991,1.459676,0.297575,0.0,0.0,False,1.1116669927152952e-05,1.0289801678969476e-05,1.747207830850751e-05,1.9281784897441947e-05,5.816033481207189e-05,ok,False,False
2026-07-06_18-17_proband_09,proband_09,2026-07-06,1783355120516,1783355150516,negative activated,negative,activated,0.838,clear,proxy,50.698358251641295,71.14785201246782,92.8258240655335,35.294117647058826,35,0.0,ok,-0.1646212596119383,0.6604636541396501,0.4125424568757943,False,-0.4196713653427599,0.006179888692502,0.4594563758389262,Anger,1.0,149,ok,3533,1.459698,1.459671,0.012006,0.008301,1.317994,1.588218,0.270224,1.459748,0.324179,0.0,0.0,False,9.46653062982926e-06,1.006289319531286e-05,1.823557175121344e-05,1.7514547367119805e-05,5.5279542943475366e-05,ok,False,False
2026-07-06_18-17_proband_09,proband_09,2026-07-06,1783355150516,1783355180516,neutral,neutral,neutral,0.502,face_ambiguous+hrv_ambiguous,proxy,44.94997219131509,68.64750546059703,49.167116073960486,31.25,33,0.0,ok,-0.9551252779375756,-0.3339780141925427,0.3105736318725165,False,-0.2613337860883475,-0.0064347051810265,0.4417400000000001,Neutral,1.0,150,ok,3576,1.459712,1.459934,0.011205,0.007223,1.321999,1.593702,0.271703,1.459755,0.33986,0.0,0.0,False,7.026027307046196e-06,9.700160451575585e-06,1.7585899244295023e-05,1.6076779237551584e-05,5.038886624046839e-05,ok,False,False
2026-07-06_18-17_proband_09,proband_09,2026-07-06,1783355180516,1783355210516,neutral,neutral,neutral,0.501,face_ambiguous+hrv_ambiguous,proxy,56.126387987928,69.92780601508628,91.94361194655004,37.142857142857146,36,0.0,ok,0.5818281390706187,0.1752250874416299,-0.2033015258144944,False,-0.2037920756480782,-0.0883453421062093,0.55626,Neutral,1.0,150,ok,3640,1.459624,1.459514,0.011299,0.007234,1.352933,1.598177,0.245243,1.459667,0.303105,0.0,0.0,False,9.35370562063256e-06,9.750503677798632e-06,1.6355512857852864e-05,1.6974550786098486e-05,5.243427294238254e-05,ok,False,False
2026-07-06_18-17_proband_09,proband_09,2026-07-06,1783355210516,1783355240516,neutral,neutral,calm,0.597,face_ambiguous,proxy,70.0683648844167,69.54150332367479,91.93567560636,48.48484848484848,34,0.0,ok,2.4990947673756936,0.0215841880866884,-1.2387552896445029,False,-0.183462613754843,-0.1106286089407766,0.5179266666666666,Neutral,1.0,150,ok,3517,1.459626,1.459555,0.011044,0.007383,1.366643,1.584827,0.218184,1.459668,0.332196,0.0,0.0,False,7.754958244010396e-06,9.71670966621759e-06,1.712421986549267e-05,1.6551480599983317e-05,5.114736837570397e-05,ok,False,False
2026-07-06_18-17_proband_09,proband_09,2026-07-06,1783355240516,1783355270516,neutral,neutral,neutral,0.468,face_ambiguous+hrv_ambiguous,proxy,53.71383872512032,70.53370503476305,81.7931188164034,32.35294117647059,35,0.0,ok,0.2500602538514063,0.4162041755273936,0.0830719608379936,False,-0.2005659866114121,-0.1168339310381468,0.50192,Neutral,1.0,150,ok,3651,1.459616,1.459339,0.010509,0.007701,1.327615,1.587134,0.259519,1.459654,0.302192,0.0,0.0,False,7.717447221280448e-06,7.291013404614117e-06,1.3214600294300634e-05,1.3329331228237237e-05,4.155239214843243e-05,ok,False,False
2026-07-06_18-32_proband_10,proband_10,2026-07-06,1783355554892,1783355584892,neutral,positive,neutral,0.854,hrv_ambiguous,proxy,38.05806966553436,74.57672668637463,45.60128811204216,13.88888888888889,37,0.0,ok,0.0613407553982865,-0.5942415175870095,-0.327791136492648,False,0.0,-0.12,0.585,Neutral,1.0,1,ok,3573,1.459675,1.459339,0.009127,0.008002,1.363239,1.538447,0.175208,1.459703,0.233483,0.0,0.0,False,8.895472154396181e-06,1.2855976972993804e-05,1.3705866246398383e-05,8.148815936769532e-06,4.36061313105579e-05,ok,False,False
2026-07-06_18-32_proband_10,proband_10,2026-07-06,1783355584892,1783355614892,neutral,neutral,neutral,0.45,face_ambiguous+hrv_ambiguous,proxy,39.97363996300427,77.56948933419521,39.69188765914196,13.513513513513514,38,0.0263,ok,0.3649551252220362,0.4483164393864371,0.0416806570822004,False,-0.0651582931610548,-0.1782962926432331,0.5443557046979867,Neutral,1.0,149,ok,3591,1.460188,1.460064,0.009432,0.007574,1.361596,1.551669,0.190073,1.460218,0.292758,0.0,0.0,False,9.265917154109468e-06,8.363883581949978e-06,1.157006037765346e-05,1.1630573697457237e-05,4.083043481117014e-05,ok,False,False
2026-07-06_18-32_proband_10,proband_10,2026-07-06,1783355614892,1783355644892,positive activated,positive,activated,0.854,clear,proxy,31.38838589718766,79.1061010580441,38.42541059620808,10.256410256410255,40,0.0,ok,-0.9957918577587046,0.9836100687171744,0.9897009632379395,False,0.3283036691300402,-0.1010048489563075,0.5142,Happiness,1.0,150,ok,3598,1.460202,1.4601,0.009688,0.007264,1.357778,1.554789,0.197011,1.460235,0.285794,0.0,0.0,False,8.411340215711378e-06,9.800402125719407e-06,1.2388033026591475e-05,1.2300795850726455e-05,4.290057121874872e-05,ok,False,False
2026-07-06_18-32_proband_10,proband_10,2026-07-06,1783355644892,1783355674892,neutral,positive,neutral,0.846,hrv_ambiguous,proxy,40.92642449838762,75.55646314069838,42.222153074070135,27.77777777777778,37,0.0,ok,0.5159697221127437,-0.2529408010280066,-0.3844552615703752,False,0.1076496026329553,-0.1175889706726537,0.5157302631578947,Neutral,1.0,152,ok,3566,1.460306,1.460363,0.010217,0.008175,1.351483,1.567827,0.216344,1.460342,0.288079,0.0,0.0,False,1.0402051105898093e-05,8.280799567145597e-06,1.3571992499499005e-05,1.3592684892682498e-05,4.584752806522519e-05,ok,False,False
2026-07-06_18-32_proband_10,proband_10,2026-07-06,1783355674892,1783355704892,neutral,neutral,calm,0.829,face_ambiguous,proxy,43.12095391647391,74.40176955560024,60.75704830650447,30.55555555555556,37,0.0,ok,0.8637985996078632,-0.6551895346143247,-0.7594940671110939,False,-0.0252207484993094,-0.1907582349965131,0.4941418918918919,Sadness,1.0,148,ok,3636,1.459819,1.459857,0.010114,0.007385,1.35762,1.5644,0.20678,1.459854,0.303989,0.0,0.0,False,8.447390229315799e-06,7.403896869448535e-06,1.2040995856478916e-05,1.2321481395257488e-05,4.0213764350500735e-05,ok,False,False
2026-07-06_18-32_proband_10,proband_10,2026-07-06,1783355704892,1783355734892,negative calm,negative,calm,0.859,clear,proxy,49.81180799987305,74.56828885400314,78.51301185072433,27.027027027027028,38,0.0,ok,1.9242866687729716,-0.5971809185063927,-1.260733793639682,False,-0.1434715270861436,-0.2229465967398293,0.5288066666666666,Sadness,1.0,150,ok,3599,1.460014,1.459869,0.00966,0.006722,1.370872,1.567578,0.196707,1.460046,0.286548,0.0,0.0,False,6.743074998375582e-06,8.638287291131847e-06,1.194891386390859e-05,1.2922504906316724e-05,4.0252781059732746e-05,ok,False,False
2026-07-06_18-32_proband_10,proband_10,2026-07-06,1783355734892,1783355764892,neutral,negative,neutral,0.821,hrv_ambiguous,proxy,39.7971206346742,75.82055801270327,48.84076515979275,24.324324324324326,38,0.0263,ok,0.3369771362631181,-0.1609407854554092,-0.2489589608592636,False,-0.152766497903942,-0.2260492729104727,0.5359266666666668,Sadness,1.0,150,ok,3587,1.459953,1.459819,0.00938,0.007,1.376806,1.569114,0.192308,1.459983,0.314557,0.0,0.0,False,5.382379002472108e-06,8.12161122402321e-06,1.2213150775046204e-05,1.149628368683152e-05,3.721342468837304e-05,ok,False,False
2026-07-06_18-32_proband_10,proband_10,2026-07-06,1783355764892,1783355794892,neutral,neutral,activated,0.765,face_ambiguous,proxy,29.231831964486933,81.34320575659609,44.52475088414922,13.157894736842104,39,0.0,ok,-1.337601690649031,1.7629272343322009,1.550264462490616,False,-0.0335930621135659,-0.1467583510343241,0.4894900662251656,Neutral,1.0,151,ok,3604,1.460367,1.460243,0.009775,0.006989,1.360196,1.57069,0.210494,1.4604,0.295587,0.0,0.0,False,6.462092373342675e-06,8.391130904252363e-06,1.3130050382721173e-05,1.3547800941698592e-05,4.15310746020148e-05,ok,False,False
2026-07-06_18-32_proband_10,proband_10,2026-07-06,1783355794892,1783355824892,neutral,positive,neutral,0.763,hrv_ambiguous,proxy,36.47060820932241,76.06787595084846,35.17584513514437,18.421052631578945,39,0.0,ok,-0.190268966408259,-0.0747851778587625,0.0577418942747482,False,0.0707909698335508,-0.0733672821202177,0.50586,Neutral,1.0,150,ok,3576,1.460031,1.459966,0.009364,0.006546,1.353671,1.55041,0.196738,1.460061,0.308252,0.0,0.0,False,4.911939278610142e-06,7.838182063042597e-06,1.1203787611979243e-05,1.1448364134802604e-05,3.540227308843459e-05,ok,False,False
2026-07-06_18-32_proband_10,proband_10,2026-07-06,1783355824892,1783355854892,neutral,positive,neutral,0.771,hrv_ambiguous,proxy,35.111790581481856,74.76635514018692,37.323820377442175,13.513513513513514,38,0.0,ok,-0.4056390618451731,-0.5281826025793177,-0.0612717703670722,False,0.0728124600347127,-0.0875619543514857,0.5142885906040268,Neutral,1.0,149,ok,3610,1.460049,1.460164,0.010023,0.007809,1.348222,1.555998,0.207776,1.460084,0.272098,0.0,0.0,False,1.0367891963260043e-05,9.219215539677909e-06,1.1764381395093118e-05,1.323522753740216e-05,4.458671643543323e-05,ok,False,False
2026-07-06_18-32_proband_10,proband_10,2026-07-06,1783355854892,1783355884892,neutral,positive,neutral,0.785,hrv_ambiguous,proxy,36.4465547253969,76.49723200805234,37.03415247446786,18.91891891891892,38,0.0,ok,-0.1940813993812248,0.0747851778587625,0.1344332886199937,False,0.0120689992877492,-0.115628663003663,0.5206887417218543,Neutral,1.0,151,ok,3601,1.460095,1.460018,0.00961,0.007206,1.365737,1.573123,0.207386,1.460127,0.2825,0.0,0.0,False,9.481549462857305e-06,8.10972590485127e-06,1.3096659025060892e-05,1.3021525237485572e-05,4.370945963025504e-05,ok,False,False
2026-07-06_18-32_proband_10,proband_10,2026-07-06,1783355884892,1783355914892,neutral,neutral,calm,0.605,face_ambiguous,proxy,40.075642762869606,72.89416846652269,35.73455932509494,17.142857142857142,36,0.0,ok,0.3811223814392984,-1.1803770273492529,-0.7807497043942756,False,-0.054873554146368,-0.1728860599297825,0.4931946308724833,Neutral,1.0,149,ok,3563,1.460442,1.460171,0.009477,0.00719,1.36026,1.566385,0.206125,1.460473,0.28411,0.0,0.0,False,7.789062154052017e-06,7.140425845629544e-06,1.0804643990445569e-05,1.1009536288854935e-05,3.674366827898206e-05,ok,False,False
2026-07-06_18-32_proband_10,proband_10,2026-07-06,1783355914892,1783355944892,neutral,neutral,calm,0.551,face_ambiguous,proxy,46.9755881533477,71.33636795977988,44.88833952386838,38.23529411764706,35,0.0,ok,1.474751038302102,-1.723051975148637,-1.5989015067253691,False,-0.0887650782370668,-0.2010671167436534,0.503225165562914,Sadness,1.0,151,ok,3630,1.460124,1.460239,0.009914,0.006967,1.356826,1.576717,0.219891,1.460157,0.300634,0.0,0.0,False,6.401401924266437e-06,9.870177151970583e-06,1.6086224824230354e-05,1.5164521058193489e-05,4.752232495866086e-05,ok,False,False
2026-07-06_18-32_proband_10,proband_10,2026-07-06,1783355944892,1783355974892,neutral,neutral,neutral,0.503,face_ambiguous+hrv_ambiguous,proxy,39.24028542199967,75.22462910078707,52.30202278403377,17.142857142857142,36,0.0278,ok,0.2487197789554014,-0.368538414141803,-0.3086290965486022,False,-0.0860254775384941,-0.1718184030901105,0.500635761589404,Neutral,1.0,151,ok,3516,1.459926,1.459496,0.010084,0.007583,1.350031,1.553126,0.203095,1.45996,0.300711,0.0,0.0,False,8.16067797740847e-06,8.682688571666037e-06,1.3530345740568112e-05,1.2714357518265127e-05,4.308806980790775e-05,ok,False,False
2026-07-06_18-32_proband_10,proband_10,2026-07-06,1783355974892,1783356004892,neutral,negative,neutral,0.862,hrv_ambiguous,proxy,37.28404484494674,78.27415043909889,62.39314768505257,17.5,41,0.0,ok,-0.0613407553982876,0.6937919843388656,0.3775663698685766,False,-0.2512518091879265,-0.2277943594558695,0.590081081081081,Sadness,1.0,148,ok,3598,1.460175,1.460164,0.009366,0.006755,1.362098,1.564593,0.202495,1.460205,0.317487,0.0,0.0,False,5.932026371403017e-06,7.588493133418062e-06,1.114694658466017e-05,1.0876854202223997e-05,3.554432029170524e-05,ok,False,False
2026-07-06_18-32_proband_10,proband_10,2026-07-06,1783356004892,1783356034892,negative activated,negative,activated,0.855,clear,proxy,26.63716316611928,82.00362182663068,33.443705091637355,7.6923076923076925,40,0.0,ok,-1.748851924147767,1.9929895913417328,1.8709207577447495,False,-0.1314582020963494,-0.1677803867403315,0.5164533333333332,Neutral,1.0,150,ok,3589,1.460299,1.46004,0.010407,0.007607,1.359592,1.562473,0.202881,1.460336,0.296823,0.0,0.0,False,7.780344731033357e-06,8.908122132208611e-06,1.3351099935142028e-05,1.3282145391785363e-05,4.332171219016936e-05,ok,False,False
2026-07-06_18-32_proband_10,proband_10,2026-07-06,1783356034892,1783356064892,negative activated,negative,activated,0.858,clear,proxy,25.40139305689295,79.7872340425532,21.33493583724796,2.564102564102564,40,0.0,ok,-1.9447192141424696,1.2208893642450556,1.5828042891937626,False,-0.1878104504959878,-0.1869730207872622,0.5275666666666667,Neutral,1.0,150,ok,3515,1.460118,1.459815,0.010088,0.007494,1.349833,1.575075,0.225242,1.460153,0.278884,0.0,0.0,False,1.0341591625454829e-05,6.940768898837007e-06,1.224976556275445e-05,1.0917996442731975e-05,4.045012252977826e-05,ok,False,False
2026-07-06_18-32_proband_10,proband_10,2026-07-06,1783356064892,1783356094892,negative activated,negative,activated,0.86,clear,proxy,25.05532340180886,80.77544426494346,26.804324182336604,7.6923076923076925,40,0.025,ok,-1.999570618125011,1.5651420002720855,1.782356309198548,False,-0.1370911806987937,-0.1807154447152947,0.5332999999999999,Neutral,1.0,150,ok,3655,1.460059,1.459698,0.00971,0.006932,1.34773,1.548192,0.200462,1.460091,0.291735,0.0,0.0,False,7.894369944846595e-06,8.432919912403076e-06,1.2221508442036734e-05,1.2182916904435876e-05,4.073171520372228e-05,ok,False,False
2026-07-06_18-32_proband_10,proband_10,2026-07-06,1783356094892,1783356124892,neutral,neutral,activated,0.703,face_ambiguous,proxy,31.725798899152625,79.06473847817273,40.52496273395442,13.157894736842104,39,0.0,ok,-0.9423125173778064,0.9692010119891858,0.955756764683496,False,-0.1076760422401281,-0.1595458310394875,0.5328266666666666,Neutral,1.0,150,ok,3616,1.460228,1.460138,0.009412,0.007005,1.345646,1.556935,0.211289,1.460258,0.265007,0.0,0.0,False,7.088522896724035e-06,7.636004570893624e-06,1.165075343154326e-05,1.2067260841210918e-05,3.844254174037184e-05,ok,False,False
2026-07-06_18-48_proband_11,proband_11,2026-07-06,1783356522311,1783356552311,neutral,neutral,calm,0.667,face_ambiguous,proxy,53.530365214521,69.78598963179583,62.02233265444923,23.52941176470588,35,0.0,ok,3.100677205915567,-1.216772353745513,-2.15872477983054,False,-0.0727963114754098,-0.1749323034888608,0.6301986754966887,Neutral,1.0,151,ok,3698,1.460051,1.45975,0.011134,0.00711,1.333897,1.573824,0.239927,1.460094,0.327563,0.0,0.0,False,6.357009560380423e-06,8.879496925007359e-06,1.4167117451278948e-05,1.3886698823277556e-05,4.329032275994429e-05,ok,False,False
2026-07-06_18-48_proband_11,proband_11,2026-07-06,1783356552311,1783356582311,neutral,neutral,calm,0.695,face_ambiguous,proxy,36.595162007469526,72.04116638078902,87.18781041931426,14.705882352941178,35,0.0,ok,0.3472336768633746,-0.4377678974151867,-0.3925007871392806,False,0.0057512325050458,-0.1781949012341594,0.8113557046979866,Neutral,1.0,149,ok,3404,1.459989,1.459869,0.011426,0.007039,1.337837,1.584139,0.246302,1.460034,0.32677,0.0,0.0,False,5.819441419619527e-06,1.0713331020389724e-05,1.9676842329763373e-05,2.0204681465347133e-05,5.641429623511976e-05,ok,False,False
2026-07-06_18-48_proband_11,proband_11,2026-07-06,1783356582311,1783356612311,neutral,neutral,calm,0.559,face_ambiguous,proxy,38.24694198793639,72.37150706962407,66.66716666479168,20.0,36,0.0,ok,0.6157915939446831,-0.3236584960901596,-0.4697250450174213,False,-0.0190321119568814,-0.1857126660677981,0.7050333333333333,Neutral,1.0,150,ok,3596,1.460212,1.459648,0.011819,0.007593,1.336946,1.573933,0.236986,1.46026,0.374131,0.0,0.0,False,5.387935350689933e-06,1.0326300194724722e-05,1.8097467190326207e-05,1.7534950157530788e-05,5.134665289327165e-05,ok,False,False
2026-07-06_18-48_proband_11,proband_11,2026-07-06,1783356612311,1783356642311,positive calm,positive,calm,0.879,clear,proxy,46.17426231137862,68.95591000905482,55.06062430162637,25.0,33,0.0,ok,1.9046706573041028,-1.503506298440947,-1.704088477872525,False,0.10128286165459,-0.036222754812915,0.5952733333333333,Neutral,1.0,150,ok,3604,1.459859,1.459485,0.010967,0.006504,1.323083,1.602063,0.27898,1.4599,0.330003,0.0,0.0,False,5.563498736426106e-06,1.0176399273705683e-05,1.5309596339418247e-05,1.7802036346680026e-05,4.885153069623007e-05,ok,False,False
2026-07-06_18-48_proband_11,proband_11,2026-07-06,1783356642311,1783356672311,neutral,neutral,calm,0.535,face_ambiguous,proxy,34.41051195976795,70.2954307969982,33.08372761695745,19.444444444444446,37,0.0,ok,-0.0079619746764197,-1.0407963739878563,-0.5164171996557183,False,-0.0250696657206814,-0.162096762108142,0.707066225165563,Neutral,1.0,151,ok,3546,1.459869,1.459588,0.010871,0.007652,1.353912,1.594231,0.240319,1.459909,0.308604,0.0,0.0,False,9.813153909582072e-06,9.67028062725368e-06,1.4526862128933643e-05,1.4368619725399142e-05,4.837891639116854e-05,ok,False,False
2026-07-06_18-48_proband_11,proband_11,2026-07-06,1783356672311,1783356702311,negative calm,negative,calm,0.916,clear,proxy,39.81390534503655,73.73077733305246,51.76081058682372,23.52941176470588,35,0.0,ok,0.870559432459478,0.1458734787498331,-0.3623429768548224,False,-0.2366385357279043,-0.180444499214107,0.7216174496644295,Neutral,1.0,149,ok,3819,1.459734,1.459442,0.011237,0.007502,1.334224,1.580726,0.246502,1.459777,0.314301,0.0,0.0,False,6.754118185837504e-06,8.823191346951543e-06,1.8372419155527385e-05,1.7765434931717466e-05,5.171516362003389e-05,ok,False,False
2026-07-06_18-48_proband_11,proband_11,2026-07-06,1783356702311,1783356732311,neutral,negative,neutral,0.911,hrv_ambiguous,proxy,34.50845307070912,71.93079091468749,76.22086407356007,19.444444444444446,37,0.0,ok,0.0079619746764197,-0.4758948335859393,-0.2419284041311795,False,-0.296293217141317,-0.194881331416764,0.7371523178807947,Neutral,1.0,151,ok,3595,1.459898,1.459835,0.010836,0.006923,1.329268,1.590451,0.261183,1.459938,0.358375,0.0,0.0,False,5.578248312182057e-06,9.91479763786542e-06,1.3498559543732373e-05,1.4415141556187596e-05,4.340674704996744e-05,ok,False,False
2026-07-06_18-48_proband_11,proband_11,2026-07-06,1783356732311,1783356762311,negative activated,negative,activated,0.946,clear,proxy,28.667151158696527,74.96201249366875,43.2868080106139,13.88888888888889,37,0.0,ok,-0.941757656923533,0.5711783588834534,0.7564680079034931,False,-0.1592004726558058,-0.2029373934088066,0.8208933333333334,Neutral,1.0,150,ok,3614,1.45962,1.45943,0.011274,0.006758,1.336438,1.599732,0.263293,1.459664,0.301688,0.0,0.0,False,9.304437721520506e-06,9.682199090101396e-06,1.6366380983054758e-05,1.699413647154081e-05,5.234715426621747e-05,ok,False,False
2026-07-06_18-48_proband_11,proband_11,2026-07-06,1783356762311,1783356792311,neutral,neutral,neutral,0.738,face_ambiguous+hrv_ambiguous,proxy,32.8123004195611,73.21154650676336,38.23329535822906,8.823529411764707,35,0.0,ok,-0.2678103608833704,-0.0334841382191549,0.1171631113321077,False,0.0463093217557645,-0.1526942415348405,0.7109533333333333,Neutral,1.0,150,ok,3486,1.459741,1.459607,0.011687,0.006466,1.332166,1.592313,0.260147,1.459788,0.345194,0.0,0.0,False,4.561173385973137e-06,9.768478921696306e-06,1.771046356834097e-05,1.8069391121022213e-05,5.0109506997032624e-05,ok,False,False
2026-07-06_18-48_proband_11,proband_11,2026-07-06,1783356792311,1783356822311,neutral,neutral,neutral,0.481,face_ambiguous+hrv_ambiguous,proxy,36.99786622581305,77.00408055811505,66.19583060286938,18.421052631578945,39,0.0,ok,0.4127081391750108,1.2765688002507216,0.4319303305378553,False,-0.0304149657236651,-0.1447539152264169,0.6951006711409395,Neutral,1.0,149,ok,3571,1.459706,1.459516,0.011011,0.007504,1.329249,1.579172,0.249923,1.459748,0.335574,0.0,0.0,False,6.3166225635051065e-06,8.88901081441584e-06,1.6764415094242477e-05,1.638776452675802e-05,4.835781299892144e-05,ok,False,False
2026-07-06_18-48_proband_11,proband_11,2026-07-06,1783356822311,1783356852311,negative calm,negative,calm,0.94,clear,proxy,44.40985582185161,71.26858073712076,74.34766163045053,26.47058823529412,35,0.0,ok,1.617801136353625,-0.7046417287382093,-1.1612214325459174,False,-0.1636430194751335,-0.1727155867423111,0.7984370860927151,Neutral,1.0,151,ok,3626,1.459592,1.459455,0.011192,0.007531,1.316076,1.582945,0.26687,1.459634,0.331862,0.0,0.0,False,8.596836776698266e-06,1.0519679548627327e-05,1.6486398579990357e-05,1.60219488756586e-05,5.162486378097456e-05,ok,False,False
2026-07-06_18-48_proband_11,proband_11,2026-07-06,1783356852311,1783356882311,neutral,neutral,neutral,0.759,face_ambiguous+hrv_ambiguous,proxy,28.839821326035413,72.55389718076286,44.5615804677248,5.88235294117647,35,0.0,ok,-0.9136837360436436,-0.2606555809389945,0.3265140775523245,False,-0.0986357808806212,-0.1707399927397005,0.7529533333333334,Neutral,1.0,150,ok,3095,1.45969,1.459225,0.011524,0.00696,1.349345,1.589133,0.239788,1.459736,0.303814,0.0,0.0,False,6.122672907883599e-06,9.732469927878272e-06,1.793782368708557e-05,1.930030316243508e-05,5.309326968528252e-05,ok,False,False
2026-07-06_18-48_proband_11,proband_11,2026-07-06,1783356882311,1783356912311,neutral,negative,neutral,0.893,hrv_ambiguous,proxy,29.949958263743877,73.40541612935225,49.38868029965714,5.555555555555555,37,0.0,ok,-0.7331899250085074,0.0334841382191549,0.3833370316138312,False,-0.2322867848343826,-0.2126747792909937,0.7741456953642385,Neutral,1.0,151,ok,3596,1.459669,1.459829,0.011101,0.00692,1.336624,1.585071,0.248448,1.459711,0.365786,0.0,0.0,False,5.6277807679789295e-06,9.565214938131584e-06,1.786088094133087e-05,1.73470958698234e-05,5.0400972517264783e-05,ok,False,False
2026-07-06_18-48_proband_11,proband_11,2026-07-06,1783356912311,1783356942311,negative activated,negative,activated,0.91,clear,proxy,23.13787179303903,76.40681466184822,44.56434090705797,2.7777777777777777,37,0.0,ok,-1.8407464853157576,1.0702555722459957,1.4555010287808767,False,-0.2769856211638197,-0.1754086025598325,0.7100337837837838,Neutral,0.9867,150,ok,3581,1.459534,1.459568,0.011509,0.007216,1.318699,1.577834,0.259135,1.459579,0.338547,0.0,0.0,False,5.486483320571156e-06,1.093563639318462e-05,1.6657203363169505e-05,1.7901444998421233e-05,5.098076807534651e-05,ok,False,False
2026-07-06_18-48_proband_11,proband_11,2026-07-06,1783356942311,1783356972311,neutral,negative,neutral,0.847,hrv_ambiguous,proxy,34.14267450306467,74.64443024780606,94.92389871126524,13.88888888888889,37,0.0,ok,-0.0515088576385552,0.4614760994535076,0.2564924785460314,False,-0.2668320279953341,-0.1102457923679386,0.7249530201342282,Neutral,1.0,149,ok,3619,1.459896,1.45972,0.010699,0.007229,1.341796,1.584681,0.242885,1.459935,0.328082,0.0,0.0,False,7.4856749933951e-06,7.318376772365397e-06,1.3037697062113262e-05,1.3461438805800248e-05,4.130318763367401e-05,ok,False,False
2026-07-06_18-48_proband_11,proband_11,2026-07-06,1783356972311,1783357002311,positive calm,positive,calm,0.867,clear,proxy,39.548183568015,71.44315166360482,53.11944681801666,23.52941176470588,35,0.0,ok,0.827356531465436,-0.6443397902149812,-0.7358481608402085,False,0.3384106230233649,-0.0749007563823518,0.5581140939597314,Neutral,1.0,149,ok,3594,1.459796,1.459694,0.011732,0.007877,1.323351,1.592994,0.269643,1.459843,0.330086,0.0,0.0,False,8.128376527399889e-06,1.0925571653607624e-05,1.7604764855711894e-05,1.883777487911316e-05,5.549648791583256e-05,ok,False,False
2026-07-06_18-48_proband_11,proband_11,2026-07-06,1783357002311,1783357032311,neutral,neutral,neutral,0.769,face_ambiguous+hrv_ambiguous,proxy,37.11768072256431,75.40248624414103,41.31360325381719,16.666666666666664,37,0.0,ok,0.4321884162483346,0.7233309627392823,0.1455712732454738,False,0.0542014476510693,-0.1368582422714112,0.7044078947368421,Neutral,1.0,152,ok,3575,1.459619,1.459532,0.011155,0.007311,1.32336,1.58759,0.264231,1.459662,0.325126,0.0,0.0,False,6.386499852664201e-06,1.1106542049762714e-05,1.538473478072781e-05,1.6446575681051428e-05,4.932435236420615e-05,ok,False,False
2026-07-06_18-48_proband_11,proband_11,2026-07-06,1783357032311,1783357062311,neutral,neutral,activated,0.587,face_ambiguous,proxy,33.30957486636204,78.89966947435761,44.7024698513495,13.88888888888889,37,0.0,ok,-0.1869600108186629,1.9313610305194029,1.0591605206690329,False,-0.0119803043611089,-0.1317459711296112,0.6982933333333333,Neutral,1.0,150,ok,3566,1.459881,1.459509,0.011524,0.007146,1.341974,1.586883,0.244909,1.459926,0.342777,0.0,0.0,False,5.325577908521724e-06,1.0277562358522964e-05,1.7355841273759276e-05,1.7098594351343787e-05,5.005757589214775e-05,ok,False,False
2026-07-06_18-48_proband_11,proband_11,2026-07-06,1783357062311,1783357092311,positive activated,positive,activated,0.838,clear,proxy,34.15346921557837,76.85565967774556,56.13502315876927,10.81081081081081,38,0.0,ok,-0.0497537779412268,1.2252998576847265,0.6375268178129767,False,0.5109507566904288,-0.0571669247399789,0.4594362416107383,Happiness,1.0,149,ok,3648,1.459518,1.459439,0.010493,0.006932,1.330211,1.595918,0.265707,1.459555,0.312037,0.0,0.0,False,7.437398914547293e-06,9.43660037364263e-06,1.392672097649664e-05,1.557677804611385e-05,4.637749831080041e-05,ok,False,False
2026-07-06_19-02_proband_12,proband_12,2026-07-06,1783357389766,1783357419766,neutral,positive,neutral,0.857,hrv_ambiguous,proxy,42.17054468120702,65.36615258911245,53.33059363762919,22.58064516129032,32,0.0,ok,-0.0797921333495486,0.3447337842588765,0.2122629588042126,False,0.1107207109366026,-0.1071712388132956,0.6300065789473684,Neutral,1.0,152,ok,3565,1.459921,1.459598,0.010886,0.007292,1.334353,1.60037,0.266017,1.459961,0.313692,0.0,0.0,False,8.149191077573664e-06,9.139423745480475e-06,1.7226583035113424e-05,1.566631554876329e-05,5.018151340693085e-05,ok,False,False
2026-07-06_19-02_proband_12,proband_12,2026-07-06,1783357419766,1783357449766,neutral,positive,neutral,0.839,hrv_ambiguous,proxy,44.6381283209769,64.55399061032864,56.1950236392706,34.375,33,0.0,ok,0.1772611607965599,0.0201183299841461,-0.0785714154062069,False,0.2752332670577582,-0.0506899976377022,0.6818523489932885,Neutral,1.0,149,ok,3588,1.459797,1.459593,0.011528,0.007245,1.32754,1.593324,0.265784,1.459842,0.33259,0.0,0.0,False,7.924677807029678e-06,8.848323617827803e-06,1.7678773621937716e-05,1.7812858336682073e-05,5.226463338347727e-05,ok,False,False
2026-07-06_19-02_proband_12,proband_12,2026-07-06,1783357449766,1783357479766,positive activated,positive,activated,0.934,clear,proxy,39.88342387508876,69.3447273491402,80.94057631336334,15.625,33,0.0,ok,-0.318046240666304,1.934942248617659,1.1264942446419814,False,0.0069559734380234,0.0352633174980885,0.7812550335570471,Neutral,1.0,149,ok,3553,1.459874,1.459735,0.010957,0.007213,1.323098,1.593958,0.27086,1.459915,0.317849,0.0,0.0,False,7.099836786594642e-06,1.0506085186185069e-05,1.5897377366182977e-05,1.7013310206028207e-05,5.0516609544990886e-05,ok,False,False
2026-07-06_19-02_proband_12,proband_12,2026-07-06,1783357479766,1783357509766,neutral,positive,neutral,0.817,hrv_ambiguous,proxy,52.56900227320279,67.25771935188016,104.83927092112349,31.25,33,0.0,ok,1.0034367124659476,1.1007797701917812,0.0486715288629168,False,0.40966073703718,0.0831782653179413,0.6906933333333334,Happiness,1.0,150,ok,3638,1.459805,1.459874,0.011806,0.007397,1.327506,1.597377,0.269872,1.459853,0.332142,0.0,0.0,False,6.731299124426525e-06,1.2947131854156796e-05,1.9508125972970066e-05,2.17119387446576e-05,6.089849569621098e-05,ok,False,False
2026-07-06_19-02_proband_12,proband_12,2026-07-06,1783357509766,1783357539766,positive calm,positive,calm,0.88,clear,proxy,44.4192150613523,62.861198418331135,46.49865300396126,23.33333333333333,31,0.0,ok,0.1544565135246994,-0.6564788522932861,-0.4054676829089927,False,-0.0232837701333155,0.0031691254010012,0.6005800000000001,Neutral,1.0,150,ok,3187,1.459639,1.45979,0.011918,0.007695,1.327482,1.584342,0.25686,1.459687,0.355932,0.0,0.0,False,7.2780778642214915e-06,9.601939385287089e-06,1.7302451987366925e-05,1.7237437225378398e-05,5.14199064622539e-05,ok,False,False
2026-07-06_19-02_proband_12,proband_12,2026-07-06,1783357539766,1783357569766,neutral,neutral,calm,0.707,face_ambiguous,proxy,59.36573357232811,63.7407874643118,90.37357503449849,29.03225806451613,32,0.0,ok,1.7114662769791316,-0.3049132715409556,-1.0081897742600436,False,-0.0882213141969688,-0.0019708134739998,0.6224333333333334,Neutral,1.0,150,ok,3472,1.459396,1.459233,0.010375,0.006803,1.327707,1.576623,0.248916,1.459433,0.33074,0.0,0.0,False,6.098588728778267e-06,6.874516905538051e-06,1.115736452315232e-05,1.1339992573446712e-05,3.547046273091535e-05,ok,False,False
2026-07-06_19-02_proband_12,proband_12,2026-07-06,1783357569766,1783357599766,neutral,neutral,activated,0.797,face_ambiguous,proxy,34.421628155107435,69.15019829836277,57.49715175461345,12.12121212121212,34,0.0,ok,-0.8870128033986006,1.8571903495663025,1.3721015764824516,False,-0.2120928199333512,-0.0317529685524955,0.6915761589403974,Neutral,1.0,151,ok,3629,1.459648,1.459385,0.009654,0.0069,1.386105,1.53929,0.153185,1.45968,0.338754,0.0,0.0,False,5.317240930801044e-06,5.882258855543541e-06,6.651425745854299e-06,8.176233645117115e-06,2.6027159177316e-05,ok,False,False
2026-07-06_19-02_proband_12,proband_12,2026-07-06,1783357599766,1783357629766,neutral,neutral,activated,0.582,face_ambiguous,proxy,31.414626973414595,68.48625239198307,46.49103377032896,9.090909090909092,34,0.0,ok,-1.2002583391517354,1.5918158212781903,1.3960370802149629,False,-0.1302576405059836,-0.0853224749865656,0.78158,Neutral,1.0,150,ok,3585,1.459686,1.459483,0.009499,0.006776,1.354741,1.568228,0.213487,1.459717,0.327846,0.0,0.0,False,6.664674918089054e-06,5.398391807306946e-06,6.370875014179183e-06,7.471555953469719e-06,2.59054976930449e-05,ok,False,False
2026-07-06_19-02_proband_12,proband_12,2026-07-06,1783357629766,1783357659766,neutral,neutral,activated,0.661,face_ambiguous,proxy,28.9632692861482,64.45332169592803,27.110716099346305,6.451612903225806,32,0.0,ok,-1.4556213422477435,-0.0201183299841461,0.7177515061317987,False,-0.17455576868175,-0.0593726179430447,0.7522684563758388,Neutral,1.0,149,ok,3427,1.459357,1.459242,0.011576,0.006628,1.33812,1.583562,0.245442,1.459402,0.355225,0.0,0.0,False,5.004239029002868e-06,1.1241831830306513e-05,1.915838743062447e-05,2.0986838669137933e-05,5.639129695907178e-05,ok,False,False
2026-07-06_19-02_proband_12,proband_12,2026-07-06,1783357659766,1783357689766,negative calm,negative,calm,0.919,clear,proxy,54.84288409159269,62.26892391515859,73.89527790579174,25.806451612903224,32,0.0,ok,1.24031168703442,-0.8932068227291882,-1.066759254881804,False,-0.3006290318217477,0.2139167620988467,0.7295986842105263,Neutral,1.0,152,ok,3765,1.459415,1.459333,0.011199,0.007611,1.344336,1.579468,0.235132,1.459458,0.343252,0.0,0.0,False,7.130458796500799e-06,8.021601771102463e-06,1.7454534609594843e-05,1.7254617357628507e-05,4.986121253482661e-05,ok,False,False
2026-07-06_19-02_proband_12,proband_12,2026-07-06,1783357689766,1783357719766,neutral,neutral,neutral,0.786,face_ambiguous+hrv_ambiguous,proxy,25.422431040323424,61.07572075917778,41.17497413021235,6.666666666666667,31,0.0,ok,-1.824477789688232,-1.3701217665939258,0.227178011547153,False,-0.2232930011051486,0.0496745849996012,0.5930472972972973,Neutral,1.0,148,ok,3531,1.459524,1.459412,0.010917,0.006837,1.326691,1.567404,0.240713,1.459565,0.324079,0.0,0.0,False,6.908788836158973e-06,9.39974379198114e-06,1.7975616057515372e-05,1.773868379753306e-05,5.202283248318855e-05,ok,False,False
2026-07-06_19-02_proband_12,proband_12,2026-07-06,1783357719766,1783357749766,neutral,negative,neutral,0.775,hrv_ambiguous,proxy,37.01576240828584,62.91009943854427,45.36589595862769,13.333333333333334,31,0.0,ok,-0.6167764699712355,-0.6369334570326557,-0.0100784935307101,False,-0.2822532900297008,0.0418740492116002,0.5485165562913907,Neutral,1.0,151,ok,3672,1.459588,1.459472,0.01107,0.007782,1.345287,1.596586,0.251298,1.45963,0.312994,0.0,0.0,False,9.170550834822367e-06,9.050695417940526e-06,1.3749299727325069e-05,1.3983042376053368e-05,4.595358835614133e-05,ok,False,False
2026-07-06_19-02_proband_12,proband_12,2026-07-06,1783357749766,1783357779766,neutral,negative,neutral,0.838,hrv_ambiguous,proxy,32.53484484413992,63.037625582769714,39.57307450535593,12.903225806451612,32,0.0,ok,-1.083562925391358,-0.5859621504201034,0.2488003874856272,False,-0.2834391027676519,0.040400337859293,0.5248733333333333,Neutral,1.0,150,ok,3514,1.460033,1.459667,0.011094,0.007195,1.327512,1.592734,0.265222,1.460075,0.353259,0.0,0.0,False,5.97321341374361e-06,1.0106125788753863e-05,1.691035965833595e-05,1.6478362218996215e-05,4.946806107982964e-05,ok,False,False
2026-07-06_19-02_proband_12,proband_12,2026-07-06,1783357779766,1783357809766,neutral,negative,neutral,0.796,hrv_ambiguous,proxy,37.50724068027767,62.886489885756205,46.89632733212037,13.79310344827586,30,0.0,ok,-0.5655781613179494,-0.6463700299131027,-0.0403959342975766,False,-0.2728364696348985,0.0611202449016341,0.5845526315789474,Neutral,1.0,152,ok,3596,1.460045,1.460016,0.010829,0.00687,1.319462,1.58873,0.269268,1.460085,0.319054,0.0,0.0,False,5.972249146523075e-06,9.367036425069533e-06,1.6804103469548637e-05,1.755880867792319e-05,4.9702197719064434e-05,ok,False,False
2026-07-06_19-02_proband_12,proband_12,2026-07-06,1783357809766,1783357839766,neutral,neutral,neutral,0.706,face_ambiguous+hrv_ambiguous,proxy,38.00933671375173,62.605973653319424,51.321724004934886,16.129032258064516,32,0.0,ok,-0.513273778478777,-0.7584904031916718,-0.1226083123564474,False,-0.2024064071097739,-0.0089329005185859,0.6873741496598639,Neutral,1.0,147,ok,3696,1.459544,1.459676,0.010799,0.00695,1.32199,1.589904,0.267915,1.459584,0.32747,0.0,0.0,False,6.49952465304827e-06,9.220358017719115e-06,1.5720779738075006e-05,1.5779901000693765e-05,4.722056340953615e-05,ok,False,False
2026-07-06_19-02_proband_12,proband_12,2026-07-06,1783357839766,1783357869766,neutral,neutral,calm,0.512,face_ambiguous,proxy,59.56404116579062,66.23624259860168,87.66488792987519,40.625,33,0.0,ok,1.7321243893657412,0.6925026666599045,-0.5198108613529184,False,-0.1417040765257462,-0.0591635803926382,0.7059933333333334,Neutral,1.0,150,ok,3534,1.460302,1.459925,0.011019,0.007377,1.342263,1.57447,0.232207,1.460343,0.333711,0.0,0.0,False,6.741556557226682e-06,9.39519086949386e-06,1.8152170187936502e-05,1.891968605111e-05,5.3208603665767055e-05,ok,False,False
2026-07-06_19-02_proband_12,proband_12,2026-07-06,1783357869766,1783357899766,positive calm,positive,calm,0.887,clear,proxy,49.685007799133935,63.3558144287758,71.9400138406843,20.0,31,0.0323,ok,0.7030050399947726,-0.4587842973690515,-0.5808946686819121,False,0.0497506123977108,-0.0214709418623308,0.6232333333333333,Neutral,1.0,150,ok,3501,1.459642,1.459488,0.011726,0.00734,1.325622,1.588367,0.262745,1.459689,0.358286,0.0,0.0,False,7.057433538883323e-06,1.033960847141385e-05,1.8169319235163893e-05,1.797625158316649e-05,5.354261282862756e-05,ok,False,False
2026-07-06_19-02_proband_12,proband_12,2026-07-06,1783357899766,1783357929766,neutral,neutral,neutral,0.58,face_ambiguous+hrv_ambiguous,proxy,49.137562007083744,65.17854014086976,65.08908700628568,30.0,31,0.0,ok,0.6459764789584178,0.2697464027945361,-0.1881150380819408,False,-0.1634521388853205,-0.0765167183571599,0.7265466666666667,Neutral,1.0,150,ok,3676,1.459709,1.459599,0.011493,0.006949,1.332845,1.567694,0.234849,1.459754,0.324354,0.0,0.0,False,6.951088407597854e-06,9.24021458249426e-06,1.709502983819504e-05,1.6703616585419135e-05,4.998994941370629e-05,ok,False,False
2026-07-06_19-02_proband_12,proband_12,2026-07-06,1783357929766,1783357959766,positive activated,positive,activated,0.937,clear,proxy,43.70247418625174,66.53225806451613,79.34633519634609,31.25,33,0.0,ok,0.0797921333495479,0.8108179749978542,0.3655129208241531,False,0.2311107248626802,0.0098634649296737,0.7901266666666668,Neutral,1.0,150,ok,3406,1.459585,1.459577,0.01118,0.007329,1.338244,1.589264,0.25102,1.459628,0.339207,0.0,0.0,False,5.859194131436111e-06,8.863710972620103e-06,1.5157956383633837e-05,1.5917629650794334e-05,4.579849113848439e-05,ok,False,False
2026-07-06_19-14_proband_13,proband_13,2026-07-06,1783358128516,1783358158516,negative activated,negative,activated,0.868,clear,proxy,32.70586970321197,91.07938763645758,69.12534700469784,10.869565217391305,47,0.0,ok,-1.621361868673158,1.789610119893536,1.7054859942833471,False,-0.1147476323643456,-0.0213245012102554,0.6079000000000002,Neutral,0.9272,151,ok,3521,1.45982,1.459757,0.011933,0.008101,1.332894,1.591652,0.258758,1.459869,0.294034,0.0,0.0,False,9.020285728291804e-06,1.6520453877899916e-05,2.5250734479580166e-05,1.9795704477661657e-05,7.058717856343354e-05,ok,False,False
2026-07-06_19-14_proband_13,proband_13,2026-07-06,1783358158516,1783358188516,neutral,neutral,neutral,0.579,face_ambiguous+hrv_ambiguous,proxy,89.5268609051463,72.7247541210694,137.34059973705683,61.76470588235294,35,0.0,ok,0.3696001539671038,-0.0063638673150035,-0.1879820106410537,True,0.1440515154812424,-0.0233551678696214,0.5514199999999999,Neutral,1.0,150,ok,3675,1.459827,1.45982,0.010436,0.006294,1.346219,1.580699,0.234479,1.459864,0.378879,0.0,0.0,False,3.914438654420559e-06,8.369064174682215e-06,1.4375340767232036e-05,1.5012594943252605e-05,4.167143853958742e-05,ok,False,False
2026-07-06_19-14_proband_13,proband_13,2026-07-06,1783358188516,1783358218516,positive calm,positive,calm,0.878,clear,proxy,106.28815744848109,60.52658125693534,85.01811166066221,65.51724137931035,30,0.0,ok,0.9569025603857902,-1.1999372032844156,-1.078419881835103,True,0.2448861109855845,-0.0234281146911292,0.5940671140939596,Neutral,1.0,149,ok,3578,1.459677,1.459601,0.010759,0.006735,1.339301,1.577525,0.238224,1.459717,0.325692,0.0,0.0,False,6.053284024006784e-06,8.67946467268928e-06,1.5170845292054452e-05,1.582153660152772e-05,4.572513059027824e-05,ok,False,False
2026-07-06_19-14_proband_13,proband_13,2026-07-06,1783358218516,1783358248516,neutral,positive,neutral,0.827,hrv_ambiguous,proxy,72.33791670727315,63.487864559222274,78.21761929221533,64.51612903225806,32,0.0,ok,-0.2326866837549928,-0.9101799724901584,-0.3387466443675828,False,0.4081845649676794,0.0133716299916664,0.5919866666666667,Happiness,1.0,150,ok,3542,1.459674,1.459544,0.010371,0.006859,1.334218,1.567454,0.233235,1.459711,0.340582,0.0,0.0,False,5.220448069293009e-06,7.613872896996598e-06,1.3202550036186563e-05,1.321858927536999e-05,3.925546027784616e-05,ok,False,False
2026-07-06_19-14_proband_13,proband_13,2026-07-06,1783358248516,1783358278516,neutral,negative,neutral,0.804,hrv_ambiguous,proxy,85.98455010723065,72.50998690791903,112.18797646580522,51.42857142857142,36,0.0,ok,0.2454804207161553,-0.0273785243387983,-0.1364294725274768,True,-0.1371683633438279,0.0406539871085641,0.6712466666666667,Neutral,1.0,150,ok,3675,1.459891,1.459949,0.010952,0.00718,1.335742,1.58138,0.245637,1.459932,0.327164,0.0,0.0,False,6.393691523575836e-06,9.958766154705246e-06,1.6322462598300294e-05,1.7246558016788102e-05,4.992147829336948e-05,ok,False,False
2026-07-06_19-14_proband_13,proband_13,2026-07-06,1783358278516,1783358308516,negative calm,negative,calm,0.867,clear,proxy,149.79842010737852,62.54203093476799,122.45830539060952,70.0,31,0.0,ok,2.481467315708441,-1.0027284063405495,-1.7420978610244957,True,-0.0985183403630159,0.0186490332211743,0.5552894736842106,Neutral,1.0,152,ok,3471,1.459724,1.459571,0.011152,0.006766,1.332225,1.589306,0.257081,1.459766,0.345821,0.0,0.0,False,5.509308318665664e-06,8.048536248398017e-06,1.3996147477529491e-05,1.5149244360023286e-05,4.270323640461646e-05,ok,False,False
2026-07-06_19-14_proband_13,proband_13,2026-07-06,1783358308516,1783358338516,negative calm,negative,calm,0.897,clear,proxy,95.88450714102576,66.42219608385803,90.11227316072738,67.74193548387096,32,0.0,ok,0.5923669861054862,-0.623059933636017,-0.6077134598707516,True,-0.0697064807488774,-0.0644927506447867,0.6575608108108107,Neutral,1.0,148,ok,3549,1.460018,1.459878,0.010283,0.007062,1.330739,1.576377,0.245638,1.460054,0.319617,0.0,0.0,False,7.442886277052723e-06,8.132172843267249e-06,1.5118066753334404e-05,1.4923535656992206e-05,4.5616661530646585e-05,ok,False,False
2026-07-06_19-14_proband_13,proband_13,2026-07-06,1783358338516,1783358368516,neutral,neutral,calm,0.795,face_ambiguous,proxy,98.96545503519184,66.80119685477698,121.985572256352,61.29032258064516,32,0.0,ok,0.7003209327238863,-0.5859752637006707,-0.6431480982122785,True,0.1940355356466547,-0.0421131760065821,0.5104733333333333,Neutral,1.0,150,ok,3611,1.45963,1.459798,0.010722,0.006872,1.334972,1.601001,0.266029,1.459669,0.320499,0.0,0.0,False,6.489686526357439e-06,9.263569053752623e-06,1.4997919269168691e-05,1.564671297937585e-05,4.639788782865461e-05,ok,False,False
2026-07-06_19-14_proband_13,proband_13,2026-07-06,1783358368516,1783358398516,neutral,neutral,calm,0.52,face_ambiguous,proxy,114.48682602523895,62.48530251620922,98.06824483573313,60.0,31,0.0,ok,1.2441773408367054,-1.008279198950034,-1.1262282698933697,True,0.0573311060414808,-0.0406063252000509,0.5718741721854306,Neutral,1.0,151,ok,3662,1.460176,1.459726,0.011705,0.007863,1.336959,1.566628,0.22967,1.460223,0.348812,0.0,0.0,False,5.675688162926555e-06,1.0177398034699958e-05,1.7856819462454287e-05,1.8788566484886696e-05,5.249847214496749e-05,ok,False,False
2026-07-06_19-14_proband_13,proband_13,2026-07-06,1783358398516,1783358428516,positive activated,positive,activated,0.901,clear,proxy,40.69912289781148,84.60724930295164,81.7090536618625,16.27906976744186,44,0.0227,ok,-1.3412846786917587,1.1563208701328844,1.2488027744123216,False,0.2679255659214574,-0.0033878829176395,0.6697516778523489,Happiness,1.0,149,ok,3611,1.459658,1.459275,0.010965,0.007125,1.324645,1.596267,0.271622,1.459699,0.32133,0.0,0.0,False,6.660898017809064e-06,9.834328842013637e-06,1.6914248784631772e-05,1.730709497606856e-05,5.071657062052304e-05,ok,False,False
2026-07-06_19-14_proband_13,proband_13,2026-07-06,1783358428516,1783358458516,negative activated,negative,activated,0.885,clear,proxy,64.31300150173496,76.59488695535325,97.50655593088156,43.24324324324324,38,0.0,ok,-0.5138732852409417,0.3723229580900447,0.4430981216654931,False,-0.1703672483539183,-0.0128873778887119,0.6155496688741722,Neutral,1.0,151,ok,3610,1.459959,1.459659,0.00993,0.006425,1.32977,1.585746,0.255976,1.459993,0.354392,0.0,0.0,False,4.269342664503119e-06,7.819417836901015e-06,1.2579319669944787e-05,1.408804122067597e-05,3.87561213920249e-05,ok,False,False
2026-07-06_19-14_proband_13,proband_13,2026-07-06,1783358458516,1783358488516,positive calm,positive,calm,0.882,clear,proxy,104.21324292046572,65.37096264014339,127.25226828998466,46.66666666666666,31,0.0,ok,0.884199217164941,-0.7259215853171734,-0.8050604012410572,True,0.2285346358792185,-0.0282851457140977,0.60804,Neutral,1.0,150,ok,3600,1.459802,1.459612,0.011203,0.007149,1.343832,1.586964,0.243132,1.459845,0.317866,0.0,0.0,False,7.69630171922896e-06,9.26364409212599e-06,1.975042996395194e-05,1.895535699651693e-05,5.566573277182381e-05,ok,False,False
2026-07-06_19-14_proband_13,proband_13,2026-07-06,1783358488516,1783358518516,neutral,neutral,calm,0.494,face_ambiguous,proxy,91.05749099698863,63.500734013860914,92.06365259445369,43.333333333333336,31,0.0,ok,0.4232322064728111,-0.9089207152164472,-0.6660764608446292,True,0.074264889100094,-0.0718120435128462,0.6453266666666667,Neutral,1.0,150,ok,3557,1.459988,1.459543,0.010818,0.006887,1.347664,1.585103,0.237439,1.460028,0.309055,0.0,0.0,False,6.827265254293535e-06,8.674247715426415e-06,1.7648511608364168e-05,1.862132472629459e-05,5.177134930437871e-05,ok,False,False
2026-07-06_19-14_proband_13,proband_13,2026-07-06,1783358518516,1783358548516,negative activated,negative,activated,0.897,clear,proxy,58.11982695874348,75.24559325576534,86.37766833679633,34.285714285714285,36,0.0,ok,-0.7308771609892186,0.2402965472367524,0.4855868541129855,False,-0.1727401121351299,-0.0255284748202897,0.65754,Neutral,1.0,150,ok,3422,1.459423,1.459483,0.010969,0.007153,1.320025,1.584386,0.264361,1.459464,0.333528,0.0,0.0,False,6.6641478593144e-06,8.818892864275329e-06,1.579263597721269e-05,1.610295408595799e-05,4.737863078676041e-05,ok,False,False
2026-07-06_19-14_proband_13,proband_13,2026-07-06,1783358548516,1783358578516,neutral,negative,neutral,0.871,hrv_ambiguous,proxy,66.09387263582003,72.8769526637201,82.18648461862969,54.285714285714285,36,0.0,ok,-0.4514729870381364,0.0085285370069108,0.2300007620225236,False,-0.1406249274628346,-0.0521476487407548,0.63186,Neutral,1.0,150,ok,3570,1.45987,1.459389,0.010934,0.006478,1.334354,1.584161,0.249806,1.459911,0.33791,0.0,0.0,False,5.156905720283335e-06,8.487998144070008e-06,1.5145561891629008e-05,1.533022196690577e-05,4.412068772288812e-05,ok,False,False
2026-07-06_19-14_proband_13,proband_13,2026-07-06,1783358578516,1783358608516,negative activated,negative,activated,0.861,clear,proxy,60.46624402645386,76.01438109912685,79.08717203681506,33.33333333333333,37,0.0,ok,-0.648660586229304,0.3155213109021151,0.4820909485657095,False,-0.0965107223476298,-0.0541490970654627,0.5351677852348993,Neutral,1.0,149,ok,3598,1.459724,1.459771,0.010891,0.007319,1.341447,1.584385,0.242938,1.459765,0.311927,0.0,0.0,False,6.950879731821066e-06,8.064480165221814e-06,1.4613533388701372e-05,1.4969046022078416e-05,4.4597939307822665e-05,ok,False,False
2026-07-06_19-14_proband_13,proband_13,2026-07-06,1783358608516,1783358638516,neutral,positive,neutral,0.868,hrv_ambiguous,proxy,85.61942369746315,72.85483000539665,113.84511896041528,40.0,36,0.0,ok,0.2326866837549928,0.0063638673150035,-0.1131614082199946,True,0.5311704921001402,0.0014680761163173,0.8835599999999999,Happiness,1.0,150,ok,3601,1.459961,1.459692,0.007955,0.006172,1.341195,1.568952,0.227757,1.459982,0.285278,0.0,0.0,False,5.3958682276833535e-06,5.607392520393023e-06,7.521551591097165e-06,7.42711179291058e-06,2.5951924132084123e-05,suspect_lowamp,False,True
2026-07-06_19-14_proband_13,proband_13,2026-07-06,1783358638516,1783358668516,positive activated,positive,activated,0.874,clear,proxy,24.14209827440252,90.7288551362613,33.690990313180585,2.272727272727273,45,0.0,ok,-1.9214295606417369,1.7553110285226354,1.838370294582186,False,0.3544600559137331,0.0390323272665031,0.580364238410596,Happiness,1.0,151,ok,3591,1.459639,1.459601,0.009893,0.006717,1.337851,1.557127,0.219276,1.459672,0.329805,0.0,0.0,False,5.182387844265102e-06,7.933777587616421e-06,1.3814275378761498e-05,1.425862657641041e-05,4.118906738705343e-05,ok,False,False
2026-07-06_19-14_proband_13,proband_13,2026-07-06,1783358668516,1783358698516,positive activated,positive,activated,0.877,clear,proxy,28.9811851191267,89.15304606240713,38.97201793361722,4.545454545454546,45,0.0222,ok,-1.751871833324654,1.601120420299564,1.676496126812109,False,0.2743782084086748,0.0050237794684589,0.5901543624161073,Neutral,1.0,149,ok,3413,1.460143,1.459568,0.010702,0.007743,1.346737,1.580245,0.233508,1.460182,0.30041,0.0,0.0,False,1.0884046603146688e-05,8.100929610120774e-06,1.211285174832988e-05,1.1414032940438256e-05,4.25118609020356e-05,ok,False,False
2026-07-06_19-27_proband_14,proband_14,2026-07-06,1783358891391,1783358921391,neutral,neutral,calm,0.527,face_ambiguous,proxy,34.28858872968048,86.239348413812,35.40501516342587,12.195121951219512,42,0.0,ok,2.7660729554740358,-0.8701572835219384,-1.8181151194979868,False,-0.231556339767336,0.0913667901475271,0.5129,Neutral,1.0,150,ok,3616,1.45979,1.459609,0.009246,0.006939,1.355037,1.567723,0.212686,1.459819,0.307884,0.0,0.0,False,6.035637104895029e-06,7.063856137204384e-06,1.0573662288212552e-05,9.515803249571962e-06,3.318895877988393e-05,ok,False,False
2026-07-06_19-27_proband_14,proband_14,2026-07-06,1783358921391,1783358951391,neutral,positive,neutral,0.797,hrv_ambiguous,proxy,26.740788459614656,88.0440220110055,28.914861903537325,4.651162790697675,44,0.0,ok,0.5799256355245095,1.0836867861809585,0.2518805753282244,False,-0.0461334715201764,0.0733518915839364,0.5499799999999999,Neutral,1.0,150,ok,3593,1.459319,1.459492,0.010317,0.006611,1.337954,1.583559,0.245605,1.459356,0.318486,0.0,0.0,False,5.558206411845209e-06,8.324829671353738e-06,1.327268450166315e-05,1.3877940786503984e-05,4.103366137136608e-05,ok,False,False
2026-07-06_19-27_proband_14,proband_14,2026-07-06,1783358951391,1783358981391,neutral,positive,neutral,0.802,hrv_ambiguous,proxy,27.70358049229419,87.61449621664674,47.05131920018609,6.976744186046512,44,0.0,ok,0.8587890323553274,0.6186573052834814,-0.120065863535923,False,0.0057458383200957,0.0515469753019258,0.4901866666666666,Neutral,1.0,150,ok,3569,1.459962,1.459812,0.010515,0.006592,1.347313,1.576635,0.229322,1.46,0.338004,0.0,0.0,False,4.951821509369209e-06,1.0006666389437498e-05,1.637766181398001e-05,1.6033101244160286e-05,4.7369250956947e-05,ok,False,False
2026-07-06_19-27_proband_14,proband_14,2026-07-06,1783358981391,1783359011391,positive calm,positive,calm,0.836,clear,proxy,27.56896115285484,87.02104695089045,47.79339070317013,7.142857142857142,43,0.0,ok,0.8197978431878175,-0.0238452117205086,-0.421821527454163,False,0.003826489929825,0.0556981301399084,0.4531533333333334,Neutral,1.0,150,ok,3559,1.459544,1.459704,0.010437,0.006626,1.342492,1.582075,0.239583,1.459582,0.310006,0.0,0.0,False,7.068849951420904e-06,8.437871017019192e-06,1.5517244882846898e-05,1.4699239079848468e-05,4.5723204931135466e-05,ok,False,False
2026-07-06_19-27_proband_14,proband_14,2026-07-06,1783359011391,1783359041391,positive activated,positive,activated,0.856,clear,proxy,42.60052051121074,94.09095458943644,48.02585643397176,4.3478260869565215,47,0.0,ok,5.173543574412023,7.630445921258931,1.228451173423454,False,-0.11597472757377,0.0570137079488133,0.5194066666666667,Neutral,1.0,150,ok,3533,1.459752,1.459762,0.010503,0.006734,1.334671,1.577497,0.242826,1.45979,0.35419,0.0,0.0,False,4.30010683808201e-06,9.832683281658569e-06,1.5983407019749674e-05,1.5967535179473842e-05,4.6083732318964095e-05,ok,False,False
2026-07-06_19-27_proband_14,proband_14,2026-07-06,1783359041391,1783359071391,neutral,neutral,calm,0.746,face_ambiguous,proxy,45.03954901650055,86.86659772492244,36.63816863186347,2.4390243902439024,42,0.0238,ok,5.879984582299652,-0.1910608814665983,-3.035522731883125,False,-0.1694502967916447,0.123276855260851,0.5288344370860927,Neutral,1.0,151,ok,3591,1.459544,1.459118,0.010183,0.006956,1.351195,1.564496,0.2133,1.459579,0.336212,0.0,0.0,False,4.842220129869691e-06,7.5619778822399295e-06,1.4111675250148905e-05,1.3360224298059366e-05,3.987609756031789e-05,ok,False,False
2026-07-06_19-27_proband_14,proband_14,2026-07-06,1783359071391,1783359101391,neutral,neutral,neutral,0.502,face_ambiguous+hrv_ambiguous,proxy,22.825945972156543,86.64114446907112,17.554503008010517,0.0,43,0.0,ok,-0.5539706131511932,-0.4351496228463956,0.0594104951523988,False,-0.2139963208809303,0.1382505788823711,0.5182399999999999,Neutral,1.0,150,ok,3555,1.459804,1.459626,0.011352,0.007072,1.334346,1.567986,0.23364,1.459849,0.336522,0.0,0.0,False,5.810049078997187e-06,9.159528223601115e-06,2.089980363768857e-05,2.0316777099091195e-05,5.618615803937806e-05,ok,False,False
2026-07-06_19-27_proband_14,proband_14,2026-07-06,1783359101391,1783359131391,neutral,neutral,activated,0.62,face_ambiguous,proxy,24.9170050940546,89.98639740504342,30.95606503332957,2.380952380952381,43,0.0,ok,0.0516844295932776,3.186614789715611,1.5674651800611668,False,-0.2042292017913592,0.134998537934668,0.509530201342282,Neutral,1.0,149,ok,3595,1.459773,1.459656,0.009426,0.006406,1.392282,1.541218,0.148935,1.459803,0.358653,0.0,0.0,False,4.712882617578804e-06,5.493276143139941e-06,8.323674870353101e-06,9.093037413941736e-06,2.7622871045013584e-05,ok,False,False
2026-07-06_19-27_proband_14,proband_14,2026-07-06,1783359131391,1783359161391,neutral,positive,neutral,0.767,hrv_ambiguous,proxy,22.08335161619837,86.63122661941327,42.09143877036024,2.3255813953488373,44,0.0,ok,-0.7690558834286809,-0.4458872608150213,0.1615843113068298,False,-0.0895626688518713,0.0939943278575178,0.5206733333333332,Neutral,1.0,150,ok,3493,1.459674,1.459589,0.010314,0.006794,1.33693,1.547201,0.210271,1.459711,0.33362,0.0,0.0,False,6.257792340311592e-06,6.935875554430548e-06,1.1418487740759347e-05,1.1752256234298694e-05,3.636441186980018e-05,ok,False,False
2026-07-06_19-27_proband_14,proband_14,2026-07-06,1783359161391,1783359191391,neutral,neutral,activated,0.451,face_ambiguous,proxy,21.476866949196484,88.26774549466715,35.111202081784484,2.3255813953488373,44,0.0,ok,-0.944718299220864,1.3259027760892623,1.1353105376550632,False,-0.2528283978245595,0.1122264695932759,0.5023398692810458,Neutral,1.0,153,ok,3502,1.459806,1.459812,0.010878,0.007056,1.335098,1.57793,0.242832,1.459847,0.330191,0.0,0.0,False,5.622363829912493e-06,9.91585924988738e-06,1.8895349400434368e-05,1.9756294716117333e-05,5.418986719635157e-05,ok,False,False
2026-07-06_19-27_proband_14,proband_14,2026-07-06,1783359191391,1783359221391,neutral,neutral,calm,0.761,face_ambiguous,proxy,25.439550540591654,85.17254199479501,30.525640866169542,4.878048780487805,42,0.0,ok,0.2030346623265624,-2.025143647016583,-1.1140891546715728,False,-0.3457814302772223,0.1387205190545381,0.4696689189189189,Anger,1.0,148,ok,3702,1.460128,1.460133,0.01083,0.006632,1.346251,1.587837,0.241586,1.460168,0.3699,0.0,0.0,False,4.41697027111138e-06,7.849925477406395e-06,1.4341506735007591e-05,1.4672296785968342e-05,4.128069926949371e-05,ok,False,False
2026-07-06_19-27_proband_14,proband_14,2026-07-06,1783359221391,1783359251391,negative calm,negative,calm,0.856,clear,proxy,24.61416549178832,86.36850562399572,38.70987008608979,0.0,43,0.0,ok,-0.0360301310972944,-0.7303242136697091,-0.3471470412862073,False,-0.3924780525304291,0.1753658424087123,0.5203333333333334,Anger,1.0,150,ok,3694,1.459856,1.45964,0.010023,0.006882,1.360436,1.566335,0.205899,1.45989,0.32196,0.0,0.0,False,6.243017073892621e-06,6.912526609724243e-06,1.271230624669423e-05,1.3389846430998132e-05,3.9257696361309226e-05,ok,False,False
2026-07-06_19-27_proband_14,proband_14,2026-07-06,1783359251391,1783359281391,neutral,negative,neutral,0.767,hrv_ambiguous,proxy,24.34034471720524,87.06509634529073,44.62306759606827,4.761904761904762,43,0.0,ok,-0.1153396691193027,0.0238452117205086,0.0695924404199057,False,-0.3973788909317665,0.1781147511475115,0.521993288590604,Anger,1.0,149,ok,3548,1.460075,1.459752,0.010158,0.00691,1.330187,1.562375,0.232188,1.46011,0.305892,0.0,0.0,False,5.027768296677382e-06,8.068463312981338e-06,1.258464593518966e-05,1.3266071286220807e-05,3.894694883106919e-05,ok,False,False
2026-07-06_19-27_proband_14,proband_14,2026-07-06,1783359281391,1783359311391,neutral,negative,neutral,0.789,hrv_ambiguous,proxy,23.65006514568932,86.82211332916762,40.41148681235049,2.3255813953488373,44,0.0,ok,-0.3152724682515546,-0.2392222625468334,0.0380251028523606,False,-0.4328396450120911,0.1836579367501702,0.5679066666666667,Anger,1.0,150,ok,3586,1.459721,1.459473,0.010655,0.006445,1.338771,1.587436,0.248665,1.45976,0.340586,0.0,0.0,False,5.688895578158376e-06,9.673671826063075e-06,1.5887538189381507e-05,1.570711038354411e-05,4.6957215977147073e-05,ok,False,False
2026-07-06_19-27_proband_14,proband_14,2026-07-06,1783359311391,1783359341391,negative calm,negative,calm,0.881,clear,proxy,24.862957721612016,85.4191497814859,29.701877893284745,2.380952380952381,43,0.0,ok,0.0360301310972954,-1.758151786373273,-0.8970909587352842,False,-0.447751289487083,0.2205179199964581,0.6023066666666665,Anger,1.0,150,ok,3649,1.460074,1.459816,0.010352,0.007179,1.349882,1.587384,0.237501,1.46011,0.329221,0.0,0.0,False,5.439879364148566e-06,8.900098395820564e-06,1.353086548258936e-05,1.4203554902677394e-05,4.207439814523589e-05,ok,False,False
2026-07-06_19-27_proband_14,proband_14,2026-07-06,1783359341391,1783359371391,negative activated,negative,activated,0.87,clear,proxy,21.575449010391416,87.54368701435308,40.211952295551534,2.380952380952381,43,0.0,ok,-0.9161649590203924,0.5419951652726716,0.7290800621465321,False,-0.425595605120294,0.2015407162287881,0.5661133333333334,Anger,1.0,150,ok,3600,1.459932,1.459686,0.010725,0.007166,1.358203,1.586471,0.228269,1.459972,0.333426,0.0,0.0,False,8.458605232463186e-06,6.879635261662937e-06,1.5126340963988552e-05,1.5022397230143155e-05,4.548697868825783e-05,ok,False,False
2026-07-06_19-27_proband_14,proband_14,2026-07-06,1783359371391,1783359401391,neutral,negative,neutral,0.85,hrv_ambiguous,proxy,22.80452831408505,87.45196766927255,23.47964797269703,0.0,44,0.0,ok,-0.5601740305863728,0.4426944946465135,0.5014342626164432,False,-0.4172252540201724,0.1821625853470468,0.5324966887417218,Anger,1.0,151,ok,3110,1.45993,1.459644,0.010409,0.006572,1.33405,1.586156,0.252106,1.459967,0.354455,0.0,0.0,False,4.899063493342179e-06,7.039465977176788e-06,1.3594632247746752e-05,1.302340274728613e-05,3.855656446555185e-05,ok,False,False
2026-07-06_19-27_proband_14,proband_14,2026-07-06,1783359401391,1783359431391,negative activated,negative,activated,0.864,clear,proxy,19.56167403135761,91.3736505465498,21.424450301164573,0.0,45,0.0,ok,-1.49943539754218,4.688535318682244,3.093985358112212,False,-0.4188943979943286,0.2046349994523348,0.54778,Anger,1.0,150,ok,3348,1.459838,1.459862,0.010583,0.007324,1.353098,1.585971,0.232873,1.459877,0.335823,0.0,0.0,False,6.182748661570083e-06,8.850502143006295e-06,1.5704449675820333e-05,1.5196825205826707e-05,4.593452568622342e-05,ok,False,False
2026-07-06_19-27_proband_14,proband_14,2026-07-06,1783359431391,1783359461391,negative activated,negative,activated,0.859,clear,proxy,20.355179521029367,86.89501869253309,22.70344225319069,0.0,43,0.0,ok,-1.2696042099720817,-0.1602906972584239,0.5546567563568289,False,-0.4096455870988992,0.1764713386285613,0.5297919463087248,Anger,1.0,149,ok,3558,1.459808,1.459604,0.010327,0.006768,1.342365,1.567372,0.225007,1.459844,0.321619,0.0,0.0,False,6.37749906812716e-06,7.411876719505639e-06,1.4558743059211604e-05,1.548697126194996e-05,4.383509010879436e-05,ok,False,False
2026-07-06_19-51_proband_15,proband_15,2026-07-06,1783360304870,1783360334870,neutral,positive,neutral,0.863,hrv_ambiguous,proxy,51.51327641549141,70.40600797934756,75.6916344744369,32.35294117647059,35,0.0,ok,0.4558434301352648,0.0273255551642424,-0.2142589374855111,False,0.5360472306105913,-0.038960466229653,0.7241066666666668,Happiness,1.0,150,ok,3578,1.460457,1.460343,0.0096,0.007412,1.379348,1.554035,0.174687,1.460489,0.279284,0.0,0.0,False,5.7226787227635e-06,1.784754597875927e-05,1.257222047400846e-05,1.0368946935783703e-05,4.651139211131494e-05,ok,False,False
2026-07-06_19-51_proband_15,proband_15,2026-07-06,1783360334870,1783360364870,positive calm,positive,calm,0.876,clear,proxy,61.92838606002905,67.83377299667683,75.61998793809462,34.375,33,0.0,ok,1.752852994616703,-0.6871373863049007,-1.219995190460802,False,0.5574190285701299,-0.1225144896242925,0.5866266666666666,Happiness,1.0,150,ok,3589,1.460212,1.460378,0.018742,0.009207,1.344871,1.649779,0.304908,1.460332,0.256689,0.0,0.0,False,2.889425949824452e-05,0.0001211316956076,8.032037719922946e-05,1.7636800308118433e-05,0.0002479831326132,ok,False,False
2026-07-06_19-51_proband_15,proband_15,2026-07-06,1783360364870,1783360394870,neutral,positive,neutral,0.852,hrv_ambiguous,proxy,51.55801170941885,69.10009917143863,72.40198081127909,34.285714285714285,36,0.0,ok,0.461414384841844,-0.3354031436035223,-0.3984087642226832,False,0.2653044446040066,-0.1407581915224623,0.55708,Neutral,1.0,150,ok,3627,1.460118,1.460117,0.00865,0.006709,1.365833,1.548068,0.182235,1.460144,0.290127,0.0,0.0,False,6.458115842637599e-06,8.46367436312057e-06,9.489874573808797e-06,8.778155251013396e-06,3.318982003058036e-05,ok,False,False
2026-07-06_19-51_proband_15,proband_15,2026-07-06,1783360394870,1783360424870,positive calm,positive,calm,0.857,clear,proxy,66.29626267327929,73.20209714116135,93.92911518096334,33.33333333333333,37,0.027,ok,2.2967913627385923,0.8039661422871437,-0.7464126102257242,False,0.0406090888394212,-0.1182900814530001,0.5236026490066225,Sadness,1.0,151,ok,3577,1.460187,1.45994,0.010254,0.006874,1.339988,1.549904,0.209917,1.460223,0.285794,0.0,0.0,False,1.1466477916087567e-05,2.536186916268096e-05,1.4467041115432862e-05,9.08105661182625e-06,6.037644480602763e-05,ok,False,False
2026-07-06_19-51_proband_15,proband_15,2026-07-06,1783360424870,1783360454870,neutral,neutral,calm,0.485,face_ambiguous,proxy,62.30945955470967,68.15600151457781,68.40945962852409,34.375,33,0.0303,ok,1.8003086608784935,-0.5976353243720748,-1.1989719926252842,False,-0.1100732918763669,-0.1124706331848963,0.5094093959731543,Neutral,1.0,149,ok,3618,1.460123,1.459992,0.008793,0.007111,1.368686,1.560956,0.19227,1.460149,0.31269,0.0,0.0,False,5.412938448195469e-06,6.765796452938139e-06,1.0481926583423433e-05,9.43098182308355e-06,3.209164330764059e-05,ok,False,False
2026-07-06_19-51_proband_15,proband_15,2026-07-06,1783360454870,1783360484870,neutral,neutral,activated,0.691,face_ambiguous,proxy,40.26705722344131,78.01326225458328,76.1246615924439,17.94871794871795,40,0.025,ok,-0.9446654799167556,2.140313405265477,1.5424894425911166,False,-0.0436406730120662,-0.1265210722226386,0.53372,Neutral,1.0,150,ok,3514,1.459896,1.459641,0.016226,0.008827,1.360705,1.628939,0.268234,1.459986,0.281241,0.0,0.0,False,1.5099142959908431e-05,8.55405408530049e-05,5.628056016700846e-05,1.8161831978047417e-05,0.0001750820759579,ok,False,False
2026-07-06_19-51_proband_15,proband_15,2026-07-06,1783360484870,1783360514870,neutral,neutral,activated,0.496,face_ambiguous,proxy,40.72556234813006,73.87393549711003,75.8945958717726,22.857142857142858,36,0.0,ok,-0.8875671341113465,0.9905756904881023,0.9390714122997244,False,-0.1085767881940358,0.0053135665026949,0.5664933333333334,Neutral,1.0,150,ok,3407,1.459933,1.459824,0.009874,0.00626,1.354357,1.561341,0.206984,1.459967,0.315032,0.0,0.0,False,4.366678125491702e-06,8.119335614770068e-06,1.3451130383544307e-05,1.381903941784079e-05,3.9756183541646864e-05,ok,False,False
2026-07-06_19-51_proband_15,proband_15,2026-07-06,1783360514870,1783360544870,neutral,neutral,activated,0.744,face_ambiguous,proxy,36.21463792446364,71.56732440445762,62.29912930856291,14.705882352941178,35,0.0,ok,-1.4493194652754036,0.3498923325583791,0.8996058989168914,False,-0.0335302393903922,-0.0977790171911221,0.5770728476821192,Neutral,1.0,151,ok,3568,1.459808,1.459711,0.010074,0.006489,1.350913,1.573889,0.222976,1.459843,0.344547,0.0,0.0,False,5.596024124382285e-06,8.182004744065826e-06,1.3961640240269211e-05,1.4423806591631994e-05,4.216347570034932e-05,ok,False,False
2026-07-06_19-51_proband_15,proband_15,2026-07-06,1783360544870,1783360574870,neutral,neutral,neutral,0.449,face_ambiguous+hrv_ambiguous,proxy,46.50553414253354,68.94740298115438,59.94953059438743,17.647058823529413,35,0.0286,ok,-0.16777838914062,-0.3778159752447205,-0.1050187930520502,False,-0.0952201731427421,-0.1751446647875981,0.6667114093959732,Neutral,1.0,149,ok,3558,1.45976,1.459553,0.009654,0.00684,1.344893,1.575637,0.230744,1.459791,0.308968,0.0,0.0,False,5.505640975163526e-06,7.571255381421293e-06,1.1333232250020088e-05,1.2142374062343104e-05,3.655250266894801e-05,ok,False,False
2026-07-06_19-51_proband_15,proband_15,2026-07-06,1783360574870,1783360604870,negative calm,negative,calm,0.894,clear,proxy,76.98093605646162,65.49994882816497,89.37398206052384,45.16129032258064,32,0.0,ok,3.62737011268155,-1.3353794371052023,-2.481374774893376,True,-0.2316760095109675,0.1338262704449774,0.6476733333333333,Anger,1.0,150,ok,3674,1.459975,1.45969,0.010089,0.006749,1.33584,1.577596,0.241756,1.46001,0.323441,0.0,0.0,False,5.270806826677294e-06,8.271125396236969e-06,1.2879341249542851e-05,1.3719422639376728e-05,4.014069611183384e-05,ok,False,False
2026-07-06_19-51_proband_15,proband_15,2026-07-06,1783360604870,1783360634870,neutral,negative,neutral,0.798,hrv_ambiguous,proxy,45.46214306005496,67.8901028959372,63.06306846989536,22.58064516129032,32,0.0,ok,-0.297713479567547,-0.671491216421758,-0.1868888684271055,False,-0.3600978758641456,0.0908423522326637,0.5278344370860928,Anger,1.0,151,ok,3321,1.459678,1.45955,0.009684,0.00663,1.366141,1.576571,0.21043,1.45971,0.326506,0.0,0.0,False,5.842921205936637e-06,7.641161555252825e-06,1.1294733412154208e-05,1.170565767291926e-05,3.648447384626293e-05,ok,False,False
2026-07-06_19-51_proband_15,proband_15,2026-07-06,1783360634870,1783360664870,negative activated,negative,activated,0.869,clear,proxy,25.89021109035286,70.20925110132158,26.990590556889003,0.0,34,0.0,ok,-2.735036160409146,-0.0273255551642424,1.3538553026224518,False,-0.3564294889330273,0.0516515657893171,0.5642885906040269,Anger,1.0,149,ok,3438,1.459954,1.459762,0.00932,0.006148,1.360652,1.572718,0.212066,1.459984,0.337213,0.0,0.0,False,5.074012533581743e-06,7.917446803925993e-06,1.311328939295947e-05,1.2912151433837203e-05,3.901690016430441e-05,ok,False,False
2026-07-06_19-51_proband_15,proband_15,2026-07-06,1783360664870,1783360694870,negative calm,negative,calm,0.839,clear,proxy,49.9767687966603,67.86850477200424,46.73669381104205,32.25806451612903,32,0.0,ok,0.2644997817688035,-0.6774903025314324,-0.4709950421501179,False,-0.3362111192750429,-0.0205614960164815,0.46274,Neutral,1.0,150,ok,3699,1.459964,1.459814,0.010105,0.00642,1.355902,1.580221,0.22432,1.459999,0.320443,0.0,0.0,False,4.53234816535499e-06,8.97171526451241e-06,1.3404586617593012e-05,1.4426790223740316e-05,4.1335440271200726e-05,ok,False,False
2026-07-06_19-51_proband_15,proband_15,2026-07-06,1783360694870,1783360724870,neutral,neutral,activated,0.628,face_ambiguous,proxy,35.52921333212994,80.66102695258705,94.33015450416949,17.5,41,0.0,ok,-1.5346764401252888,2.8757554497126607,2.205215944918975,False,-0.0449402817099548,-0.1899492500043962,0.4738916666666666,Neutral,0.8,150,ok,3397,1.459751,1.459624,0.009911,0.006855,1.338053,1.570435,0.232382,1.459785,0.314782,0.0,0.0,False,5.907424254699888e-06,8.12859596127794e-06,1.113259422503582e-05,1.1716083123102994e-05,3.688469756411664e-05,ok,False,False
2026-07-06_19-51_proband_15,proband_15,2026-07-06,1783360754870,1783360784870,neutral,negative,neutral,0.815,hrv_ambiguous,proxy,48.0330243537863,72.5587020054419,74.84169006261531,25.71428571428571,36,0.0,ok,0.0224423076415457,0.6252569713560463,0.3014073318572502,False,-0.3093182071233444,-0.1376318051761415,0.5941461538461539,Sadness,0.8667,150,ok,3456,1.459868,1.45991,0.009821,0.006386,1.340885,1.569242,0.228358,1.459901,0.3233,0.0,0.0,False,5.380264813548767e-06,8.585600438226442e-06,1.2378594896287992e-05,1.2049988734483274e-05,3.839444888254648e-05,ok,False,False
2026-07-06_19-51_proband_15,proband_15,2026-07-06,1783360784870,1783360814870,neutral,neutral,neutral,0.473,face_ambiguous+hrv_ambiguous,proxy,45.540857446579736,70.05494505494505,75.83923798288924,30.303030303030305,34,0.0,ok,-0.2879110563891733,-0.0701855397781613,0.108862758305506,False,-0.1257800199876998,-0.1310212817753177,0.5203200000000001,Neutral,1.0,150,ok,3728,1.459897,1.459996,0.010109,0.006805,1.350444,1.571521,0.221076,1.459932,0.329488,0.0,0.0,False,6.499303180918347e-06,8.343769442341518e-06,1.3224205889037738e-05,1.305008638293405e-05,4.111736489523165e-05,ok,False,False
2026-07-06_19-51_proband_15,proband_15,2026-07-06,1783360814870,1783360844870,neutral,negative,neutral,0.799,hrv_ambiguous,proxy,47.67259664197279,69.02672320283996,54.38484094276408,35.294117647058826,35,0.0,ok,-0.0224423076415457,-0.3557840227655497,-0.166670857562002,False,-0.2200033828089571,-0.3662955790609028,0.5439266666666667,Sadness,1.0,150,ok,3566,1.459592,1.459538,0.010109,0.007164,1.34528,1.559754,0.214474,1.459627,0.319215,0.0,0.0,False,6.884026949708612e-06,1.2639828731387958e-05,1.556364180265947e-05,1.3080205807995109e-05,4.8167703291751145e-05,ok,False,False
2026-07-06_19-51_proband_15,proband_15,2026-07-06,1783360844870,1783360874870,positive activated,positive,activated,0.821,clear,proxy,38.46886609372032,79.63846664349145,93.75787694357376,17.073170731707318,42,0.0238,ok,-1.1685969769065163,2.591729514606422,1.880163245756469,False,0.1219618671107721,-0.1961344612367507,0.568575221238938,Sadness,0.7533,150,ok,3565,1.459469,1.459749,0.012102,0.007225,1.341033,1.5772,0.236167,1.45952,0.295735,0.0,0.0,False,1.3621955004147266e-05,3.366650553260648e-05,1.9089290568321265e-05,1.3125971105101956e-05,7.950372221017696e-05,ok,False,False
