session_id,participant_id,win_start_ms,win_end_ms,label,valence_direction,arousal_level,reason,label_type,rmssd,mean_hr,sdnn,pnn50,n_beats,artefact_fraction,hrv_quality,rmssd_z,hr_z,arousal_hrv,fer_valence,fer_arousal,fer_confidence,fer_dominant_emotion,face_coverage,fer_n,fer_quality,co2,co2_std,co2_n_samples,co2_quality,plant_n_samples,plant_mean,plant_median,plant_std,plant_detrend_std,plant_iqr,plant_min,plant_max,plant_range,plant_rms,plant_zcr,plant_sat_pos_frac,plant_sat_neg_frac,plant_const_flag,bp_0_1,bp_1_5,bp_5_15,bp_15_30,band_power_sum,ratio_bp1_5_bp5_15,ratio_bp1_5_total,hjorth_activity,hjorth_mobility,hjorth_complexity,spectral_entropy,spike_rate,plant_quality,plant_dead_flag,plant_suspect_flag,plant_mean_snorm,plant_median_snorm,plant_std_snorm,plant_detrend_std_snorm,plant_iqr_snorm,plant_min_snorm,plant_max_snorm,plant_range_snorm,plant_rms_snorm,plant_zcr_snorm,bp_0_1_snorm,bp_1_5_snorm,bp_5_15_snorm,bp_15_30_snorm,band_power_sum_snorm,ratio_bp1_5_bp5_15_snorm,ratio_bp1_5_total_snorm,hjorth_activity_snorm,hjorth_mobility_snorm,hjorth_complexity_snorm,spectral_entropy_snorm,spike_rate_snorm
2026-07-06_17-49_proband_07,proband_07,1783353007782,1783353037782,excluded,excluded,excluded,poor_quality(fer:low_face_coverage),proxy,37.441485879500895,73.87007937793618,67.38250402899583,21.62162162162162,38,0.0,ok,-0.696601529036501,1.1812770178902865,0.9389392734633937,,,0.0,,0.0,0,poor,703.0555555555555,3.426857012305241,72,ok,3578,1.45959,1.45918,0.008441,0.008437,0.007692,1.366075,1.547993,0.181918,1.459615,0.249371,0.0,0.0,False,1.1267713066352186e-05,9.985184149750546e-06,9.105667858549964e-06,7.069784266582472e-06,3.742834934123517e-05,1.0965898612022051,0.2667813050459179,7.122582046144829e-05,1.1206266974886379,1.5349642958429714,0.42381356122438124,0.0368921185019564,ok,False,False,-0.6955,-1.4288,-0.7567,-0.7631,-0.5012,-0.0033,-0.2579,-0.0601,-0.6992,-0.8251,0.6404,2.1493,-0.5405,-0.848,-0.098,3.772,3.3719,-0.739,-2.1653,2.1219,0.0017,-0.6092
2026-07-06_17-49_proband_07,proband_07,1783353012782,1783353042782,neutral,neutral,activated,face_ambiguous,proxy,49.23210334730784,75.44006705783738,67.41809846027994,31.428571428571427,36,0.0,ok,0.5978688514704874,1.7671690606903472,0.5846501046099299,0.014489445538981141,-0.03165381367858147,0.42636,Neutral,1.0,25,ok,701.375,2.8306048724012984,72,ok,3602,1.45971,1.459392,0.008363,0.008362,0.007775,1.366075,1.547993,0.181918,1.459734,0.24271,0.0,0.0,False,1.0107650031276825e-05,9.07911561544697e-06,9.68900679568203e-06,7.58751445524761e-06,3.6463286897653434e-05,0.9370531851045819,0.24899333381374117,6.991349162642809e-05,1.1291943866063447,1.5236896881092086,0.42367374499952404,0.03609106052193226,ok,False,False,-0.4762,-0.9713,-0.8525,-0.8561,-0.3466,-0.0033,-0.2579,-0.0601,-0.4814,-1.1494,0.1703,1.2414,-0.2594,-0.6082,-0.2181,2.1319,2.3162,-0.8289,-2.0229,1.9413,-0.0082,-0.7869
2026-07-06_17-49_proband_07,proband_07,1783353017782,1783353047782,neutral,neutral,neutral,face_ambiguous+hrv_ambiguous,proxy,56.27052006665149,73.97513613479913,94.74518457420409,34.285714285714285,36,0.0,ok,1.370603781912614,1.2204823687833946,-0.07506070656460972,0.3033371241248128,-0.10608782225100165,0.49418000000000006,Neutral,1.0,50,ok,699.9305555555555,2.3215244438405085,72,ok,3601,1.459969,1.459687,0.008063,0.008061,0.007668,1.366075,1.547993,0.181918,1.459991,0.256111,0.0,0.0,False,9.886082831710574e-06,7.997102585344131e-06,7.603680198903994e-06,5.610765405102398e-06,3.10976310210611e-05,1.0517409102444806,0.25716114268533485,6.499579667937442e-05,1.1429364414348968,1.5148155024665757,0.40691122384580614,0.03221327409053041,ok,False,False,-0.0027,-0.3345,-1.2207,-1.2293,-0.5459,-0.0033,-0.2579,-0.0601,-0.011,-0.497,0.0806,0.1572,-1.2643,-1.5237,-0.8859,3.3109,2.8009,-1.1657,-1.7944,1.7993,-1.1952,-1.6473
2026-07-06_17-49_proband_07,proband_07,1783353022782,1783353052782,neutral,positive,neutral,hrv_ambiguous,proxy,53.7370139351515,72.80836968285725,96.04089938330625,30.555555555555557,37,0.0,ok,1.0924547659671773,0.7850654615361822,-0.15369465221549755,0.39950157833953537,-0.11621976132426536,0.5195333333333334,Happiness,1.0,75,ok,698.7916666666666,1.6694226040718134,72,ok,3608,1.459885,1.459672,0.007674,0.007671,0.007294,1.386259,1.532482,0.146223,1.459906,0.254505,0.0,0.0,False,9.266819803574974e-06,8.196017863147826e-06,6.608970082401533e-06,4.75585276515255e-06,2.8827660514276883e-05,1.2401352284582248,0.2843108817234014,5.888129071790648e-05,1.142101772500626,1.5135958308351967,0.4168193184460934,0.03353658536585366,suspect_lowamp,False,True,-0.1563,-0.3669,-1.6982,-1.7129,-1.2428,1.2866,-1.6512,-1.5107,-0.1666,-0.5751,-0.1704,0.3565,-1.7437,-1.9197,-1.1684,5.2477,4.4123,-1.5845,-1.8083,1.7797,-0.4936,-1.3537
2026-07-06_17-49_proband_07,proband_07,1783353027782,1783353057782,neutral,positive,neutral,hrv_ambiguous,proxy,52.81872946046868,72.0949957591179,100.4710296925767,27.27272727272727,34,0.0,ok,0.9916379888474097,0.5188467447840568,-0.23639562203167647,0.4833081532853204,-0.1299354138881479,0.5623500000000001,Happiness,1.0,100,ok,698.4166666666666,1.1227481375097845,72,ok,3592,1.460038,1.459842,0.007836,0.007835,0.007873,1.386259,1.532482,0.146223,1.460059,0.245057,0.0,0.0,False,8.437923213938214e-06,7.653504332076651e-06,7.19877177234485e-06,4.896387829930166e-06,2.8186587148289885e-05,1.063167927938873,0.27153000185093346,6.139046325749539e-05,1.1221928026550136,1.5454352263885656,0.40930208124117523,0.030623608017817373,suspect_lowamp,False,True,0.1234,0.0,-1.4993,-1.5095,-0.164,1.2866,-1.6512,-1.5107,0.1135,-1.0351,-0.5063,-0.1871,-1.4595,-1.8546,-1.2482,3.4284,3.6537,-1.4126,-2.1393,2.2895,-1.0259,-2.0
2026-07-06_17-49_proband_07,proband_07,1783353032782,1783353062782,positive calm,positive,calm,clear,proxy,63.23662678971686,70.50528789659225,90.91789986646762,35.483870967741936,32,0.0,ok,2.135399929788655,-0.07440452651832587,-1.1049022281534904,0.5152010347785184,-0.13720297152975675,0.5782880000000001,Happiness,1.0,125,ok,697.9166666666666,0.9604869656937598,72,ok,3599,1.460086,1.459859,0.007906,0.007902,0.00739,1.386259,1.532503,0.146244,1.460107,0.259867,0.0,0.0,False,7.72695864684348e-06,7.4930372499702415e-06,7.484767126858739e-06,5.7186286671033555e-06,2.8423391690775818e-05,1.0011047934914414,0.26362219779632223,6.248063766910808e-05,1.1601829175818752,1.4916720207803285,0.41012924606731666,0.03389830508474576,suspect_lowamp,False,True,0.2111,0.0367,-1.4134,-1.4265,-1.0639,1.2866,-1.6493,-1.5099,0.2013,-0.3141,-0.7943,-0.3479,-1.3216,-1.4738,-1.2187,2.7904,3.1844,-1.3379,-1.5076,1.4287,-0.9673,-1.2734
2026-07-06_17-49_proband_07,proband_07,1783353037782,1783353067782,positive calm,positive,calm,clear,proxy,62.44197306299666,68.42923794712286,79.62429534439165,31.25,33,0.0,ok,2.0481563469307233,-0.8491501894436095,-1.4486532681871664,0.5253257327492036,-0.13899446916646546,0.5797800000000001,Happiness,1.0,150,ok,697.5555555555555,0.8029678906966504,72,ok,3603,1.459919,1.459904,0.007921,0.00791,0.007269,1.386259,1.526609,0.14035,1.45994,0.265408,0.0,0.0,False,6.674518075174763e-06,6.841565925885239e-06,7.556965579176492e-06,6.166368380668042e-06,2.7239417960904535e-05,0.905332298906473,0.25116416527476665,6.273127553895249e-05,1.2362513134758797,1.4117722671009927,0.40910233515785843,0.03691368304190952,suspect_lowamp,False,True,-0.0941,0.1338,-1.395,-1.4166,-1.2894,1.2866,-2.1787,-1.7494,-0.1043,-0.0443,-1.2208,-1.0007,-1.2868,-1.2664,-1.3661,1.8058,2.445,-1.3208,-0.2428,0.1496,-1.0401,-0.6044
2026-07-06_17-49_proband_07,proband_07,1783353042782,1783353072782,positive calm,positive,calm,clear,proxy,51.842710834471866,67.93433014752405,67.14786009892295,27.27272727272727,34,0.0,ok,0.8844826845874197,-1.0338411557592653,-0.9591619201733426,0.6038733421965693,-0.15503141044348606,0.61678,Happiness,1.0,150,ok,697.1944444444445,0.9137276829341718,72,ok,3596,1.460064,1.459958,0.00893,0.008929,0.007421,1.363407,1.565132,0.201725,1.460092,0.28178,0.0,0.0,False,6.803838258800983e-06,7.878118566873174e-06,1.0002765553441385e-05,8.77897188053819e-06,3.346369425965373e-05,0.7875939646079975,0.23542285171272187,7.972048145543679e-05,1.2674611348646743,1.386315512582857,0.44384629138110776,0.046440489432703,ok,False,False,0.1709,0.2504,-0.1565,-0.1531,-1.0061,-0.1738,1.2816,0.7448,0.1739,0.7528,-1.1684,0.0379,-0.1082,-0.0563,-0.5914,0.5954,1.5107,-0.1572,0.2762,-0.258,1.4202,1.5093
2026-07-06_17-49_proband_07,proband_07,1783353047782,1783353077782,excluded,excluded,excluded,poor_quality(hrv:artefact_fraction_exceeded),proxy,53.291081748632145,70.15613178347891,54.857975759740974,30.303030303030305,34,0.0588,poor,1.043496684786091,-0.20470350337461293,-0.6241000940803519,0.6578629076838032,-0.15130488430861566,0.6708874172185431,Happiness,1.0,151,ok,696.8611111111111,1.1904024122007633,72,ok,3591,1.460068,1.459888,0.009318,0.009315,0.007598,1.363407,1.565209,0.201802,1.460098,0.272702,0.0,0.0,False,9.25690581071977e-06,8.700081550128056e-06,1.1597459099056647e-05,1.0111094016779944e-05,3.966554047668442e-05,0.7501712854209978,0.2193360086926332,8.679306334248083e-05,1.2539136298479905,1.3945320782807982,0.44124681448749464,0.047897521581732105,ok,False,False,0.1782,0.0993,0.3198,0.3255,-0.6764,-0.1738,1.2885,0.7479,0.1849,0.3108,-0.1744,0.8616,0.6603,0.5607,0.1804,0.2107,0.556,0.3272,0.0509,-0.1265,1.2361,1.8326
2026-07-06_17-49_proband_07,proband_07,1783353052782,1783353082782,positive calm,positive,calm,clear,proxy,58.765584651170954,71.2514407460445,69.74906001193865,39.39393939393939,34,0.0,ok,1.6445323705493853,0.20404671408897085,-0.7202428282302072,0.6925167920548099,-0.15272553064386657,0.7094966887417219,Happiness,1.0,151,ok,696.6944444444445,1.229208939354258,72,ok,3597,1.460049,1.459891,0.009791,0.009788,0.008252,1.363407,1.565209,0.201802,1.460082,0.271691,0.0,0.0,False,1.2229475011925533e-05,8.717610160128468e-06,1.1951760442324685e-05,1.0972676930293676e-05,4.387152254467236e-05,0.7293996121154879,0.19870771415658098,9.58343719508626e-05,1.2333499300180542,1.4206158650056488,0.4317037538280165,0.04281345565749235,ok,False,False,0.1435,0.1058,0.9003,0.9119,0.5422,-0.1738,1.2885,0.7479,0.1556,0.2616,1.0301,0.8791,0.831,0.9597,0.7039,-0.0028,-0.6684,0.9464,-0.291,0.2911,0.5604,0.7046
2026-07-06_17-49_proband_07,proband_07,1783353057782,1783353087782,positive calm,positive,calm,clear,proxy,57.0881827181476,70.25519165203018,81.77333242942464,33.33333333333333,34,0.0,ok,1.4603734726432718,-0.16773608669484735,-0.8140547796690596,0.6863807014082655,-0.15155621318452128,0.7049205298013246,Happiness,1.0,151,ok,696.1944444444445,0.6637259083214635,72,ok,3602,1.459997,1.459836,0.009978,0.009975,0.007932,1.363407,1.565209,0.201802,1.460031,0.285754,0.0,0.0,False,1.1908724442634721e-05,8.678572011284476e-06,1.338277137140532e-05,1.0962900721330964e-05,4.493296854665548e-05,0.6484883528190163,0.19314485774801085,9.952890090524143e-05,1.2527959820794279,1.3905872211190151,0.4333119134428946,0.04886174347584675,ok,False,False,0.0484,-0.013,1.1299,1.1438,-0.054,-0.1738,1.2885,0.7479,0.0622,0.9462,0.9001,0.84,1.5206,0.9552,0.836,-0.8346,-0.9985,1.1995,0.0323,-0.1896,0.6743,2.0465
2026-07-06_17-49_proband_07,proband_07,1783353062782,1783353092782,neutral,positive,neutral,hrv_ambiguous,proxy,45.272053449445075,68.97004729374672,79.49951640886691,29.411764705882355,35,0.0,ok,0.16310219806072812,-0.6473295656800151,-0.4052158818703716,0.6918424863196295,-0.14742620083251487,0.7079801324503311,Happiness,1.0,151,ok,696.0277777777778,0.5559466541999502,72,ok,3597,1.459867,1.459542,0.00998,0.009978,0.008382,1.363407,1.565209,0.201802,1.459901,0.267241,0.0,0.0,False,1.2668595339775356e-05,8.631506929326865e-06,1.3480605240504419e-05,1.1274887217265407e-05,4.6055594726872044e-05,0.6402907091368237,0.18741494476621529,9.957310424808432e-05,1.2491738066836213,1.4041868942128803,0.4407481736576429,0.04197942730052822,ok,False,False,-0.1892,-0.6475,1.1323,1.1475,0.7844,-0.1738,1.2885,0.7479,-0.1757,0.0449,1.208,0.7929,1.5677,1.0997,0.9757,-0.9189,-1.3386,1.2025,-0.0279,0.0281,1.2008,0.5195
2026-07-06_17-49_proband_07,proband_07,1783353067782,1783353097782,neutral,positive,neutral,hrv_ambiguous,proxy,47.3255309780349,69.05169012232014,87.7638447025584,29.411764705882355,35,0.0,ok,0.3885497494764249,-0.6168618848025018,-0.5027058171394634,0.72548087043726,-0.13833416164502704,0.7462185430463576,Happiness,1.0,151,ok,695.8333333333334,0.37529331252040077,72,ok,3600,1.460167,1.459836,0.009836,0.009829,0.008205,1.363407,1.565209,0.201802,1.460201,0.262573,0.0,0.0,False,1.2005062476814749e-05,8.375140757304858e-06,1.2889229032228233e-05,1.0973247072700101e-05,4.424267933904794e-05,0.6497782052429552,0.18930003094575357,9.672628226075e-05,1.2228140518659902,1.4247853961307595,0.42126496596230595,0.04,ok,False,False,0.3592,-0.013,0.9556,0.9628,0.4546,-0.1738,1.2885,0.7479,0.3734,-0.1824,0.9392,0.536,1.2827,0.96,0.75,-0.8214,-1.2267,1.0075,-0.4662,0.3579,-0.1788,0.0803
2026-07-06_17-49_proband_07,proband_07,1783353072782,1783353102782,positive calm,positive,calm,clear,proxy,52.16175308450134,68.59909879615307,90.91650593645473,33.33333333333333,34,0.0,ok,0.9195097511444588,-0.7857610806600757,-0.8526354159022672,0.7454444990007582,-0.12960167286885813,0.7637368421052632,Happiness,1.0,152,ok,696.0138888888889,1.1807500069996755,72,ok,3583,1.460067,1.459834,0.009228,0.009228,0.008026,1.366501,1.549269,0.182767,1.460096,0.257398,0.0,0.0,False,1.0904064777698563e-05,7.84617834333168e-06,1.1986823278288804e-05,9.506394386509663e-06,4.024346078582871e-05,0.6545668945479672,0.19496777849500574,8.51243144389462e-05,1.2198780701120218,1.42074770808523,0.4170015298719079,0.03656154060842869,ok,False,False,0.1764,-0.0173,0.2093,0.2176,0.1211,0.024,-0.1433,-0.0256,0.1812,-0.4343,0.493,0.0059,0.8479,0.2806,0.2523,-0.7721,-0.8903,0.2129,-0.515,0.2933,-0.4807,-0.6826
2026-07-06_17-49_proband_07,proband_07,1783353077782,1783353107782,positive calm,positive,calm,clear,proxy,58.29049021924588,67.45017884517118,89.51434623465772,40.625,33,0.0,ok,1.5923726196499959,-1.2145179847504861,-1.4034453022002409,0.732790066067605,-0.12483189363298625,0.7285466666666667,Happiness,1.0,150,ok,697.0277777777778,2.282648709946483,72,ok,3604,1.460075,1.459922,0.008987,0.008984,0.007774,1.366501,1.549269,0.182767,1.460103,0.257286,0.0,0.0,False,8.826523735974413e-06,7.667456559545612e-06,1.0919151996308089e-05,8.665332129548931e-06,3.607846442137704e-05,0.7022025025327588,0.2125216932037948,8.075103371700937e-05,1.2238187586102725,1.4203937311977137,0.4075554621933737,0.03718091009988901,ok,False,False,0.191,0.1727,-0.0865,-0.0849,-0.3484,0.024,-0.1433,-0.0256,0.194,-0.4398,-0.3488,-0.1732,0.3334,-0.109,-0.266,-0.2824,0.1515,-0.0866,-0.4495,0.2876,-1.1496,-0.5451
2026-07-06_17-49_proband_07,proband_07,1783353082782,1783353112782,positive calm,positive,calm,clear,proxy,57.75027056213676,66.05504587155963,79.43852444920327,40.625,33,0.0,ok,1.5330628890947677,-1.735157298263082,-1.6341100936789248,0.7475360496832604,-0.10170209590148642,0.7503533333333333,Happiness,1.0,150,ok,698.3333333333334,3.360918720809434,72,ok,3601,1.459995,1.459735,0.008992,0.008991,0.008132,1.366501,1.549269,0.182767,1.460022,0.241667,0.0,0.0,False,1.042271787805148e-05,7.047440075058029e-06,1.095092170621564e-05,8.507319040888033e-06,3.692839870021318e-05,0.6435476045372842,0.19084065738752673,8.08252550144946e-05,1.2035963088238137,1.4487268473042219,0.4062253683397568,0.034990280477645096,ok,False,False,0.0448,-0.2309,-0.0804,-0.0763,0.3186,0.024,-0.1433,-0.0256,0.0458,-1.2002,0.298,-0.7944,0.3487,-0.1821,-0.1602,-0.8854,-1.1353,-0.0815,-0.7858,0.7412,-1.2438,-1.0312
2026-07-06_17-49_proband_07,proband_07,1783353087782,1783353117782,positive calm,positive,calm,clear,proxy,56.75281801762073,69.33438985736925,105.53563259818533,38.23529411764706,35,0.0,ok,1.4235543940254687,-0.5113632701398821,-0.9674588320826754,0.7676470613678437,-0.09094198861571998,0.7706533333333333,Happiness,1.0,150,ok,699.8169014084507,4.0118035101967,71,ok,3569,1.459916,1.459553,0.008904,0.008903,0.007969,1.382116,1.547702,0.165586,1.459943,0.248599,0.0,0.0,False,1.0525566696168045e-05,6.82356183237979e-06,9.25394784524022e-06,7.516989824373916e-06,3.412006619816197e-05,0.737367576425441,0.19998676417458439,7.92575787632056e-05,1.2167705007118248,1.4361108709855075,0.39650145879236115,0.03726534043149342,ok,False,False,-0.0996,-0.6238,-0.1884,-0.1854,0.0149,1.0218,-0.2841,-0.7238,-0.0988,-0.8627,0.3397,-1.0188,-0.4691,-0.6408,-0.5097,0.0791,-0.5924,-0.1889,-0.5667,0.5392,-1.9324,-0.5264
2026-07-06_17-49_proband_07,proband_07,1783353092782,1783353122782,positive calm,positive,calm,clear,proxy,69.48359300561319,68.78182002090428,117.20629846252712,39.39393939393939,34,0.0,ok,2.821242953411888,-0.717572703768386,-1.769407828590137,0.7563539713535914,-0.08739019907575127,0.7544866666666666,Happiness,1.0,150,ok,701.7887323943662,4.60097968746951,71,ok,3559,1.460034,1.459905,0.008838,0.008835,0.007619,1.358822,1.547702,0.18888,1.460061,0.243957,0.0,0.0,False,1.0586921046567204e-05,7.294789021715961e-06,1.039709988809298e-05,8.623823738402412e-06,3.6902633694778556e-05,0.7016176047757829,0.19767664509732466,7.808979102491933e-05,1.2056157353737857,1.435983040444023,0.40021356618482307,0.036808092160719307,ok,False,False,0.1161,0.136,-0.2694,-0.2697,-0.6372,-0.4668,-0.2841,0.2228,0.1171,-1.0887,0.3645,-0.5466,0.0818,-0.1282,-0.1634,-0.2884,-0.7296,-0.2689,-0.7522,0.5372,-1.6695,-0.6278
2026-07-06_17-49_proband_07,proband_07,1783353097782,1783353127782,positive calm,positive,calm,clear,proxy,67.46503724152237,68.65226587150238,115.71934930265684,37.5,33,0.0,ok,2.599629398807845,-0.7659200546540176,-1.6827747267309314,0.6894746846379817,-0.08574173914713054,0.69444,Happiness,1.0,150,ok,704.8333333333334,5.46177497847476,72,ok,3592,1.460115,1.459858,0.00912,0.009118,0.008018,1.358822,1.549078,0.190255,1.460143,0.246171,0.0,0.0,False,1.10309755330872e-05,7.624208145204547e-06,9.652456960239777e-06,8.309284941716961e-06,3.661692558024849e-05,0.789872193860884,0.20821540356467588,8.31465894632035e-05,1.222893964294325,1.421679131341943,0.4029685043880875,0.03591314031180401,ok,False,False,0.2641,0.0345,0.0767,0.0812,0.1062,-0.4668,-0.1605,0.2787,0.2672,-0.9809,0.5445,-0.2165,-0.277,-0.2739,-0.199,0.6188,-0.1041,0.0775,-0.4649,0.3082,-1.4744,-0.8264
2026-07-06_17-49_proband_07,proband_07,1783353102782,1783353132782,positive calm,positive,calm,clear,proxy,60.418991595809885,68.07942599699649,111.1648300029736,33.33333333333333,34,0.0,ok,1.8260569024582087,-0.9796939132442363,-1.4028754078512224,0.6162691222882787,-0.08198785819886131,0.6444121621621621,Happiness,1.0,148,ok,709.1549295774648,8.40348207985228,71,ok,3561,1.460064,1.459868,0.008866,0.008866,0.007916,1.358822,1.549078,0.190255,1.460091,0.250562,0.0,0.0,False,1.1127044402960118e-05,8.228886766590462e-06,1.0005214551975033e-05,8.912372803333858e-06,3.827351852485947e-05,0.8224597185181161,0.2150020920141829,7.859188379455809e-05,1.2198440445447674,1.43254416792217,0.40842000778445786,0.03538331929233361,ok,False,False,0.1709,0.0561,-0.2351,-0.2312,-0.0838,-0.4668,-0.1605,0.2787,0.1721,-0.7671,0.5834,0.3894,-0.107,0.0055,0.0072,0.9539,0.2987,-0.2345,-0.5156,0.4821,-1.0884,-0.944
2026-07-06_17-49_proband_07,proband_07,1783353107782,1783353137782,positive calm,positive,calm,clear,proxy,56.21634795838109,69.85305685787105,114.59128965005876,27.77777777777778,37,0.0,ok,1.3646563249794113,-0.3178057840861656,-0.8412310545327885,0.5665390435290943,-0.08121878091554996,0.596993288590604,Happiness,1.0,149,ok,715.0281690140845,12.281195650245035,71,ok,3549,1.459956,1.459736,0.009194,0.009193,0.008101,1.358822,1.549078,0.190255,1.459985,0.247745,0.0,0.0,False,1.379665895462467e-05,7.919837466212143e-06,1.0331483950677474e-05,9.216728180352076e-06,4.126470855186636e-05,0.7665730051412223,0.19192761931978597,8.450092443343239e-05,1.2120105474069416,1.435501309431219,0.4191424749442146,0.03944773175542406,ok,False,False,-0.0265,-0.2288,0.1675,0.1742,0.2609,-0.4668,-0.1605,0.2787,-0.022,-0.9043,1.6651,0.0797,0.0502,0.1464,0.3794,0.3793,-1.0708,0.1702,-0.6459,0.5295,-0.3291,-0.0422
2026-07-06_17-49_proband_07,proband_07,1783353112782,1783353142782,positive calm,positive,calm,clear,proxy,61.88068155733258,69.98197433994274,117.44807847029102,31.25,33,0.0,ok,1.9865331765669862,-0.26969602635330686,-1.1281146014601466,0.45365343766000177,-0.10273785298867022,0.5112147651006712,Happiness,1.0,149,ok,722.4722222222222,15.85672845342621,72,ok,3594,1.459971,1.459847,0.008692,0.008692,0.007534,1.358822,1.549078,0.190255,1.459997,0.248261,0.0,0.0,False,1.119751250444849e-05,8.05510903229712e-06,9.197623485819656e-06,8.3578544789288e-06,3.680809950149407e-05,0.8757814634328682,0.21884066068473587,7.553834823188646e-05,1.2298315142408933,1.4127885642644675,0.4105213600623562,0.043683917640511966,ok,False,False,0.0009,0.0108,-0.4486,-0.447,-0.7956,-0.4668,-0.1605,0.2787,0.0,-0.8791,0.612,0.2153,-0.4962,-0.2514,-0.1752,1.502,0.5266,-0.4436,-0.3495,0.1658,-0.9396,0.8977
2026-07-06_17-49_proband_07,proband_07,1783353117782,1783353147782,positive calm,positive,calm,clear,proxy,62.875196401925024,67.0906422531274,92.51867727740864,32.25806451612903,32,0.0,ok,2.0957191469213345,-1.3486907754485373,-1.722204961184936,0.35016698484322567,-0.10794726946662037,0.46096000000000004,Contempt,1.0,150,ok,729.8630136986301,17.050020420721847,73,ok,3626,1.460041,1.459905,0.008782,0.008777,0.007673,1.358821,1.549078,0.190257,1.460068,0.243586,0.0,0.0,False,1.167877906442232e-05,8.887144350635418e-06,1.0098178202097632e-05,9.363499172589856e-06,4.002760078974523e-05,0.880073939348328,0.22202540130476256,7.709967691911561e-05,1.2305968520103998,1.4072013533305165,0.4235138705671277,0.04164368450082736,ok,False,False,0.1289,0.136,-0.3382,-0.3416,-0.5366,-0.4668,-0.1605,0.2787,0.13,-1.1067,0.807,1.049,-0.0622,0.2144,0.2255,1.5462,0.7156,-0.3367,-0.3368,0.0764,-0.0196,0.445
2026-07-06_17-49_proband_07,proband_07,1783353122782,1783353152782,neutral,neutral,calm,face_ambiguous,proxy,56.7092531597745,68.80501871901245,86.30512653550866,36.36363636363637,34,0.0,ok,1.4187714877640345,-0.7089153539057708,-1.0638434208349026,0.2932269786827595,-0.10397141782080782,0.46066,Contempt,1.0,150,ok,737.3972602739726,15.599803885899938,73,ok,3635,1.460122,1.459749,0.009025,0.009023,0.00851,1.367199,1.549078,0.181879,1.46015,0.229499,0.0,0.0,False,1.4428883641929334e-05,8.51918974782103e-06,9.658498039923257e-06,8.759386894457574e-06,4.136595832413119e-05,0.8820407511153743,0.2059468675938886,8.143043689307502e-05,1.1919240630964953,1.46324660425195,0.42544376100562725,0.03576341127922971,ok,False,False,0.2769,-0.2007,-0.0399,-0.0366,1.0229,0.0686,-0.1605,-0.0617,0.28,-1.7926,1.9213,0.6803,-0.2741,-0.0654,0.392,1.5664,-0.2387,-0.0401,-0.9798,0.9737,0.1171,-0.8596
2026-07-06_17-49_proband_07,proband_07,1783353127782,1783353157782,neutral,neutral,calm,face_ambiguous,proxy,58.02127842438496,68.74283928757421,84.00835321020708,34.375,33,0.0,ok,1.562816347853197,-0.7321196341506886,-1.1474679910019427,0.2851865321570405,-0.07520336362909459,0.4969403973509934,Contempt,1.0,151,ok,744.4084507042254,11.570377774779294,71,ok,3560,1.459839,1.459659,0.008995,0.008987,0.008368,1.367199,1.547431,0.180232,1.459867,0.234897,0.0,0.0,False,1.4497729914016475e-05,7.871326674164585e-06,1.0137228391106598e-05,8.782222231658504e-06,4.128850721094616e-05,0.7764771191890073,0.1906420700391831,8.088482366755409e-05,1.1966824073451383,1.4514297659865145,0.418128224323257,0.036235955056179776,ok,False,False,-0.2404,-0.395,-0.0767,-0.0812,0.7583,0.0686,-0.3084,-0.1287,-0.2379,-1.5298,1.9492,0.0311,-0.0434,-0.0548,0.3824,0.4811,-1.1471,-0.0775,-0.9007,0.7845,-0.4009,-0.7548
2026-07-06_17-49_proband_07,proband_07,1783353132782,1783353162782,neutral,neutral,calm,face_ambiguous,proxy,56.65603454178557,68.40559682155812,85.52183843022114,28.125,33,0.0,ok,1.4129287127892483,-0.8579726455230662,-1.1354506791561572,0.2571838806342865,-0.015450568110875265,0.5269078947368421,Contempt,1.0,152,ok,749.2739726027397,7.238516334267762,73,ok,3655,1.459944,1.459768,0.009025,0.009025,0.008587,1.367149,1.547431,0.180283,1.459972,0.230432,0.0,0.0,False,1.5830159409121255e-05,7.518499610078245e-06,9.040507077658083e-06,7.817802611678021e-06,4.020696870853561e-05,0.8316456935267614,0.1869949330820156,8.142374876610294e-05,1.1776164794680202,1.4832720260549528,0.41226109208686257,0.03529411764705882,ok,False,False,-0.0484,-0.1597,-0.0399,-0.0341,1.1664,0.0654,-0.3084,-0.1266,-0.0458,-1.7472,2.4891,-0.3224,-0.5719,-0.5015,0.2478,1.0483,-1.3635,-0.0405,-1.2177,1.2943,-0.8164,-0.9638
2026-07-06_17-49_proband_07,proband_07,1783353137782,1783353167782,neutral,neutral,calm,face_ambiguous,proxy,50.75939449040205,66.13164330244894,62.00324360662058,25.806451612903224,32,0.0,ok,0.7655473596185296,-1.7065724718778221,-1.236059915748176,0.2771033500641999,0.017496171355200194,0.5636184210526315,Contempt,1.0,152,ok,752.5205479452055,4.086256059582523,73,ok,3651,1.460009,1.459993,0.008992,0.008992,0.008392,1.376305,1.552916,0.176611,1.460036,0.239178,0.0,0.0,False,1.4132547672117217e-05,7.16242227400045e-06,8.653613773572199e-06,7.287831578131492e-06,3.723641529782136e-05,0.8276798148993422,0.19234993552318597,8.083417009225044e-05,1.1965041515668213,1.462458535582566,0.40848081191421026,0.03505888797589701,ok,False,False,0.0704,0.3259,-0.0804,-0.075,0.8031,0.6505,0.1843,-0.2758,0.0714,-1.3214,1.8013,-0.6792,-0.7584,-0.747,-0.1219,1.0075,-1.0457,-0.0809,-0.9037,0.961,-1.0841,-1.0159
2026-07-06_17-49_proband_07,proband_07,1783353142782,1783353172782,positive calm,positive,calm,clear,proxy,44.86124440984668,66.53896562153443,55.52267145459182,15.625,33,0.0,ok,0.11800022309999185,-1.5545668805842163,-0.8362835518421041,0.3974191122943489,0.012954013186630337,0.6326184210526314,Contempt,1.0,152,ok,754.4583333333334,1.7437009370148537,72,ok,3601,1.460114,1.460122,0.009096,0.009096,0.008224,1.376305,1.552654,0.17635,1.460142,0.26,0.0,0.0,False,1.3426241286553175e-05,6.560042719043671e-06,9.300898289595935e-06,8.342263175077189e-06,3.762944547026997e-05,0.7053127353375163,0.17433269246271232,8.271849566417671e-05,1.2455579274198116,1.406001988442636,0.43151786373976525,0.0394334906970286,ok,False,False,0.2623,0.6043,0.0473,0.0539,0.49,0.6505,0.1607,-0.2864,0.2654,-0.3076,1.5151,-1.2828,-0.4465,-0.2586,-0.073,-0.2504,-2.115,0.0481,-0.088,0.0572,0.5472,-0.0453
2026-07-06_17-49_proband_07,proband_07,1783353147782,1783353177782,neutral,positive,neutral,hrv_ambiguous,proxy,41.608929694273925,67.45585609417367,59.4399290825659,15.151515151515152,34,0.0294,ok,-0.23906547586708704,-1.212399334357152,-0.48666692924503246,0.4750593251106337,0.012196893428708807,0.6794199999999999,Contempt,1.0,150,ok,755.5,1.6699498179185497,72,ok,3601,1.459945,1.459952,0.009081,0.009079,0.008351,1.376305,1.552654,0.17635,1.459973,0.268889,0.0,0.0,False,1.2810437412245097e-05,6.219635761749083e-06,9.74660375858072e-06,8.51808614011156e-06,3.729476307268646e-05,0.6381335773643061,0.16676967709534737,8.244268034077804e-05,1.2356991696068602,1.4224105977465,0.43718152063769145,0.038322688142182725,ok,False,False,-0.0466,0.2374,0.0288,0.0329,0.7267,0.6505,0.1607,-0.2864,-0.0439,0.1251,1.2655,-1.6239,-0.2317,-0.1771,-0.1146,-0.9411,-2.5639,0.0292,-0.252,0.3199,0.9483,-0.2918
2026-07-06_17-49_proband_07,proband_07,1783353152782,1783353182782,positive activated,positive,activated,clear,proxy,29.776125454108758,69.10167818361303,76.75881686416587,11.76470588235294,35,0.0,ok,-1.5381674651440158,-0.5982072114433128,0.4699801268503515,0.48019675221992464,0.02203410980010543,0.6576799999999999,Contempt,1.0,150,ok,755.9166666666666,1.3609234644374155,72,ok,3595,1.459693,1.459865,0.008604,0.008604,0.007785,1.376305,1.552654,0.17635,1.459719,0.272398,0.0,0.0,False,9.203518299717018e-06,6.510007640618823e-06,8.41512846755612e-06,7.996143845258317e-06,3.212479825315028e-05,0.773607544092774,0.20264741856652774,7.400689334627923e-05,1.275798346529611,1.3786356919038838,0.43152503923903657,0.04033379694019471,ok,False,False,-0.5072,0.0496,-0.5567,-0.5561,-0.3279,0.6505,0.1607,-0.2864,-0.5088,0.296,-0.196,-1.333,-0.8733,-0.4189,-0.7581,0.4516,-0.4345,-0.5485,0.4148,-0.381,0.5477,0.1544
2026-07-06_17-49_proband_07,proband_07,1783353157782,1783353187782,neutral,positive,neutral,hrv_ambiguous,proxy,32.69691476720881,69.93239868127478,72.2228926206047,14.705882352941178,35,0.0,ok,-1.217499335265945,-0.2881967982395923,0.4646512685131763,0.4868824090294255,0.02648860234605406,0.609418918918919,Contempt,1.0,148,ok,756.2222222222222,1.090577082308703,72,ok,3606,1.460113,1.460182,0.008652,0.008651,0.007856,1.375759,1.552654,0.176896,1.460138,0.276283,0.0,0.0,False,8.519554143053446e-06,6.5360037654467715e-06,8.745406258138067e-06,8.259211211071614e-06,3.20601753777099e-05,0.7473641389730218,0.20386674385207004,7.483919800333781e-05,1.2563018590648136,1.3893142238800862,0.424558241401406,0.03716028840820854,ok,False,False,0.2605,0.7338,-0.4977,-0.4978,-0.1956,0.6156,0.1607,-0.2642,0.2581,0.4851,-0.4732,-1.3069,-0.7141,-0.2971,-0.7661,0.1819,-0.3622,-0.4915,0.0906,-0.21,0.0544,-0.5497
2026-07-06_17-49_proband_07,proband_07,1783353162782,1783353192782,positive activated,positive,activated,clear,proxy,32.9183481824168,70.54792219572009,65.59024830162566,14.705882352941178,35,0.0,ok,-1.1931885646024163,-0.05849414904903826,0.567347207776689,0.511486411802869,-0.00865148857438066,0.5623918918918919,Contempt,1.0,148,ok,756.2361111111111,1.1068678758201864,72,ok,3581,1.459715,1.45967,0.008799,0.008799,0.008202,1.375759,1.552654,0.176896,1.459741,0.260056,0.0,0.0,False,8.030017931059926e-06,6.154375798897414e-06,8.52591989221362e-06,7.7169128917829e-06,3.0427226513953863e-05,0.7218429395137783,0.20226541495031153,7.740418046757371e-05,1.2334064089220687,1.4100630043496194,0.4103859568778383,0.037140463557665454,ok,False,False,-0.467,-0.3712,-0.3173,-0.3143,0.449,0.6156,0.1607,-0.2642,-0.4686,-0.3049,-0.6715,-1.6893,-0.8199,-0.5482,-0.9693,-0.0805,-0.4572,-0.3158,-0.2901,0.1222,-0.9492,-0.5541
2026-07-06_17-49_proband_07,proband_07,1783353167782,1783353197782,positive activated,positive,activated,clear,proxy,31.913946794465897,71.40428425705542,56.49027580481619,11.76470588235294,35,0.0,ok,-1.3034599605146768,0.2610852488757927,0.7822726046952347,0.4589418800737284,-0.02129826006248611,0.5168716216216216,Contempt,1.0,148,ok,755.7777777777778,1.6463551053829013,72,ok,3599,1.459549,1.459309,0.008545,0.008545,0.007916,1.375759,1.547375,0.171616,1.459574,0.263758,0.0,0.0,False,7.898807099295482e-06,6.8930926209085276e-06,8.884743310067065e-06,8.045534771974042e-06,3.1722177802245114e-05,0.7758346644931751,0.21729568652518513,7.30016987920329e-05,1.2432357539149954,1.390528800361095,0.4182440924937118,0.037232564601278134,ok,False,False,-0.7705,-1.1504,-0.6291,-0.6292,-0.0838,0.6156,-0.3134,-0.4788,-0.7742,-0.1247,-0.7247,-0.9491,-0.647,-0.396,-0.8082,0.4745,0.4349,-0.6174,-0.1267,-0.1905,-0.3927,-0.5337
2026-07-06_17-49_proband_07,proband_07,1783353172782,1783353202782,neutral,neutral,activated,face_ambiguous,proxy,29.249175812564115,71.27771911298838,56.28656836029158,8.571428571428571,36,0.0,ok,-1.596020304900778,0.21385334269332462,0.9049368237970513,0.24437561051485454,0.012223254005288542,0.4343918918918918,Contempt,1.0,148,ok,755.1111111111111,1.8197318758972418,72,ok,3599,1.459424,1.45924,0.009102,0.0091,0.008541,1.366152,1.547375,0.181223,1.459453,0.24458,0.0,0.0,False,9.846155199803623e-06,7.3656127916251685e-06,1.0109393356787278e-05,9.05486262235629e-06,3.637602397057236e-05,0.7285909058122775,0.2024853676998472,8.283096842819315e-05,1.1688153758696778,1.4702273078878336,0.4283878844879856,0.03389830508474576,ok,False,False,-0.9989,-1.2993,0.0546,0.0589,1.0807,0.0017,-0.3134,-0.0884,-0.9957,-1.0584,0.0644,-0.4756,-0.0568,0.0715,-0.229,-0.0111,-0.4442,0.0558,-1.3641,1.0854,0.3256,-1.2734
2026-07-06_17-49_proband_07,proband_07,1783353177782,1783353207782,neutral,neutral,activated,face_ambiguous,proxy,28.77498913987632,70.8452228672636,56.94226399232321,8.571428571428571,36,0.0,ok,-1.6480803945696598,0.052453280670549406,0.8502668376201046,-0.018048930752657524,0.057452573850180724,0.37691946308724833,Contempt,1.0,149,ok,754.25,1.4315361590431055,72,ok,3575,1.459616,1.459443,0.008944,0.008943,0.008803,1.366151,1.547375,0.181224,1.459644,0.226357,0.0,0.0,False,1.0884909234636593e-05,6.628793748546178e-06,9.287923258566967e-06,8.261812721215678e-06,3.5063438962965416e-05,0.7137002374273166,0.1890514380661914,7.996657616092989e-05,1.151692440339525,1.4955533426889476,0.4177314022586572,0.02909090909090909,ok,False,False,-0.648,-0.8612,-0.1393,-0.1358,1.5688,0.0016,-0.3134,-0.0883,-0.6461,-1.9456,0.4853,-1.214,-0.4527,-0.2958,-0.3923,-0.1642,-1.2415,-0.1403,-1.6488,1.4909,-0.429,-2.3401
2026-07-06_17-49_proband_07,proband_07,1783353182782,1783353212782,neutral,neutral,activated,face_ambiguous,proxy,24.19241053042725,69.18772257079871,23.454377909832843,0.0,34,0.0,ok,-2.1511933394577003,-0.5660969455953222,0.792548196931189,-0.07900533999161641,0.07526444804898941,0.368248322147651,Neutral,1.0,149,ok,753.5,1.5654725246238315,72,ok,3605,1.459702,1.459484,0.009292,0.009292,0.008672,1.366151,1.547372,0.181221,1.459732,0.230577,0.0,0.0,False,1.1115247104826138e-05,7.5169274634425774e-06,1.0870302973193457e-05,9.172755974139038e-06,3.8675233515601216e-05,0.6915103277681636,0.194360229681615,8.631547216497448e-05,1.154519459815536,1.4920776215851284,0.431236955535779,0.03245492371705964,ok,False,False,-0.4908,-0.7727,0.2878,0.2969,1.3248,0.0016,-0.3137,-0.0885,-0.485,-1.7401,0.5786,-0.324,0.3098,0.1261,0.0572,-0.3923,-0.9264,0.2945,-1.6018,1.4352,0.5273,-1.5937
2026-07-06_17-49_proband_07,proband_07,1783353187782,1783353217782,neutral,neutral,activated,face_ambiguous,proxy,29.037414288662628,70.75935268295879,51.55354744310282,8.571428571428571,36,0.0,ok,-1.6192692162635587,0.02040802430195896,0.8198386202827588,-0.05508275121848222,0.05590378829201344,0.37888666666666665,Neutral,1.0,150,ok,752.3287671232877,2.000380481312298,73,ok,3636,1.459494,1.459183,0.00892,0.008909,0.008178,1.366151,1.545003,0.178852,1.459521,0.232737,0.0,0.0,False,9.894421416495745e-06,7.165678021158865e-06,1.0317465440055629e-05,8.871055614789717e-06,3.624862049249996e-05,0.6945191499086892,0.19768139383290706,7.954367331124508e-05,1.169798415750697,1.4825935699771642,0.43218055802002503,0.036303630363036306,ok,False,False,-0.871,-1.4224,-0.1688,-0.1779,0.4043,0.0016,-0.5265,-0.1847,-0.8713,-1.6349,0.0839,-0.676,0.0434,-0.0137,-0.2448,-0.3614,-0.7293,-0.1693,-1.3477,1.2834,0.5941,-0.7398
2026-07-06_17-49_proband_07,proband_07,1783353192782,1783353222782,neutral,neutral,activated,face_ambiguous,proxy,32.96841923214801,72.5608759601242,61.25347327285195,13.88888888888889,37,0.0,ok,-1.1876913554040929,0.692705117153494,0.9401982362787935,-0.043081429750928865,0.060216973992018724,0.3875733333333333,Contempt,1.0,150,ok,751.1666666666666,2.155895944600217,72,ok,3600,1.459609,1.459316,0.008796,0.008796,0.00755,1.366151,1.545003,0.178852,1.459636,0.242567,0.0,0.0,False,8.88073054669379e-06,6.898143846701807e-06,1.028456264067365e-05,8.606092793913179e-06,3.466952982798243e-05,0.6707279071540629,0.19896847987150104,7.734223769784543e-05,1.1891066356633557,1.4566355535365705,0.42165703739793736,0.04,ok,False,False,-0.6608,-1.1353,-0.321,-0.318,-0.7658,0.0016,-0.5265,-0.1847,-0.6608,-1.1564,-0.3268,-0.944,0.0276,-0.1364,-0.4414,-0.606,-0.6529,-0.3201,-1.0267,0.8678,-0.151,0.0803
2026-07-06_17-49_proband_07,proband_07,1783353197782,1783353227782,neutral,neutral,activated,face_ambiguous,proxy,38.092723131269516,73.48316838237727,64.8286723352928,22.22222222222222,37,0.0,ok,-0.6251033793086351,1.03688857683954,0.8309959780740875,-0.013830021886327884,0.04978689898091786,0.38989333333333337,Contempt,1.0,150,ok,750.2222222222222,2.410202622668086,72,ok,3588,1.459783,1.459498,0.009003,0.009003,0.008138,1.366151,1.545003,0.178852,1.459811,0.23864,0.0,0.0,False,1.0884524395947789e-05,7.582373651348984e-06,9.491383877926303e-06,7.79786565404948e-06,3.5756147579272555e-05,0.7988690532382665,0.2120578964073441,8.103624612651529e-05,1.1675116735266062,1.4846348277660208,0.4122411140387891,0.03483835005574136,ok,False,False,-0.3427,-0.7425,-0.0669,-0.0614,0.3298,0.0016,-0.5265,-0.1847,-0.3404,-1.3475,0.4851,-0.2584,-0.3547,-0.5107,-0.3061,0.7113,0.124,-0.0671,-1.3858,1.3161,-0.8178,-1.0649
2026-07-06_17-49_proband_07,proband_07,1783353202782,1783353232782,neutral,neutral,activated,face_ambiguous,proxy,42.42607950567931,74.11611524722065,62.550244068532876,25.0,37,0.0,ok,-0.14935208891434332,1.2730933167712035,0.7112227028427734,0.020474925010953465,0.03543505443025176,0.3956133333333333,Contempt,1.0,150,ok,749.0555555555555,2.4774412566131008,72,ok,3599,1.459727,1.459472,0.008457,0.008455,0.007713,1.389004,1.544665,0.155661,1.459752,0.244858,0.0,0.0,False,9.2225785752911e-06,7.247057397351086e-06,8.715405350658232e-06,7.304431798949617e-06,3.2489473122250037e-05,0.8315226055757862,0.22305862415877092,7.150017723529087e-05,1.211048364465497,1.450363309993322,0.41664018544707265,0.037232564601278134,ok,False,False,-0.4451,-0.7986,-0.7371,-0.7408,-0.4621,1.462,-0.5569,-1.1272,-0.4484,-1.0448,-0.1883,-0.5944,-0.7286,-0.7393,-0.7127,1.047,0.7769,-0.7202,-0.6618,0.7674,-0.5063,-0.5337
2026-07-06_17-49_proband_07,proband_07,1783353207782,1783353237782,neutral,neutral,activated,face_ambiguous,proxy,41.925529215503055,74.14334379800948,62.43147594914916,22.22222222222222,37,0.0,ok,-0.20430659204842394,1.2832545374281448,0.7437805647382844,0.05185344842350442,0.027907020157906456,0.38926,Contempt,1.0,150,ok,747.8055555555555,2.1469853669469185,72,ok,3629,1.45971,1.45928,0.008561,0.00856,0.007378,1.389004,1.548251,0.159246,1.459735,0.245039,0.0,0.0,False,9.632365329776632e-06,7.572529550333599e-06,9.598119571549602e-06,7.936719554201184e-06,3.4739734005861016e-05,0.7889596191133308,0.2179789094262239,7.326674572218012e-05,1.2188375460952872,1.4312184619013948,0.419566529880496,0.04381372278864701,ok,False,False,-0.4762,-1.213,-0.6094,-0.6106,-1.0863,1.462,-0.2348,-0.9815,-0.4796,-1.036,-0.0223,-0.2683,-0.3032,-0.4464,-0.4326,0.6095,0.4754,-0.5992,-0.5323,0.4609,-0.2991,0.9265
2026-07-06_17-49_proband_07,proband_07,1783353212782,1783353242782,neutral,neutral,neutral,face_ambiguous+hrv_ambiguous,proxy,51.28027561028379,74.69214723100734,71.09573548113559,30.555555555555557,37,0.0,ok,0.8227339474535795,1.4880584149178298,0.3326622337321251,0.0507750160777293,0.0386083986581614,0.38355333333333336,Contempt,1.0,150,ok,746.5555555555555,1.7188998191923244,72,ok,3588,1.459698,1.459418,0.008355,0.008354,0.007456,1.389004,1.548251,0.159246,1.459722,0.262336,0.0,0.0,False,9.202152752389399e-06,6.672603778181221e-06,8.509765614194299e-06,7.187271803863541e-06,3.157179394862846e-05,0.7841112548317497,0.21134698831784637,6.97804842898895e-05,1.2633082829638058,1.387100744121226,0.4150756376670273,0.04292084726867335,ok,False,False,-0.4981,-0.9151,-0.8623,-0.8661,-0.9409,1.462,-0.2348,-0.9815,-0.5034,-0.1939,-0.1966,-1.1701,-0.8277,-0.7935,-0.8269,0.5596,0.0818,-0.838,0.2071,-0.2454,-0.6171,0.7284
2026-07-06_17-49_proband_07,proband_07,1783353217782,1783353247782,neutral,neutral,neutral,face_ambiguous+hrv_ambiguous,proxy,53.672818340119136,73.00750354897586,81.29224176653373,28.57142857142857,36,0.0,ok,1.0854068487096364,0.85937875017183,-0.11301404926890324,0.009829408396263551,0.06757027307540889,0.37254666666666664,Contempt,1.0,150,ok,745.7183098591549,1.7417815066481237,71,ok,3547,1.459545,1.459237,0.008552,0.00855,0.00755,1.389338,1.548251,0.158913,1.45957,0.259447,0.0,0.0,False,9.830569877751633e-06,7.265675045821156e-06,8.747828414314726e-06,7.120258644181658e-06,3.296433198206917e-05,0.8305688990610391,0.22041019455098007,7.310934915212112e-05,1.249933179678296,1.4015579866880812,0.4246219585731076,0.042289258528333803,ok,False,False,-0.7778,-1.3058,-0.6205,-0.623,-0.7658,1.4834,-0.2348,-0.995,-0.7816,-0.3345,0.0581,-0.5758,-0.713,-0.8246,-0.6536,1.0372,0.6197,-0.61,-0.0153,-0.014,0.0589,0.5883
2026-07-06_17-49_proband_07,proband_07,1783353222782,1783353252782,neutral,neutral,neutral,face_ambiguous+hrv_ambiguous,proxy,54.976358555291746,71.86824155714524,76.52530964245108,28.57142857142857,36,0.0,ok,1.2285201507014873,0.4342260281325632,-0.3971470612844621,-0.00944591142929093,0.06256355002338383,0.3706266666666666,Contempt,1.0,150,ok,744.8472222222222,1.64153588526045,72,ok,3614,1.459609,1.459453,0.008389,0.008386,0.007431,1.389338,1.548251,0.158913,1.459633,0.259341,0.0,0.0,False,9.872590884936876e-06,7.146350637581352e-06,8.153447965142706e-06,6.712729217691901e-06,3.188511870535283e-05,0.8764819241689181,0.22412807929278786,7.035468714580741e-05,1.258417350040549,1.3909271179811213,0.4165111905055951,0.042058660763696736,ok,False,False,-0.6608,-0.8396,-0.8206,-0.8264,-0.9875,1.4834,-0.2348,-0.995,-0.6663,-0.3397,0.0751,-0.6953,-0.9994,-1.0133,-0.7879,1.5092,0.8404,-0.7987,0.1258,-0.1842,-0.5154,0.5371
2026-07-06_17-49_proband_07,proband_07,1783353227782,1783353257782,neutral,neutral,neutral,face_ambiguous+hrv_ambiguous,proxy,54.32121240958323,72.58649891120251,79.02538683680001,26.47058823529412,35,0.0286,ok,1.1565928506395062,0.7022671559783965,-0.22716284733055486,-0.05021391264722379,0.049880818844643855,0.38037333333333334,Contempt,1.0,150,ok,743.9305555555555,1.532064692570853,72,ok,3610,1.459817,1.459748,0.008139,0.008127,0.007298,1.381131,1.548251,0.16712,1.459839,0.269881,0.0,0.0,False,7.804925374925262e-06,7.158647984257802e-06,8.605674172585935e-06,7.019127573746321e-06,3.058837510551532e-05,0.8318519861244876,0.23403164520940495,6.622918042390756e-05,1.256821282933892,1.3885163928826612,0.40743490620960676,0.03905817174515235,ok,False,False,-0.2806,-0.2029,-1.1274,-1.1475,-1.2353,0.9589,-0.2348,-0.6615,-0.2892,0.1734,-0.7627,-0.683,-0.7815,-0.8714,-0.9493,1.0504,1.4282,-1.0812,0.0992,-0.2228,-1.1581,-0.1286
2026-07-06_17-49_proband_07,proband_07,1783353232782,1783353262782,neutral,neutral,neutral,face_ambiguous+hrv_ambiguous,proxy,51.9909494386226,72.7499480357514,77.44270856086904,26.47058823529412,35,0.0,ok,0.9007575304845716,0.7632635209192075,-0.06874700478268209,-0.08198394040291931,0.06335971815827532,0.39381456953642385,Neutral,1.0,151,ok,743.0,1.6950632544597617,72,ok,3593,1.459976,1.459868,0.007941,0.007934,0.007254,1.381131,1.548251,0.16712,1.459998,0.262249,0.0,0.0,False,6.855205761363983e-06,6.472602223950882e-06,8.177050685445908e-06,6.674575804153235e-06,2.817943447491401e-05,0.791556966121576,0.22969240209630687,6.303660091976009e-05,1.2552041466711545,1.3861231560115588,0.4035857615658424,0.03701642081825773,suspect_lowamp,False,True,0.0101,0.0561,-1.3705,-1.3868,-1.3173,0.9589,-0.2348,-0.6615,0.0018,-0.1981,-1.1476,-1.3705,-0.988,-1.031,-1.2491,0.6362,1.1706,-1.2999,0.0723,-0.2611,-1.4307,-0.5816
2026-07-06_17-49_proband_07,proband_07,1783353237782,1783353267782,neutral,neutral,neutral,face_ambiguous+hrv_ambiguous,proxy,51.79161542732017,72.91877658497063,77.80580220743731,37.142857142857146,36,0.0,ok,0.8788730130567801,0.8262673934026199,-0.02630280982708011,-0.07964493954358277,0.05674854396010041,0.40366225165562913,Neutral,1.0,151,ok,741.7361111111111,2.2641918967320143,72,ok,3587,1.460135,1.460094,0.008075,0.00806,0.00712,1.380966,1.543026,0.16206,1.460157,0.273564,0.0,0.0,False,6.357170110381001e-06,6.686192058134206e-06,8.892046003063064e-06,7.6083711335466455e-06,2.9543779305124913e-05,0.7519294551446926,0.22631470952870453,6.518258423079975e-05,1.2650391119638296,1.375883526741827,0.4090392830021238,0.03930861444103708,ok,False,False,0.3007,0.5439,-1.206,-1.2306,-1.567,0.9484,-0.7041,-0.8671,0.2929,0.3528,-1.3494,-1.1564,-0.6435,-0.5985,-1.0793,0.2288,0.9701,-1.1529,0.2359,-0.425,-1.0445,-0.0731
2026-07-06_17-49_proband_07,proband_07,1783353242782,1783353272782,neutral,neutral,neutral,face_ambiguous+hrv_ambiguous,proxy,49.537558447805004,71.62166906575852,76.46996194725027,36.36363636363637,34,0.0,ok,0.6314042096693238,0.3422094712345156,-0.14459736921740407,-0.032628806483300576,0.029197768295677794,0.4314701986754968,Contempt,1.0,151,ok,740.5694444444445,2.58286002024772,72,ok,3601,1.460097,1.460111,0.008117,0.008116,0.007045,1.380966,1.543026,0.16206,1.460119,0.276389,0.0,0.0,False,6.33182690099145e-06,6.905429497477713e-06,9.210317236407026e-06,7.460785542160991e-06,2.990835917703718e-05,0.7497492833832354,0.230886262456459,6.58601931673781e-05,1.2730160823849814,1.3616132590413672,0.40639296361229293,0.03776728686475979,ok,False,False,0.2312,0.5806,-1.1544,-1.1611,-1.7067,0.9484,-0.7041,-0.8671,0.2233,0.4903,-1.3597,-0.9367,-0.4901,-0.6669,-1.0339,0.2064,1.2415,-1.1065,0.3685,-0.6535,-1.2319,-0.415
2026-07-06_17-49_proband_07,proband_07,1783353247782,1783353277782,neutral,neutral,neutral,face_ambiguous+hrv_ambiguous,proxy,47.34852007128815,71.40428425705542,66.72929131444249,32.35294117647059,35,0.0286,ok,0.3910736800824597,0.2610852488757927,-0.06499421560333349,0.041164542241821964,-0.008834128734104572,0.43850331125827813,Neutral,1.0,151,ok,739.3013698630137,2.836688853746219,73,ok,3632,1.460351,1.460401,0.008016,0.008015,0.006806,1.380966,1.543026,0.16206,1.460373,0.285045,0.0,0.0,False,6.009353531939797e-06,6.297181017776339e-06,9.594717835212543e-06,7.841403832909824e-06,2.9742656217838506e-05,0.6563174102263147,0.2117222066493619,6.423172308663308e-05,1.2755342721703764,1.3646152276378918,0.4072070933769944,0.04047356828193833,suspect_lowamp,False,True,0.6955,1.2065,-1.2784,-1.2864,-2.152,0.9484,-0.7041,-0.8671,0.6882,0.9117,-1.4903,-1.5462,-0.3049,-0.4906,-1.0545,-0.7541,0.1041,-1.218,0.4104,-0.6054,-1.1743,0.1854
2026-07-06_17-49_proband_07,proband_07,1783353252782,1783353282782,neutral,neutral,neutral,face_ambiguous+hrv_ambiguous,proxy,45.59483401536723,73.41755407103645,78.43978773747607,33.33333333333333,37,0.0,ok,0.1985396874992888,1.0124024592728,0.4069313858867556,0.110354275147929,-0.028561213017751486,0.447682119205298,Contempt,1.0,151,ok,737.7916666666666,2.7727928667122144,72,ok,3604,1.460421,1.460448,0.007925,0.007911,0.006983,1.380966,1.543026,0.16206,1.460443,0.282542,0.0,0.0,False,6.276664404032115e-06,5.82207675214951e-06,8.801097948276835e-06,6.90234260799711e-06,2.780218171245557e-05,0.6615170203590783,0.2094107794472259,6.278786744415044e-05,1.2744366137890617,1.3651729144112226,0.3940877875922724,0.036348501664816874,suspect_lowamp,False,True,0.8235,1.308,-1.3901,-1.4153,-1.8222,0.9484,-0.7041,-0.8671,0.8163,0.7899,-1.382,-2.0223,-0.6873,-0.9255,-1.296,-0.7007,-0.0331,-1.3169,0.3921,-0.5965,-2.1033,-0.7298
2026-07-06_17-49_proband_07,proband_07,1783353257782,1783353287782,neutral,neutral,neutral,face_ambiguous+hrv_ambiguous,proxy,46.63628262568595,73.09149972929075,78.93171652140775,31.428571428571427,36,0.0,ok,0.3128784303648476,0.8907246609086495,0.28892311527190095,0.18692423619874976,-0.03545117835236111,0.45129801324503305,Contempt,1.0,151,ok,736.1805555555555,2.744143001698621,72,ok,3601,1.4603,1.46019,0.008371,0.008371,0.007042,1.380966,1.543026,0.16206,1.460324,0.282222,0.0,0.0,False,6.9928295428944016e-06,6.325752418515835e-06,8.559404925933594e-06,7.34298274300409e-06,2.9220969630347922e-05,0.7390410588367873,0.2164798869461961,7.005775946316121e-05,1.2773105119187242,1.365446410257723,0.41676287955394514,0.039711191335740074,ok,False,False,0.6023,0.7511,-0.8427,-0.845,-1.7123,0.9484,-0.7041,-0.8671,0.5985,0.7743,-1.0918,-1.5176,-0.8038,-0.7214,-1.1195,0.0963,0.3864,-0.819,0.4399,-0.5921,-0.4976,0.0163
2026-07-06_17-49_proband_07,proband_07,1783353262782,1783353292782,neutral,neutral,neutral,face_ambiguous+hrv_ambiguous,proxy,48.75448697299562,73.449401523395,80.34666951148195,31.428571428571427,36,0.0,ok,0.5454322211175476,1.024287373504421,0.23942757619343663,0.25138158884975476,-0.06022565399319668,0.44589261744966435,Contempt,1.0,149,ok,734.625,2.5311440379490597,72,ok,3608,1.460184,1.460161,0.008419,0.008418,0.006993,1.377602,1.549388,0.171786,1.460208,0.297754,0.0,0.0,False,7.910762269411761e-06,6.651030047458286e-06,8.43285000947022e-06,7.745154812595187e-06,3.073979713893545e-05,0.7887047974628129,0.21636544317556852,7.085566721589167e-05,1.2783386657369809,1.365032195732637,0.42474602856642235,0.041574279379157426,ok,False,False,0.3903,0.6885,-0.7837,-0.7867,-1.8036,0.7334,-0.1326,-0.4719,0.3862,1.5305,-0.7199,-1.1917,-0.8648,-0.5351,-0.9304,0.6068,0.3796,-0.7643,0.457,-0.5987,0.0677,0.4296
2026-07-06_17-49_proband_07,proband_07,1783353267782,1783353297782,positive activated,positive,activated,clear,proxy,43.547547449757595,74.15572702675618,76.51571508294656,25.0,37,0.0,ok,-0.026228169385858913,1.2878757426004814,0.6570519559931701,0.34668980387100473,-0.08981783928597012,0.46846308724832214,Contempt,1.0,149,ok,733.3472222222222,2.5128387080067363,72,ok,3609,1.459946,1.459907,0.008329,0.008329,0.007109,1.377602,1.530975,0.153374,1.45997,0.300166,0.0,0.0,False,7.180799942943601e-06,6.473480166154715e-06,8.747183303373791e-06,7.657359348933984e-06,3.0058822761406093e-05,0.740064452930058,0.2153603952549306,6.935240807175202e-05,1.3144199255450846,1.3401890338651816,0.42848695110040186,0.042671100027708506,ok,False,False,-0.0448,0.1403,-0.8942,-0.897,-1.5875,0.7334,-1.7866,-1.2201,-0.0494,1.6479,-1.0156,-1.3696,-0.7133,-0.5758,-1.0152,0.1068,0.32,-0.8673,1.057,-0.9965,0.3326,0.673
2026-07-06_17-49_proband_07,proband_07,1783353272782,1783353302782,positive activated,positive,activated,clear,proxy,44.26435736948333,75.03295366208133,68.48852954092882,25.0,37,0.0,ok,0.052469083923567736,1.6152414359424923,0.7813861760094623,0.40394172008393453,-0.09941339216418983,0.46385333333333334,Happiness,1.0,150,ok,731.7222222222222,2.7894278388643814,72,ok,3595,1.460206,1.459981,0.008573,0.008573,0.007285,1.377602,1.546072,0.168471,1.460231,0.281302,0.0,0.0,False,8.103607906484115e-06,6.819512123031177e-06,8.500232027927811e-06,7.764009392729206e-06,3.118736145017231e-05,0.8022735495162819,0.21866267575293144,7.348410245608252e-05,1.280847714158453,1.364585795525519,0.4315327979822882,0.04228094575799722,ok,False,False,0.4305,0.3,-0.5947,-0.5945,-1.2595,0.7334,-0.4305,-0.6066,0.4283,0.7295,-0.6417,-1.0228,-0.8323,-0.5264,-0.8747,0.7463,0.516,-0.5843,0.4987,-0.6059,0.5483,0.5864
2026-07-06_17-49_proband_07,proband_07,1783353277782,1783353307782,positive activated,positive,activated,clear,proxy,38.790159455565984,75.21220586655205,67.76097387015577,23.52941176470588,35,0.0,ok,-0.5485331176954096,1.6821352349182765,1.1153341763068432,0.41338656284571523,-0.09986611068561539,0.47004,Happiness,1.0,150,ok,729.9444444444445,3.197221015541813,72,ok,3609,1.460189,1.459848,0.008835,0.008829,0.007658,1.377602,1.546072,0.168471,1.460215,0.27633,0.0,0.0,False,8.68627061795666e-06,7.956617338569605e-06,9.551903365436921e-06,8.930069260395651e-06,3.5124860582358845e-05,0.832987541977516,0.2265238062195168,7.804018080293287e-05,1.2269766932705928,1.4226731613980645,0.4258427461603617,0.04350235522305348,ok,False,False,0.3994,0.013,-0.2731,-0.2771,-0.5646,0.7334,-0.4305,-0.6066,0.399,0.4874,-0.4056,0.1166,-0.3255,0.0137,-0.3847,1.0621,0.9826,-0.2723,-0.397,0.3241,0.1454,0.8574
2026-07-06_17-49_proband_07,proband_07,1783353282782,1783353312782,positive activated,positive,activated,clear,proxy,38.02260840605231,72.83160450231736,55.96061927008054,18.75,33,0.0,ok,-0.6328011470700665,0.7937362912578738,0.7132687191639702,0.43327513946903656,-0.1082725743601245,0.4756133333333332,Happiness,1.0,150,ok,728.0138888888889,3.5105196258984885,72,ok,3593,1.460162,1.459795,0.009154,0.009151,0.007961,1.377602,1.546072,0.168471,1.46019,0.281737,0.0,0.0,False,8.6227028768573e-06,7.689701200595015e-06,1.0083227606649021e-05,8.854738754095294e-06,3.525037043819663e-05,0.7626229157915074,0.2181452531380308,8.377626319829566e-05,1.2436508087348528,1.406606619357612,0.43068055366520763,0.0448093515168383,ok,False,False,0.35,-0.1014,0.1185,0.1221,0.0,0.7334,-0.4305,-0.6066,0.3533,0.7507,-0.4314,-0.1509,-0.0695,-0.0212,-0.3691,0.3387,0.4853,0.1206,-0.1198,0.0669,0.4879,1.1474
2026-07-06_17-49_proband_07,proband_07,1783353287782,1783353317782,neutral,positive,neutral,hrv_ambiguous,proxy,45.94289934255347,71.08494291663675,62.932969992852016,15.625,33,0.0,ok,0.2367531447464823,0.14191262562299076,-0.04742025956174577,0.47920521465497873,-0.11815657186677775,0.5042199999999999,Happiness,1.0,150,ok,726.125,3.8048801132304204,72,ok,3595,1.459993,1.459586,0.009016,0.009009,0.008158,1.37489,1.55055,0.175661,1.460021,0.274903,0.0,0.0,False,8.733485274528668e-06,6.8450663518197495e-06,1.0528588549382247e-05,8.90382639936535e-06,3.501096657509602e-05,0.6501408683199523,0.19551205881807096,8.127428166402448e-05,1.2152732415596135,1.4384197563187489,0.43382214713981065,0.03977746870653686,ok,False,False,0.0411,-0.5525,-0.0509,-0.0539,0.3671,0.5601,-0.0282,-0.3144,0.0439,0.4179,-0.3865,-0.9972,0.1452,0.0015,-0.3989,-0.8176,-0.858,-0.0508,-0.5916,0.5762,0.7104,0.031
2026-07-06_17-49_proband_07,proband_07,1783353292782,1783353322782,positive calm,positive,calm,clear,proxy,49.4359089216441,69.54150332367479,73.75133462039022,27.27272727272727,34,0.0,ok,0.6202442936456606,-0.434072133770715,-0.5271582137081878,0.5696287317804752,-0.1298221985283779,0.5652185430463577,Happiness,1.0,151,ok,724.2777777777778,3.6317156238418455,72,ok,3590,1.459944,1.459456,0.008877,0.008877,0.008019,1.37489,1.55055,0.175661,1.459971,0.262747,0.0,0.0,False,8.663313875608247e-06,6.753152956785417e-06,9.60558090068228e-06,8.267935624393366e-06,3.328998335746931e-05,0.7030446491019711,0.2028583998198907,7.877561142116633e-05,1.214218801106878,1.4471420503767498,0.4260666794846126,0.04233983286908078,ok,False,False,-0.0484,-0.8331,-0.2216,-0.2176,0.1081,0.5601,-0.0282,-0.3144,-0.0476,-0.1739,-0.4149,-1.0893,-0.2996,-0.293,-0.6131,-0.2738,-0.422,-0.2219,-0.6091,0.7158,0.1612,0.5995
2026-07-06_17-49_proband_07,proband_07,1783353297782,1783353327782,positive calm,positive,calm,clear,proxy,55.69419853090625,68.38433377080887,76.99956955802553,28.125,33,0.0,ok,1.307330491967666,-0.8659076455228281,-1.086619068745247,0.6206598245216435,-0.11454579596594036,0.6096118421052632,Happiness,1.0,152,ok,722.5138888888889,2.897269504038196,72,ok,3585,1.460049,1.459738,0.009018,0.009014,0.008096,1.37489,1.55055,0.175661,1.460077,0.262835,0.0,0.0,False,8.5483456684153e-06,7.285670154815114e-06,1.0431965249658765e-05,8.764811130334482e-06,3.5030792203223656e-05,0.6983985550234533,0.20797902327100776,8.129631968514884e-05,1.1937799805581097,1.4551020383915156,0.4161759994038776,0.03737796373779637,ok,False,False,0.1435,-0.2245,-0.0485,-0.0477,0.2515,0.5601,-0.0282,-0.3144,0.1464,-0.1696,-0.4615,-0.5557,0.0986,-0.0629,-0.3964,-0.3215,-0.1181,-0.0493,-0.949,0.8433,-0.5392,-0.5014
2026-07-06_17-49_proband_07,proband_07,1783353302782,1783353332782,positive calm,positive,calm,clear,proxy,56.04002898361892,68.4471882968729,74.70593568850119,30.303030303030305,34,0.0,ok,1.345298586423803,-0.8424514317280796,-1.0938750090759413,0.6684506480947869,-0.11493445793488771,0.6779933774834438,Happiness,1.0,151,ok,720.8055555555555,2.58183736785515,72,ok,3609,1.459834,1.45947,0.009242,0.009241,0.007946,1.37489,1.560925,0.186035,1.459863,0.268016,0.0,0.0,False,8.116601852986827e-06,6.692362651132063e-06,1.002152379656414e-05,8.67407490338213e-06,3.3504563204065155e-05,0.6677988416918877,0.1997448052262703,8.538845781999841e-05,1.2250215609327493,1.4267809770257411,0.43840646054713944,0.042671100027708506,ok,False,False,-0.2495,-0.8029,0.2265,0.2337,-0.0279,0.5601,0.9037,0.1072,-0.2453,0.0826,-0.6365,-1.1503,-0.0992,-0.1049,-0.5863,-0.6361,-0.6068,0.231,-0.4295,0.3898,1.035,0.673
2026-07-06_17-49_proband_07,proband_07,1783353307782,1783353337782,positive calm,positive,calm,clear,proxy,62.54386695846082,70.64997981429148,93.5635496073447,38.23529411764706,35,0.0,ok,2.0593430918143536,-0.020408024301953657,-1.0398755580581536,0.6831497129370335,-0.1151309812589561,0.707092715231788,Happiness,1.0,151,ok,719.3888888888889,2.292397450702535,72,ok,3593,1.459813,1.459498,0.00896,0.008957,0.00776,1.347822,1.56092,0.213097,1.45984,0.270045,0.0,0.0,False,8.036133397329331e-06,7.377240162600222e-06,9.188396266250644e-06,8.026497348844709e-06,3.26282671750249e-05,0.8028865044502511,0.22609965453965106,8.025172712879716e-05,1.2517728239628576,1.4033035126899331,0.41391098290527994,0.03868633453938213,ok,False,False,-0.2879,-0.7425,-0.1197,-0.1184,-0.3745,-1.1697,0.9032,1.2069,-0.2874,0.1814,-0.6691,-0.464,-0.5007,-0.4048,-0.6954,0.7526,0.9574,-0.1208,0.0153,0.014,-0.6996,-0.2111
2026-07-06_17-49_proband_07,proband_07,1783353312782,1783353342782,positive calm,positive,calm,clear,proxy,65.94338034833144,70.31642390758412,95.6764066524029,41.17647058823529,35,0.0,ok,2.4325694646773295,-0.14488527598401768,-1.2887273703306736,0.6057630112129531,-0.08227515935420834,0.7116887417218544,Happiness,1.0,151,ok,717.8888888888889,2.6830482745970983,72,ok,3598,1.459816,1.459696,0.009087,0.009084,0.007234,1.347822,1.56092,0.213097,1.459844,0.28357,0.0,0.0,False,7.51071574467134e-06,7.519176315337561e-06,1.0828778046443693e-05,9.759875938060432e-06,3.561854604451303e-05,0.6943697237785043,0.2111028365626687,8.254452345550468e-05,1.268914543539847,1.3754575475023185,0.4026511972863464,0.04474708171206226,ok,False,False,-0.2824,-0.3151,0.0362,0.0391,-1.3546,-1.1697,0.9032,1.2069,-0.28,0.8399,-0.882,-0.3217,0.2898,0.398,-0.3233,-0.3629,0.0673,0.0362,0.3003,-0.4318,-1.4969,1.1336
2026-07-06_17-49_proband_07,proband_07,1783353317782,1783353347782,positive calm,positive,calm,clear,proxy,56.95838079560499,71.53976087172524,85.30343133089899,31.428571428571427,36,0.0,ok,1.4461227563832415,0.3116427605917624,-0.5672399978957395,0.4894149090874528,-0.03385439735388884,0.6967615894039736,Happiness,1.0,151,ok,716.1388888888889,3.521785540877119,72,ok,3604,1.459639,1.459656,0.008988,0.008987,0.006947,1.347822,1.56092,0.213097,1.459667,0.293089,0.0,0.0,False,7.279458649100066e-06,7.589135331492252e-06,1.061248835724513e-05,9.796210929592844e-06,3.527729326743029e-05,0.7151135870219895,0.2151280445138591,8.076954173657232e-05,1.3066680713144643,1.3331266551109404,0.40267079945991835,0.04550499445061043,ok,False,False,-0.6059,-0.4015,-0.0853,-0.0812,-1.8893,-1.1697,0.9032,1.2069,-0.604,1.3033,-0.9757,-0.2516,0.1856,0.4148,-0.3657,-0.1497,0.3062,-0.0853,0.9281,-1.1096,-1.4955,1.3017
2026-07-06_17-49_proband_07,proband_07,1783353322782,1783353352782,neutral,positive,neutral,hrv_ambiguous,proxy,51.78333984704236,71.89216175736395,72.58782857437504,22.857142857142858,36,0.0278,ok,0.8779644521963863,0.4431526300095978,-0.21740591109339424,0.3184395461252735,0.02370745433267188,0.6507615894039734,Happiness,1.0,151,ok,714.3611111111111,3.813635859170836,72,ok,3605,1.459841,1.459757,0.009609,0.009608,0.007196,1.34184,1.56092,0.21908,1.459873,0.290788,0.0,0.0,False,7.712483191594756e-06,8.286198567700699e-06,1.3195691506514966e-05,1.1759202190816131e-05,4.095357545662655e-05,0.6279472307807752,0.20233150031417924,9.230475056145366e-05,1.2842973395157204,1.3488692885466045,0.40647446610801957,0.04382801664355063,ok,False,False,-0.2367,-0.1835,0.6769,0.6887,-1.4254,-1.552,0.9032,1.45,-0.227,1.1913,-0.8002,0.4468,1.4304,1.324,0.3407,-1.0458,-0.4533,0.7047,0.5561,-0.8575,-1.2261,0.9297
2026-07-06_17-49_proband_07,proband_07,1783353327782,1783353357782,neutral,neutral,neutral,face_ambiguous+hrv_ambiguous,proxy,47.289080587987144,72.09372183838991,65.9871740784309,20.0,36,0.0,ok,0.3845479276546606,0.5183713397683118,0.06691170605682562,0.11908405872271338,0.07157205033375433,0.5952214765100671,Anger,1.0,149,ok,712.7777777777778,3.2467631648325233,72,ok,3616,1.459672,1.459679,0.009682,0.00968,0.007253,1.34184,1.56092,0.21908,1.459704,0.280221,0.0,0.0,False,7.892375911269753e-06,8.831753006605168e-06,1.4487713510560055e-05,1.2571339804961755e-05,4.378318223339673e-05,0.60960291564054,0.20171564409845205,9.371316035703695e-05,1.305275966520592,1.3284466104388992,0.4059063629409593,0.045077433628318585,ok,False,False,-0.5456,-0.3518,0.7666,0.778,-1.3192,-1.552,0.9032,1.45,-0.5363,0.6769,-0.7273,0.9935,2.0531,1.7002,0.6929,-1.2344,-0.4898,0.8012,0.9049,-1.1845,-1.2664,1.2069
2026-07-06_17-49_proband_07,proband_07,1783353332782,1783353362782,neutral,neutral,neutral,face_ambiguous+hrv_ambiguous,proxy,40.85591612426457,71.95723684210526,67.4682869791368,17.647058823529413,35,0.0,ok,-0.32173746188973623,0.4674375176062139,0.3945874897479751,-0.14039976669287146,0.14258234220069485,0.5328783783783783,Anger,1.0,148,ok,711.6944444444445,2.6939624143309526,72,ok,3610,1.459698,1.45976,0.009699,0.009699,0.006964,1.34184,1.56047,0.21863,1.45973,0.296481,0.0,0.0,False,7.139046282810457e-06,8.294725936700564e-06,1.5022531912249455e-05,1.3236028885636047e-05,4.3692333017396524e-05,0.5521522891746837,0.18984396515411464,9.405203561594615e-05,1.3123991589960602,1.3196496014749046,0.4033853910880863,0.046814404432132965,ok,False,False,-0.4981,-0.177,0.7874,0.8016,-1.8576,-1.552,0.8628,1.4318,-0.4887,1.4685,-1.0326,0.4554,2.3108,2.008,0.6816,-1.825,-1.1944,0.8244,1.0234,-1.3253,-1.4449,1.5923
2026-07-06_17-49_proband_07,proband_07,1783353337782,1783353367782,neutral,negative,neutral,hrv_ambiguous,proxy,40.397291697223814,69.76975979268414,47.69664294160712,17.647058823529413,35,0.0,ok,-0.3720890010014251,-0.34889079724033295,0.011599101880546081,-0.33001831202854104,0.2048316899461566,0.5132499999999999,Anger,1.0,148,ok,710.8055555555555,1.6584303531673346,72,ok,3596,1.459545,1.459776,0.00979,0.00979,0.007,1.34184,1.56047,0.21863,1.459577,0.289291,0.0,0.0,False,7.707197263891702e-06,7.809199085186886e-06,1.4817073267051542e-05,1.3555327342338585e-05,4.388879695846872e-05,0.5270405576998464,0.17793148704087564,9.582582628155381e-05,1.3278941812595109,1.2998156089044572,0.40221755781547563,0.04838709677419355,ok,False,False,-0.7778,-0.1425,0.8991,0.9144,-1.7906,-1.552,0.8628,1.4318,-0.7688,1.1184,-0.8023,-0.0311,2.2118,2.1559,0.706,-2.0831,-1.9015,0.9458,1.281,-1.6429,-1.5276,1.9412
2026-07-06_17-49_proband_07,proband_07,1783353342782,1783353372782,neutral,negative,neutral,hrv_ambiguous,proxy,36.74973274927122,70.05481140336653,45.126796670911375,14.285714285714285,36,0.0,ok,-0.7725478431417847,-0.242514503576257,0.26501666978276384,-0.3699823200104153,0.21990042963155843,0.5189864864864865,Anger,1.0,148,ok,710.1944444444445,0.8160172755850259,72,ok,3585,1.459448,1.459595,0.00994,0.00994,0.007448,1.34184,1.557138,0.215299,1.459482,0.29269,0.0,0.0,False,9.189536528843068e-06,8.198785142613161e-06,1.4677016285205665e-05,1.295625778647557e-05,4.502159574313747e-05,0.5586138507091275,0.1821078268145361,9.877050482423701e-05,1.325312352647066,1.3167118914790794,0.4120132334483939,0.04686192468619247,ok,False,False,-0.9551,-0.5331,1.0832,1.1004,-0.9558,-1.552,0.5635,1.2964,-0.9426,1.2839,-0.2017,0.3593,2.1443,1.8785,0.847,-1.7586,-1.6536,1.1475,1.2381,-1.3724,-0.8339,1.6028
2026-07-06_17-49_proband_07,proband_07,1783353347782,1783353377782,neutral,negative,neutral,hrv_ambiguous,proxy,37.803283393035024,69.568674219837,42.296810376992106,14.705882352941178,35,0.0,ok,-0.6568804401037331,-0.42393242881571047,0.11647400564401134,-0.37518934327516845,0.22004071540215747,0.527391891891892,Anger,1.0,148,ok,709.9722222222222,0.8387150168556764,72,ok,3596,1.459621,1.459668,0.010122,0.01012,0.007606,1.34184,1.568341,0.226501,1.459656,0.289569,0.0,0.0,False,8.321011381362836e-06,8.656909837090576e-06,1.4649939237866166e-05,1.3197665241455485e-05,4.4825525697775064e-05,0.5909177577881708,0.19312455368249504,0.00010242395398667487,1.3185018776640633,1.3196744051722442,0.41175498697415397,0.04755283648498331,ok,False,False,-0.6388,-0.3756,1.3066,1.3236,-0.6614,-1.552,1.5698,1.7516,-0.6242,1.132,-0.5536,0.8183,2.1312,1.9903,0.8226,-1.4265,-0.9997,1.3977,1.1248,-1.3249,-0.8522,1.7561
2026-07-06_17-49_proband_07,proband_07,1783353352782,1783353382782,neutral,negative,neutral,hrv_ambiguous,proxy,39.23908615593565,70.38948850305022,45.68511148902568,17.647058823529413,35,0.0,ok,-0.49924627430201096,-0.11761884221386029,0.19081371604407532,-0.3853956302732653,0.2238526256139025,0.536554054054054,Anger,1.0,148,ok,710.0416666666666,0.7950108511970932,72,ok,3589,1.459308,1.4594,0.010184,0.010183,0.00776,1.349404,1.568341,0.218937,1.459344,0.283166,0.0,0.0,False,1.051502470899221e-05,7.663721470600611e-06,1.2327511232401103e-05,1.2186880662394126e-05,4.269313807438805e-05,0.6216762414120844,0.17950709731714568,0.00010367710107299197,1.3394791934876402,1.3068609372137228,0.4126158880550282,0.052660908331011426,ok,False,False,-1.211,-0.954,1.3827,1.4017,-0.3745,-1.0686,1.5698,1.4442,-1.1952,0.8202,0.3354,-0.1769,1.0121,1.5221,0.5572,-1.1103,-1.8079,1.4836,1.4736,-1.5301,-0.7913,2.8894
2026-07-06_17-49_proband_07,proband_07,1783353357782,1783353387782,negative activated,negative,activated,clear,proxy,40.14642317962644,72.21458046767538,58.2263043736111,23.52941176470588,35,0.0,ok,-0.3996313978536826,0.5634736740786882,0.4815525359661854,-0.40858726710669224,0.23199405607342777,0.5623020134228188,Anger,1.0,149,ok,709.6666666666666,1.2891748643942433,72,ok,3573,1.459494,1.459565,0.010707,0.010706,0.008356,1.349022,1.575486,0.226464,1.459534,0.286674,0.0,0.0,False,1.2404922593913083e-05,9.785480200128629e-06,1.3207582228737347e-05,1.415700115204342e-05,4.9554986174822475e-05,0.7408986209405191,0.19746711194994238,0.00011461250560690559,1.3119390538653877,1.3283829256919208,0.4149129154137192,0.0484186957738595,ok,False,False,-0.871,-0.5979,2.0247,2.0501,0.736,-1.093,2.2116,1.7501,-0.8475,0.991,1.1012,1.9492,1.4362,2.4346,1.4112,0.1154,-0.742,2.2325,1.0157,-1.1855,-0.6286,1.9482
2026-07-06_17-49_proband_07,proband_07,1783353362782,1783353392782,negative activated,negative,activated,clear,proxy,37.24168171743668,72.99270072992701,58.80524757925217,14.285714285714285,36,0.0,ok,-0.7185376634586667,0.853854596063641,0.7861961297611538,-0.43507926448968676,0.26024052211876864,0.5985866666666667,Anger,1.0,150,ok,708.7083333333334,2.2230387779907717,72,ok,3576,1.45959,1.459596,0.010819,0.010818,0.008509,1.319171,1.575486,0.256315,1.45963,0.28,0.0,0.0,False,1.1489862733280515e-05,1.0215100687038823e-05,1.3137732134543508e-05,1.386053082907196e-05,4.870322638393481e-05,0.7775390611474591,0.20974176118785023,0.00011702844819865589,1.3225621835459793,1.3214101514517478,0.42617351012128546,0.04614093959731544,ok,False,False,-0.6955,-0.531,2.1622,2.189,1.0211,-3.0007,2.2116,2.9632,-0.6717,0.6661,0.7304,2.3797,1.4025,2.2973,1.3052,0.4921,-0.0135,2.398,1.1923,-1.2971,0.1688,1.4428
2026-07-06_17-49_proband_07,proband_07,1783353367782,1783353397782,negative activated,negative,activated,clear,proxy,36.00714214866664,74.24211177562384,49.39953730263357,14.285714285714285,36,0.0,ok,-0.8540755103695739,1.3201130254968845,1.0870942679332292,-0.4571455126923846,0.28247788169203747,0.6337133333333332,Anger,1.0,150,ok,707.3661971830986,2.894524074473425,71,ok,3566,1.459745,1.459702,0.010855,0.010851,0.008347,1.338892,1.575486,0.236594,1.459785,0.295091,0.0,0.0,False,1.0809013735256242e-05,1.0791527814299298e-05,1.3822912717731415e-05,1.4102255680943207e-05,4.9525709948230166e-05,0.7806984861995058,0.2178974841084021,0.00011780554253987056,1.3199441189093502,1.319036110816782,0.4118275243612453,0.04711160964666293,ok,False,False,-0.4122,-0.3022,2.2064,2.2299,0.7192,-1.7404,2.2116,2.1618,-0.388,1.4008,0.4545,2.9573,1.7327,2.4092,1.4075,0.5245,0.4706,2.4512,1.1488,-1.3351,-0.8471,1.6582
2026-07-06_17-49_proband_07,proband_07,1783353372782,1783353402782,negative activated,negative,activated,clear,proxy,33.63252977139141,74.00359446030235,51.92646707791006,14.705882352941178,35,0.0,ok,-1.1147798709309216,1.2311025199331167,1.1729411954320192,-0.47599597039556935,0.2969012341929148,0.65846,Anger,1.0,150,ok,706.2,3.010127832039262,70,ok,3519,1.459905,1.459903,0.010762,0.010757,0.008144,1.338892,1.575486,0.236594,1.459945,0.299318,0.0,0.0,False,1.0095240984053971e-05,1.1350033276709213e-05,1.4817614067554567e-05,1.5008195691354017e-05,5.127108401967177e-05,0.7659824624248639,0.22137298776404699,0.00011577730642991772,1.3099628535780234,1.318287007823131,0.40960791260760065,0.048877522023302075,ok,False,False,-0.1197,0.1317,2.0922,2.1134,0.341,-1.7404,2.2116,2.1618,-0.0952,1.6066,0.1653,3.517,2.212,2.8288,1.6248,0.3733,0.6769,2.3123,0.9828,-1.3471,-1.0043,2.05
2026-07-06_17-49_proband_07,proband_07,1783353377782,1783353407782,negative activated,negative,activated,clear,proxy,34.166399534379636,74.45708376421923,52.362200106565425,17.142857142857142,36,0.0,ok,-1.0561672836662206,1.4003368254383417,1.2282520545522813,-0.4835193546760776,0.2986421376354928,0.6611666666666667,Anger,1.0,150,ok,704.9583333333334,3.0137595257208627,72,ok,3586,1.460006,1.459903,0.010931,0.010925,0.008183,1.338892,1.575486,0.236594,1.460047,0.303766,0.0,0.0,False,8.58286698312019e-06,1.145168919814058e-05,1.4695532406007313e-05,1.5516151154950297e-05,5.024623974221838e-05,0.7792632551506639,0.2279113627005837,0.00011945834457098899,1.3252764963212833,1.3049623719023629,0.42131273409755016,0.050474065811489124,ok,False,False,0.0649,0.1317,2.2997,2.3217,0.4136,-1.7404,2.2116,2.1618,0.0915,1.8232,-0.4475,3.6188,2.1532,3.0641,1.4972,0.5098,1.0649,2.5644,1.2375,-1.5605,-0.1754,2.4042
2026-07-06_17-49_proband_07,proband_07,1783353382782,1783353412782,negative activated,negative,activated,clear,proxy,38.13028873374707,74.18011452368557,52.60178103848816,18.91891891891892,38,0.0,ok,-0.620979120348842,1.2969767314666114,0.9589779259077267,-0.48879463464334827,0.30543368977080515,0.6739533333333333,Anger,1.0,150,ok,703.6666666666666,2.226599757224733,72,ok,3608,1.460088,1.460095,0.010634,0.010632,0.007889,1.338892,1.584681,0.245789,1.460127,0.320488,0.0,0.0,False,7.66954265434913e-06,1.1040727444509145e-05,1.4770932083564446e-05,1.4800607504069294e-05,4.8281809686492015e-05,0.7474631008107481,0.2286726054289851,0.00011305959349434856,1.321342258286778,1.3066740745814758,0.40564815078269595,0.04933481152993348,ok,False,False,0.2148,0.5461,1.9351,1.9584,-0.1342,-1.7404,3.0375,2.5355,0.2379,2.6373,-0.8176,3.207,2.1895,2.7327,1.2527,0.1829,1.1101,2.1262,1.1721,-1.5331,-1.2847,2.1515
2026-07-06_17-49_proband_07,proband_07,1783353387782,1783353417782,negative activated,negative,activated,clear,proxy,36.26923135189306,73.31228999083596,45.006269404542806,17.142857142857142,36,0.0,ok,-0.8253012149135798,0.9731197389230375,0.8992104769183087,-0.47769790876473595,0.2822168733982573,0.6503333333333334,Anger,1.0,150,ok,702.6231884057971,1.3072360747614473,69,ok,3464,1.459801,1.459716,0.010301,0.010284,0.007464,1.338892,1.584681,0.24579,1.459837,0.328617,0.0,0.0,False,6.579267207342931e-06,1.0505510461424503e-05,1.4578508041611386e-05,1.5025069737677246e-05,4.6688355448056064e-05,0.7206162462456663,0.2250134993103171,0.00010608621272639471,1.3310266447330066,1.303546761328284,0.4211633646367995,0.05138568129330254,ok,False,False,-0.3098,-0.272,1.5263,1.5269,-0.926,-1.7404,3.0375,2.5355,-0.2929,3.033,-1.2594,2.6707,2.0968,2.8367,1.0544,-0.0931,0.8929,1.6486,1.3331,-1.5831,-0.186,2.6065
2026-07-06_17-49_proband_07,proband_07,1783353392782,1783353422782,negative activated,negative,activated,clear,proxy,36.817115585010185,73.85966663339654,51.220230495498676,16.666666666666664,37,0.0,ok,-0.765150004541998,1.1773911630854472,0.9712705838137226,-0.44134458110069513,0.2336448004539849,0.6108866666666667,Anger,1.0,150,ok,701.625,1.3261986340293856,72,ok,3598,1.459801,1.459607,0.010371,0.010369,0.00789,1.341837,1.584681,0.242844,1.459838,0.311649,0.0,0.0,False,9.169546938080012e-06,9.886162074589499e-06,1.4134567990868811e-05,1.4464307252071673e-05,4.765458425561e-05,0.6994314493053265,0.20745458220991816,0.00010753201013491824,1.3078762654826432,1.3244821648040976,0.4085047820146645,0.04613674263479711,ok,False,False,-0.3098,-0.5072,1.6123,1.6323,-0.1323,-1.5522,3.0375,2.4158,-0.291,2.2069,-0.2098,2.0501,1.8829,2.5769,1.1747,-0.3109,-0.1492,1.7476,0.9482,-1.248,-1.0824,1.4419
2026-07-06_17-49_proband_07,proband_07,1783353397782,1783353427782,negative activated,negative,activated,clear,proxy,37.84427551412749,74.970406418519,60.29392209212947,16.216216216216218,38,0.0,ok,-0.6523799899166894,1.591899894622533,1.1221399422696112,-0.39836010787992493,0.1841779549718574,0.5685333333333333,Anger,1.0,150,ok,701.0,1.6244657241348273,73,ok,3625,1.45957,1.459546,0.010826,0.010826,0.008309,1.341837,1.584681,0.242844,1.45961,0.305188,0.0,0.0,False,1.1365247341452314e-05,9.613744078978473e-06,1.5278267993155484e-05,1.5357873384202934e-05,5.1615132797789204e-05,0.629243017208647,0.1862582419458971,0.00011717690611630119,1.3128210209469817,1.328531203348426,0.43376785699729065,0.048827586206896555,ok,False,False,-0.7321,-0.6389,2.1708,2.1989,0.6484,-1.5522,3.0375,2.4158,-0.7084,1.8924,0.6799,1.7771,2.434,2.9908,1.6676,-1.0325,-1.4073,2.4082,1.0304,-1.1831,0.7065,2.0389
2026-07-06_17-49_proband_07,proband_07,1783353402782,1783353432782,negative activated,negative,activated,clear,proxy,38.34984388906674,76.49058577405857,51.71771454058024,15.789473684210526,39,0.0,ok,-0.5968745604116783,2.1592043387539706,1.3780394495828245,-0.38576982015536876,0.19014198384827308,0.5600860927152318,Anger,1.0,151,ok,700.1666666666666,1.9209739313875196,72,ok,3597,1.459375,1.459391,0.010837,0.010837,0.008254,1.341837,1.584681,0.242844,1.459416,0.299778,0.0,0.0,False,1.1680935878164255e-05,9.219469774403357e-06,1.4095353619398134e-05,1.4395923392093186e-05,4.939168266405894e-05,0.6540785970517871,0.18666036649226697,0.00011741750464136254,1.2994553690883186,1.3398868256116363,0.4151672409685025,0.04670558798999166,ok,False,False,-1.0885,-0.9734,2.1843,2.2126,0.5459,-1.5522,3.0375,2.4158,-1.0634,1.629,0.8078,1.382,1.864,2.5453,1.3909,-0.7772,-1.3834,2.4246,0.8081,-1.0013,-0.6106,1.5681
2026-07-06_17-49_proband_07,proband_07,1783353407782,1783353437782,negative activated,negative,activated,clear,proxy,41.349600647215574,77.43985173908726,51.824694117552376,21.052631578947366,39,0.0,ok,-0.26753673881313,2.5134538545503156,1.3904952966817228,-0.3892486410560935,0.2127539626347524,0.5799205298013245,Anger,1.0,151,ok,698.8055555555555,2.418467032151256,72,ok,3595,1.459323,1.459572,0.01104,0.011035,0.008103,1.341837,1.584681,0.242844,1.459365,0.312187,0.0,0.0,False,1.1551349691038045e-05,9.622945178851893e-06,1.4268534596703268e-05,1.572481582146268e-05,5.1167645288055886e-05,0.6744171546991315,0.1880669891414995,0.00012184756278655164,1.3358213975952657,1.307845814582396,0.43954984944749087,0.054242002781641166,ok,False,False,-1.1836,-0.5828,2.4334,2.458,0.2646,-1.5522,3.0375,2.4158,-1.1568,2.2331,0.7553,1.7863,1.9474,3.1608,1.6119,-0.5681,-1.2999,2.7281,1.4128,-1.5143,1.116,3.2402
2026-07-06_17-49_proband_07,proband_07,1783353412782,1783353442782,negative activated,negative,activated,clear,proxy,39.841003445640716,75.62338193214335,88.76137155926041,22.22222222222222,37,0.0,ok,-0.43316287322775204,1.835578977250658,1.1343709252392051,-0.395436961934857,0.22766952890337994,0.5930927152317882,Anger,1.0,151,ok,697.6944444444445,2.249500031392822,72,ok,3590,1.459568,1.459767,0.010804,0.010793,0.007873,1.352066,1.559829,0.207763,1.459608,0.299248,0.0,0.0,False,1.1135758655288304e-05,9.145102444226384e-06,1.3221648035041079e-05,1.4153875106825173e-05,4.765638424138094e-05,0.6916763877175455,0.19189668704217033,0.00011669676462013054,1.3204917182536242,1.3204776504813707,0.422677029505776,0.05125348189415042,ok,False,False,-0.7357,-0.1619,2.1438,2.158,-0.164,-0.8985,0.8052,0.9901,-0.712,1.6032,0.5869,1.3075,1.4429,2.4332,1.1749,-0.3906,-1.0726,2.3753,1.1579,-1.3121,-0.0788,2.5772
2026-07-06_17-49_proband_07,proband_07,1783353417782,1783353447782,negative activated,negative,activated,clear,proxy,38.98204714993813,73.73271889400921,107.54384487932617,22.857142857142858,36,0.0,ok,-0.5274661178180295,1.1300164789967322,0.8287412984073809,-0.41969898182728615,0.28994826722860895,0.6348211920529802,Anger,1.0,151,ok,696.6933333333334,2.149628084320844,75,ok,3751,1.459797,1.459941,0.010891,0.010891,0.008077,1.352066,1.560077,0.208012,1.459837,0.307733,0.0,0.0,False,1.1070058186397521e-05,1.0158522822597352e-05,1.4878785000471231e-05,1.5359924335588878e-05,5.146729034505498e-05,0.6827521292581007,0.1973782291065409,0.00011857946441865957,1.325339302666489,1.3159056859618703,0.4251002532627652,0.05011996800853106,ok,False,False,-0.3171,0.2137,2.2506,2.2795,0.2161,-0.8985,0.8275,1.0003,-0.2929,2.0163,0.5603,2.323,2.2415,2.9918,1.6492,-0.4824,-0.7473,2.5042,1.2385,-1.3853,0.0928,2.3257
2026-07-06_17-49_proband_07,proband_07,1783353422782,1783353452782,neutral,negative,neutral,hrv_ambiguous,proxy,40.63531187807683,71.60853998143482,109.26501930830582,22.857142857142858,36,0.0,ok,-0.3459571995993014,0.33730992575846724,0.34163356267888434,-0.4586800254266296,0.3436228741870814,0.6771854304635762,Anger,1.0,151,ok,695.5972222222222,1.8205379349129105,72,ok,3608,1.459469,1.459879,0.010821,0.010821,0.007764,1.352066,1.560028,0.207963,1.459509,0.328528,0.0,0.0,False,9.012779915484755e-06,9.903556314773846e-06,1.4471284489226128e-05,1.4911614527962058e-05,4.829923524744679e-05,0.6843591277462562,0.20504581612918094,0.00011706361146064041,1.3636325914052367,1.289538147453736,0.44030251570423257,0.05543237250554324,ok,False,False,-0.9167,0.0799,2.1646,2.1927,-0.3671,-0.8985,0.8231,0.9983,-0.8932,3.0287,-0.2733,2.0675,2.0451,2.7841,1.2549,-0.4659,-0.2922,2.4004,1.8752,-1.8074,1.1693,3.5043
2026-07-06_17-49_proband_07,proband_07,1783353427782,1783353457782,neutral,negative,neutral,hrv_ambiguous,proxy,44.50810520086682,69.9980556095664,97.47717681590905,22.857142857142858,36,0.0,ok,0.0792297136276737,-0.2636947767694739,-0.17146224519857378,-0.45790185676392575,0.34709668830911755,0.6691125827814569,Anger,1.0,151,ok,694.6760563380282,1.3604059046299792,71,ok,3554,1.459181,1.459513,0.010446,0.010414,0.007904,1.352066,1.560028,0.207962,1.459219,0.318041,0.0,0.0,False,8.398824272781113e-06,9.840240717342764e-06,1.4482480168293435e-05,1.4927094392018278e-05,4.764863955043559e-05,0.6794582090592357,0.20651671492971496,0.00010909271168993954,1.3513505778608055,1.2980701401116295,0.4338227858938496,0.04755205402363534,ok,False,False,-1.4431,-0.7101,1.7043,1.6881,-0.1062,-0.8985,0.8231,0.9982,-1.424,2.5181,-0.5221,2.0041,2.0505,2.7913,1.1739,-0.5162,-0.2049,1.8545,1.671,-1.6708,0.7104,1.7559
2026-07-06_17-49_proband_07,proband_07,1783353432782,1783353462782,negative calm,negative,calm,clear,proxy,47.45013331398713,68.88633754305395,91.96441999738022,30.303030303030305,34,0.0,ok,0.4022296126110353,-0.6785685858733151,-0.5403990992421752,-0.4177678401522359,0.3063756861597014,0.6418859060402685,Anger,1.0,149,ok,694.1756756756756,1.0644711608479276,74,ok,3679,1.459385,1.45959,0.010649,0.010628,0.008178,1.359541,1.571997,0.212455,1.459424,0.322186,0.0,0.0,False,9.082888413780951e-06,9.288391997121837e-06,1.4020276669510172e-05,1.3460314684169854e-05,4.5851871764582816e-05,0.662497007268355,0.20257388492747527,0.00011338036117793397,1.3720744762340782,1.2880149125881704,0.42809126997438957,0.0502854036422941,ok,False,False,-1.0702,-0.5439,1.9535,1.9534,0.4043,-0.4208,1.8982,1.1808,-1.0488,2.7199,-0.2449,1.4511,1.8278,2.1119,0.9503,-0.6906,-0.4389,2.1481,2.0156,-1.8318,0.3046,2.3624
2026-07-06_17-49_proband_07,proband_07,1783353437782,1783353467782,neutral,negative,neutral,hrv_ambiguous,proxy,41.836165047508274,69.06077348066299,89.768919028411,17.647058823529413,35,0.0,ok,-0.21411772101293697,-0.6134721337597983,-0.19967720637343064,-0.39633240578173823,0.26709049149192254,0.6077919463087249,Anger,1.0,149,ok,693.9444444444445,1.0054623894449854,72,ok,3610,1.459415,1.459631,0.010484,0.010482,0.008019,1.359541,1.571997,0.212455,1.459452,0.325575,0.0,0.0,False,7.927825654890351e-06,9.579304389008142e-06,1.419835242335974e-05,1.3585691471370423e-05,4.529117393862866e-05,0.6746771335645062,0.21150487709776747,0.00010989346516575181,1.37130833330721,1.2835955611850052,0.42238567604401084,0.04958448753462604,ok,False,False,-1.0154,-0.4554,1.751,1.7724,0.1081,-0.4208,1.8982,1.1808,-0.9976,2.8849,-0.7129,1.7426,1.9136,2.17,0.8805,-0.5654,0.0912,1.9093,2.0029,-1.9025,-0.0994,2.2069
2026-07-06_17-49_proband_07,proband_07,1783353442782,1783353472782,neutral,negative,neutral,hrv_ambiguous,proxy,42.87255014056845,72.69155206286837,89.63675444675442,19.444444444444446,37,0.0,ok,-0.10033489246910601,0.741471161474775,0.4209030269719405,-0.361098134485034,0.21741300461879914,0.5594295302013422,Anger,1.0,149,ok,693.5555555555555,0.7294390839212002,72,ok,3605,1.459229,1.459481,0.01015,0.010148,0.008102,1.359541,1.571997,0.212455,1.459264,0.322142,0.0,0.0,False,7.707518593459617e-06,8.65556778205817e-06,1.3863894944589606e-05,1.2539601808310067e-05,4.2766583128417464e-05,0.6243243469694398,0.20239090772523805,0.00010299036928342696,1.3611947232440271,1.2989017868399408,0.43023162761730765,0.047156726768377254,ok,False,False,-1.3554,-0.7792,1.341,1.3583,0.2627,-0.4208,1.8982,1.1808,-1.3417,2.7178,-0.8022,0.817,1.7524,1.6855,0.5663,-1.083,-0.4498,1.4365,1.8347,-1.6575,0.4561,1.6682
2026-07-06_17-49_proband_07,proband_07,1783353447782,1783353477782,negative activated,negative,activated,clear,proxy,44.88483762529,74.37612135051378,72.35756106281325,24.324324324324326,38,0.0,ok,0.12059047917908916,1.370123063532328,0.6247662921766195,-0.3211712782566485,0.12704623397751275,0.5115503355704698,Neutral,1.0,149,ok,693.3055555555555,0.8160172755850259,72,ok,3566,1.459416,1.459654,0.010044,0.010017,0.008338,1.367954,1.571997,0.204043,1.459451,0.303226,0.0,0.0,False,8.197379431418217e-06,8.181775326696485e-06,1.2710785069768602e-05,1.1566663519976333e-05,4.065660334785964e-05,0.6436875958565663,0.2012409904352283,0.00010085141848739349,1.3658626805066918,1.2993921488572813,0.41760989164555895,0.04627033090297252,ok,False,False,-1.0136,-0.4058,1.2109,1.1959,0.7024,0.1168,1.8982,0.839,-0.9994,1.7969,-0.6037,0.3422,1.1968,1.2348,0.3037,-0.884,-0.518,1.29,1.9123,-1.6496,-0.4376,1.4716
2026-07-06_17-49_proband_07,proband_07,1783353452782,1783353482782,negative activated,negative,activated,clear,proxy,43.145573823285055,76.60775485518447,58.653429150109,21.62162162162162,38,0.0,ok,-0.07036012045919536,2.2029297979869855,1.1366449592230905,-0.27139912696906443,0.03995734119742471,0.45971140939597305,Neutral,1.0,149,ok,692.9428571428572,1.1278518029603861,70,ok,3498,1.459782,1.459995,0.009955,0.009928,0.0084,1.38402,1.571997,0.187977,1.459816,0.287961,0.0,0.0,False,7.165480481728896e-06,8.27020790254356e-06,1.135585525951493e-05,1.061533412313399e-05,3.740687776692138e-05,0.7282769096001948,0.22108789011974028,9.907903611826787e-05,1.3410008941539246,1.3134164575619938,0.41964033560934766,0.0440251572327044,ok,False,False,-0.3446,0.3302,1.1016,1.0855,0.818,1.1435,1.8982,0.1861,-0.3313,1.0537,-1.0219,0.4308,0.5438,0.7942,-0.1007,-0.0144,0.6599,1.1687,1.4989,-1.4251,-0.2938,0.9734
2026-07-06_17-49_proband_07,proband_07,1783353457782,1783353487782,negative activated,negative,activated,clear,proxy,41.26119831617214,75.70223786440003,75.719122358582,21.62162162162162,38,0.0,ok,-0.2772422694535691,1.8650066369885236,1.0711244532210464,-0.308509585992196,0.06430906196734706,0.47643624161073816,Neutral,1.0,149,ok,692.5142857142857,1.501138284458938,70,ok,3509,1.460568,1.460675,0.009651,0.009638,0.008337,1.38402,1.571997,0.187977,1.4606,0.277366,0.0,0.0,False,6.581762369551989e-06,8.302227718317955e-06,1.260486455109083e-05,1.1514661660922523e-05,3.90035162998833e-05,0.6586526198686409,0.21285843670162524,9.311155821616797e-05,1.3187255329691947,1.3349753361226608,0.4302182651870851,0.04103733257338273,ok,False,False,1.0922,1.7979,0.7285,0.7259,0.7006,1.1435,1.8982,0.1861,1.1037,0.5379,-1.2584,0.4629,1.1457,1.2108,0.098,-0.7301,0.1715,0.7599,1.1285,-1.08,0.4552,0.3105
2026-07-06_17-49_proband_07,proband_07,1783353462782,1783353492782,negative activated,negative,activated,clear,proxy,40.24853344464174,74.96960691611508,84.8763983861415,19.444444444444446,37,0.0,ok,-0.3884208981517864,1.5916015342578917,0.9900112162048391,-0.3570988861198695,0.08692350163157966,0.48419333333333325,Anger,1.0,150,ok,691.875,1.5468049760079055,72,ok,3590,1.460594,1.460927,0.009345,0.009342,0.00865,1.384827,1.548657,0.163829,1.460624,0.263583,0.0,0.0,False,8.272316661853387e-06,7.31470976994672e-06,1.0869549148496487e-05,9.839298322469812e-06,3.6295873902766406e-05,0.6729542317773395,0.2015300578796409,8.73084520839428e-05,1.2725639972623293,1.363278982469442,0.412095783381332,0.034818941504178275,ok,False,False,1.1397,2.3418,0.3529,0.3589,1.2838,1.1951,-0.1983,-0.7952,1.1476,-0.1332,-0.5734,-0.5266,0.3095,0.4348,-0.239,-0.5831,-0.5008,0.3625,0.361,-0.6268,-0.8281,-1.0692
2026-07-06_17-49_proband_07,proband_07,1783353467782,1783353497782,neutral,negative,neutral,hrv_ambiguous,proxy,40.28044545079269,72.12501669560571,95.09357129473737,20.0,36,0.0,ok,-0.3849173372180391,0.5300500351224395,0.4574836861702393,-0.377409541062802,0.09392862318840581,0.49679999999999996,Anger,1.0,150,ok,691.3380281690141,1.1945550513156529,71,ok,3543,1.460797,1.46106,0.009478,0.009471,0.009354,1.376694,1.548657,0.171963,1.460828,0.244777,0.0,0.0,False,1.1671802521399644e-05,7.360008863270183e-06,1.1543389113689323e-05,9.8294368201421e-06,4.040463731850125e-05,0.6375950904181898,0.18215752372915167,8.98049815220323e-05,1.215363699223414,1.4219006878592115,0.4118644347775231,0.02935365509455264,ok,False,False,1.5107,2.6289,0.5161,0.5189,2.5955,0.6754,-0.1983,-0.4647,1.521,-1.0488,0.8041,-0.4812,0.6342,0.4302,0.2724,-0.9466,-1.6506,0.5335,-0.5901,0.3117,-0.8445,-2.2818
2026-07-06_17-49_proband_07,proband_07,1783353472782,1783353502782,neutral,negative,neutral,hrv_ambiguous,proxy,38.53875055210855,69.95336442371753,79.63503937211507,14.705882352941178,35,0.0,ok,-0.5761348425253406,-0.28037274851878274,0.14788104700327895,-0.35317247912522154,0.08674678250984533,0.49262,Anger,1.0,150,ok,691.125,0.9777453224091424,72,ok,3589,1.460873,1.461357,0.009612,0.009611,0.009487,1.376694,1.548657,0.171963,1.460905,0.249443,0.0,0.0,False,1.2350228560404591e-05,7.016243139535075e-06,1.1873614586243711e-05,1.0365743165225796e-05,4.1605829451409174e-05,0.5909104171827669,0.16863605565400838,9.237386255566955e-05,1.2279601436311025,1.409623362129939,0.4337618827064352,0.031485093340763444,ok,False,False,1.6497,3.2699,0.6806,0.6925,2.8433,0.6754,-0.1983,-0.4647,1.662,-0.8216,1.079,-0.8257,0.7933,0.6786,0.4219,-1.4265,-2.4531,0.7094,-0.3806,0.1152,0.7061,-1.8089
2026-07-06_17-49_proband_07,proband_07,1783353477782,1783353507782,neutral,negative,neutral,hrv_ambiguous,proxy,35.959994606801764,69.37123814057878,76.00134275012348,15.151515151515152,34,0.0,ok,-0.8592517529730195,-0.49761213298148793,0.18081980999576577,-0.28755597539785416,0.08118297156411174,0.4834266666666667,Anger,1.0,150,ok,690.7391304347826,0.94949172026628,69,ok,3477,1.46055,1.461044,0.009771,0.009747,0.00958,1.375445,1.550872,0.175427,1.460582,0.250863,0.0,0.0,False,1.2539295196258367e-05,7.588858027793754e-06,1.1367130624295829e-05,9.87049327539334e-06,4.136577712374129e-05,0.667614159721131,0.18345739816842074,9.543681784653516e-05,1.1918548551821275,1.4423622511203582,0.42105341813443453,0.030486051193557663,ok,False,False,1.0593,2.5944,0.8758,0.8611,3.0166,0.5955,0.0007,-0.3239,1.0708,-0.7525,1.1557,-0.2519,0.5493,0.4492,0.392,-0.638,-1.5735,0.9192,-0.981,0.6393,-0.1938,-2.0305
2026-07-06_17-49_proband_07,proband_07,1783353482782,1783353512782,neutral,neutral,neutral,face_ambiguous+hrv_ambiguous,proxy,42.443041416772694,68.58710562414267,69.50869602811875,20.588235294117645,35,0.0,ok,-0.14748987164140348,-0.7902367234557386,-0.32137342590716755,-0.17881600967027064,0.06219190114834465,0.4963666666666667,Anger,1.0,150,ok,690.4383561643835,0.9716295214435589,73,ok,3647,1.460785,1.461154,0.009751,0.00975,0.009334,1.375445,1.55075,0.175305,1.460818,0.246846,0.0,0.0,False,1.3400482384903703e-05,7.52153166356633e-06,1.1380898319810021e-05,9.415952411126902e-06,4.1718864779406954e-05,0.6608908006482466,0.18029089533107748,9.506252421720852e-05,1.2041461919111986,1.4360942715022436,0.4219978470272876,0.03345215245407184,ok,False,False,1.4888,2.8318,0.8512,0.8648,2.5582,0.5955,-0.0103,-0.3289,1.5027,-0.948,1.5046,-0.3194,0.5559,0.2387,0.436,-0.7071,-1.7614,0.8936,-0.7766,0.539,-0.1269,-1.3724
2026-07-06_17-49_proband_07,proband_07,1783353487782,1783353517782,neutral,neutral,neutral,face_ambiguous+hrv_ambiguous,proxy,43.064785586088284,69.6887917193318,67.22665655198571,24.242424242424242,34,0.0,ok,-0.07922971362767292,-0.3791066712279375,-0.14993847880013228,-0.10020238652961114,0.04189474191859344,0.4838266666666666,Contempt,1.0,150,ok,690.3972602739726,0.9680984515389673,73,ok,3658,1.460423,1.460681,0.009518,0.009518,0.009014,1.375445,1.55075,0.175305,1.460454,0.249658,0.0,0.0,False,1.3053646672562553e-05,7.768805570397451e-06,1.1547151644840468e-05,9.769277848246795e-06,4.213888173604726e-05,0.6727897178936776,0.1843619257553715,9.05741322246941e-05,1.1977621530263327,1.4488743272320157,0.4412449268073347,0.03417167851284855,ok,False,False,0.8271,1.8109,0.5652,0.5772,1.962,0.5955,-0.0103,-0.3289,0.8365,-0.8111,1.3641,-0.0716,0.636,0.4024,0.4882,-0.5848,-1.5198,0.5862,-0.8828,0.7436,1.236,-1.2128
2026-07-06_17-49_proband_07,proband_07,1783353492782,1783353522782,neutral,neutral,neutral,face_ambiguous+hrv_ambiguous,proxy,44.68583141681225,70.53607416364369,65.46848622868586,29.411764705882355,35,0.0,ok,0.09874195062536294,-0.0629156281506067,-0.08082878938798482,-0.023931506067094918,0.012027794432548177,0.4670000000000001,Contempt,1.0,150,ok,690.3194444444445,0.9616064740602658,72,ok,3610,1.460324,1.460486,0.009671,0.00967,0.00872,1.3661,1.55075,0.184649,1.460356,0.277085,0.0,0.0,False,9.703295153709967e-06,8.515008187882192e-06,1.2151284561063152e-05,9.894034137969326e-06,4.0263622040624634e-05,0.7007495746102101,0.21148142032054185,9.34996778340758e-05,1.2190957042235597,1.422644149200086,0.43627520354428584,0.0371191135734072,ok,False,False,0.6462,1.39,0.753,0.7656,1.4142,-0.0017,-0.0103,0.0508,0.6571,0.5242,0.0065,0.6761,0.9271,0.4601,0.2548,-0.2974,0.0898,0.7865,-0.528,0.3236,0.8841,-0.5588
2026-07-06_17-49_proband_07,proband_07,1783353497782,1783353527782,neutral,neutral,neutral,face_ambiguous+hrv_ambiguous,proxy,47.202317988944266,71.12616426756986,57.55676773938093,38.23529411764706,35,0.0,ok,0.3750224201989685,0.15729571544870205,-0.10886335237513321,0.08784941828745005,-0.016358980786528452,0.45211333333333337,Contempt,1.0,150,ok,690.2054794520548,0.927345436501251,73,ok,3623,1.460149,1.460459,0.009527,0.009524,0.008906,1.3661,1.55075,0.184649,1.46018,0.267532,0.0,0.0,False,1.1634961247056827e-05,8.563947384140554e-06,9.948036834158858e-06,8.593409347719145e-06,3.874035481307538e-05,0.8608679949662321,0.22106011172076298,9.073644089173198e-05,1.2162270076841049,1.4349541406323918,0.43458086117344796,0.03450179409329285,ok,False,False,0.3263,1.3317,0.5763,0.5846,1.7608,-0.0017,-0.0103,0.0508,0.335,0.0591,0.7892,0.7252,-0.1346,-0.1423,0.0653,1.3487,0.6583,0.5973,-0.5757,0.5207,0.7641,-1.1396
2026-07-06_17-49_proband_07,proband_07,1783353502782,1783353532782,neutral,neutral,neutral,face_ambiguous+hrv_ambiguous,proxy,49.9555684937066,71.83908045977012,58.83366383287717,41.17647058823529,35,0.0,ok,0.6772967699742785,0.42334361476707894,-0.12697657760359976,0.14205526165389293,-0.028356658215976202,0.4549266666666667,Contempt,1.0,150,ok,689.9027777777778,0.5852583929696958,72,ok,3595,1.459972,1.460113,0.009572,0.009572,0.008452,1.3661,1.55075,0.184649,1.460003,0.264051,0.0,0.0,False,1.2270885449651994e-05,9.169025319714007e-06,1.0653502215009088e-05,8.937133879686093e-06,4.103054686406118e-05,0.8606582393288541,0.22346826442805537,9.160526566171635e-05,1.202118573134167,1.451087376740685,0.4343515277957981,0.037552155771905425,ok,False,False,0.0027,0.5849,0.6315,0.6441,0.9148,-0.0017,-0.0103,0.0508,0.011,-0.1104,1.0469,1.3315,0.2054,0.0169,0.3503,1.3466,0.8012,0.6568,-0.8103,0.779,0.7479,-0.4628
2026-07-06_17-49_proband_07,proband_07,1783353507782,1783353537782,neutral,neutral,neutral,face_ambiguous+hrv_ambiguous,proxy,48.04829746087668,72.95671891945183,66.67769052999972,38.88888888888889,37,0.0,ok,0.467900962982966,0.8404268114301505,0.18626292422359225,0.14760413389267607,-0.02404911728718755,0.4576800000000001,Contempt,1.0,150,ok,689.9054054054054,0.2946518223407713,74,ok,3706,1.460077,1.460196,0.009377,0.009361,0.008809,1.3661,1.541329,0.175229,1.460108,0.251282,0.0,0.0,False,1.2058913894490629e-05,8.246277142817878e-06,1.0096232745611834e-05,8.676142846187413e-06,3.907756662910775e-05,0.8167676532253416,0.211023296564535,8.7908561782676e-05,1.1985828025943788,1.4543409539516572,0.4135788621614785,0.03291958985429034,ok,False,False,0.1947,0.7641,0.3922,0.3825,1.58,-0.0017,-0.8565,-0.332,0.2032,-0.7321,0.961,0.4068,-0.0632,-0.1039,0.1072,0.8953,0.0626,0.4036,-0.8691,0.8311,-0.7231,-1.4906
2026-07-06_17-49_proband_07,proband_07,1783353512782,1783353542782,neutral,neutral,neutral,face_ambiguous+hrv_ambiguous,proxy,46.4635033424853,71.60853998143482,65.77875374651336,40.0,36,0.0,ok,0.2939093080878218,0.33730992575846724,0.02170030883532273,0.2467309175968483,-0.04660051433574085,0.48736000000000007,Contempt,1.0,150,ok,690.0,0.0,72,ok,3593,1.460042,1.460244,0.009409,0.00938,0.008586,1.3661,1.550979,0.184879,1.460073,0.258352,0.0,0.0,False,1.1967142954986338e-05,9.01855122094136e-06,1.189682643695033e-05,9.91988241677788e-06,4.2802403029655915e-05,0.758063548348248,0.21070197867140358,8.850450962276987e-05,1.1735552324452139,1.4693384262445104,0.41135660328662527,0.03089340384080156,ok,False,False,0.1307,0.8677,0.4315,0.4061,1.1645,-0.0017,0.0103,0.0602,0.1391,-0.3879,0.9238,1.1807,0.8045,0.4721,0.5708,0.2918,0.0435,0.4444,-1.2853,1.0712,-0.8804,-1.9401
2026-07-06_17-49_proband_07,proband_07,1783353517782,1783353547782,neutral,positive,neutral,hrv_ambiguous,proxy,45.29218865258309,71.95723684210526,69.81761353457925,35.294117647058826,35,0.0,ok,0.16531280527776507,0.4674375176062139,0.15106235616422442,0.32913253121866737,-0.07230022006067946,0.51198,Contempt,1.0,150,ok,689.8108108108108,0.42766251179068104,74,ok,3670,1.460022,1.46009,0.009662,0.009646,0.008855,1.366101,1.550979,0.184878,1.460054,0.267103,0.0,0.0,False,1.1814381617898071e-05,9.14909087774692e-06,1.3332405001133533e-05,1.1322671890807676e-05,4.56185493875862e-05,0.6862295430373975,0.20055637016113045,9.332015206236146e-05,1.1738787379078996,1.4683632433601175,0.4237665581655525,0.03106267029972752,ok,False,False,0.0941,0.5353,0.742,0.7359,1.6657,-0.0016,0.0103,0.0601,0.1043,0.0382,0.8619,1.3115,1.4963,1.1218,0.9213,-0.4466,-0.5586,0.7742,-1.2799,1.0556,-0.0017,-1.9026
2026-07-06_17-49_proband_07,proband_07,1783353522782,1783353552782,neutral,positive,neutral,hrv_ambiguous,proxy,47.287872199358446,70.45469371778981,79.10870559924048,37.142857142857146,36,0.0,ok,0.38441526087174943,-0.09328539236959127,-0.23885032662067035,0.3628266984868488,-0.08074502386513657,0.5216953642384107,Contempt,1.0,151,ok,689.4722222222222,0.7867247531670123,72,ok,3600,1.460102,1.460079,0.009329,0.00932,0.008897,1.367124,1.550979,0.183855,1.460132,0.240345,0.0,0.0,False,1.1456925817773099e-05,8.70162488963284e-06,1.1967125179511272e-05,9.884733206413678e-06,4.2010409093330886e-05,0.7271273620003068,0.2071302058299644,8.700063483283342e-05,1.1578531169061128,1.4917454588327006,0.3981516707072694,0.028055555555555556,ok,False,False,0.2404,0.5115,0.3333,0.3317,1.744,0.0638,0.0103,0.0186,0.2471,-1.2645,0.7171,0.8631,0.8384,0.4558,0.4722,-0.0262,-0.1685,0.3414,-1.5464,1.4299,-1.8155,-2.5698
2026-07-06_17-49_proband_07,proband_07,1783353527782,1783353557782,neutral,positive,neutral,hrv_ambiguous,proxy,50.25269478678067,71.46536183363378,77.7815818460545,36.11111111111111,37,0.0,ok,0.7099177236015497,0.28387833608844004,-0.21301969375655483,0.39544784312707637,-0.09304304661544852,0.5103046357615894,Contempt,1.0,151,ok,689.1388888888889,0.9085750421394745,72,ok,3616,1.460061,1.460057,0.009438,0.009431,0.008578,1.367124,1.550979,0.183855,1.460091,0.255325,0.0,0.0,False,9.620266883072383e-06,9.027975757896601e-06,1.2631675835850645e-05,1.0024534683505639e-05,4.130445316032527e-05,0.7147092088576724,0.21857148197272064,8.905508618074118e-05,1.1819301706018044,1.4547838440454313,0.40524050783267046,0.03125,ok,False,False,0.1654,0.464,0.467,0.4693,1.1496,0.0638,0.0103,0.0186,0.1721,-0.5352,-0.0272,1.1901,1.1586,0.5206,0.3844,-0.1539,0.5106,0.4821,-1.146,0.8382,-1.3135,-1.861
2026-07-06_17-49_proband_07,proband_07,1783353532782,1783353562782,neutral,positive,neutral,hrv_ambiguous,proxy,50.578128265323635,71.33879131704997,81.6318647621002,41.17647058823529,35,0.0,ok,0.7456464714766664,0.23664442497633834,-0.25450102325016405,0.4230103673331689,-0.10918510685230115,0.5103907284768213,Contempt,1.0,151,ok,688.7638888888889,0.956711732756066,72,ok,3612,1.460235,1.460311,0.009038,0.009037,0.008501,1.367124,1.550979,0.183855,1.460263,0.237607,0.0,0.0,False,1.0141978071107784e-05,8.41496618304696e-06,1.0884701760103884e-05,8.475141548832513e-06,3.791678756309114e-05,0.7731002277701745,0.2219324605786428,8.166096846656763e-05,1.1603308326783461,1.4889184869689918,0.3869051872962432,0.02823920265780731,ok,False,False,0.4835,1.0123,-0.0239,-0.0192,1.0061,0.0638,0.0103,0.0186,0.4869,-1.3978,0.1842,0.5759,0.3168,-0.197,-0.0372,0.4464,0.7101,-0.0243,-1.5052,1.3847,-2.6119,-2.529
2026-07-06_17-49_proband_07,proband_07,1783353537782,1783353567782,neutral,positive,neutral,hrv_ambiguous,proxy,51.45214795722104,70.819141402219,73.49393160794487,41.17647058823529,35,0.0,ok,0.8416034988528984,0.0427201324237049,-0.3994416832145968,0.4529247174434228,-0.12761207418921405,0.5027417218543048,Happiness,1.0,151,ok,688.3287671232877,0.9436158958517548,73,ok,3642,1.460486,1.460593,0.009145,0.009141,0.008087,1.367124,1.550979,0.183855,1.460514,0.267509,0.0,0.0,False,9.567857189649199e-06,8.866499085322272e-06,1.0919773332601467e-05,9.080708863447214e-06,3.843483847102016e-05,0.8119672454082635,0.2306891145469101,8.36088762745294e-05,1.235795694025153,1.4155970368457662,0.41488753598893696,0.03651839648544756,ok,False,False,0.9423,1.6209,0.1074,0.1097,0.2348,0.0638,0.0103,0.0186,0.9463,0.058,-0.0484,1.0283,0.3337,0.0834,0.0272,0.846,1.2298,0.1091,-0.2504,0.2108,-0.6304,-0.6921
2026-07-06_17-49_proband_07,proband_07,1783353542782,1783353572782,neutral,positive,neutral,hrv_ambiguous,proxy,49.83082490899695,72.81553398058253,69.2948611209935,36.11111111111111,37,0.0,ok,0.6636013993962914,0.787739052598857,0.06206882660128282,0.3596666618255755,-0.12565937114225545,0.45599337748344376,Happiness,1.0,151,ok,687.9859154929577,0.5974459388927138,71,ok,3569,1.460185,1.460404,0.009239,0.009238,0.008408,1.377014,1.535965,0.158951,1.460214,0.268217,0.0,0.0,False,8.897763822606327e-06,7.870017327525888e-06,9.44177875804757e-06,7.99259829024307e-06,3.420215819842285e-05,0.8335311275205279,0.23010293829311204,8.533674567387319e-05,1.2489400134506365,1.4000172229224443,0.4114295663877291,0.03670495937237321,ok,False,False,0.3921,1.213,0.2228,0.23,0.8329,0.6958,-1.3383,-0.9935,0.3972,0.0924,-0.3199,0.0298,-0.3786,-0.4205,-0.4995,1.0677,1.195,0.2275,-0.0318,-0.0386,-0.8753,-0.6507
2026-07-06_17-49_proband_07,proband_07,1783353547782,1783353577782,neutral,neutral,neutral,face_ambiguous+hrv_ambiguous,proxy,46.1197199842819,72.10816224336504,65.66815927721092,34.285714285714285,36,0.0,ok,0.25616596040305434,0.5237602472597854,0.13379714342836554,0.2618970639504039,-0.11093806557227956,0.436907284768212,Neutral,1.0,151,ok,687.625,0.4875203137696194,72,ok,3590,1.460328,1.460677,0.00934,0.00934,0.008251,1.367461,1.543685,0.176224,1.460358,0.265534,0.0,0.0,False,9.544007143832728e-06,8.511902263734067e-06,1.1462173207665117e-05,1.0032784418870689e-05,3.95508670341026e-05,0.742607999976295,0.21521404426306667,8.721365945064346e-05,1.2604497252142342,1.3876442769473822,0.4329612392452223,0.03927576601671309,ok,False,False,0.6535,1.8022,0.3468,0.3565,0.5403,0.0853,-0.6449,-0.2915,0.6608,-0.0382,-0.0581,0.673,0.5951,0.5244,0.1661,0.133,0.3113,0.356,0.1596,-0.2367,0.6494,-0.0803
2026-07-06_17-49_proband_07,proband_07,1783353552782,1783353582782,neutral,neutral,neutral,face_ambiguous+hrv_ambiguous,proxy,43.57555015634996,72.26497156239544,62.321567517014344,28.57142857142857,36,0.0,ok,-0.023153803318363225,0.5822787524894504,0.3027162779039068,0.20451015741248335,-0.10181184117785262,0.42848993288590603,Neutral,1.0,149,ok,687.2916666666666,0.8464923483261073,72,ok,3591,1.460432,1.460673,0.00936,0.00936,0.007819,1.367461,1.543685,0.176224,1.460462,0.271866,0.0,0.0,False,9.362656718231065e-06,8.411385927014634e-06,1.2232126146818034e-05,1.0594648642608632e-05,4.0600817434672364e-05,0.6876470319557383,0.20717281698517342,8.758973917487664e-05,1.2644096831979437,1.3795840825193315,0.42610505110630287,0.04121414647730437,ok,False,False,0.8436,1.7936,0.3713,0.3813,-0.2646,0.0853,-0.6449,-0.2915,0.8511,0.2701,-0.1315,0.5723,0.9661,0.7846,0.2968,-0.4321,-0.1659,0.3818,0.2254,-0.3658,0.1639,0.3497
2026-07-06_17-49_proband_07,proband_07,1783353557782,1783353587782,neutral,neutral,neutral,face_ambiguous+hrv_ambiguous,proxy,36.61163428072943,70.52186177715092,73.91004070927752,20.588235294117645,35,0.0,ok,-0.7877094220505071,-0.06821944311802,0.35974498946624356,0.13783554812130225,-0.08320921227890841,0.4333288590604026,Neutral,1.0,149,ok,686.875,1.0200455665049866,72,ok,3585,1.46042,1.460591,0.009323,0.009322,0.007712,1.367461,1.561003,0.193542,1.46045,0.283203,0.0,0.0,False,9.051940965528056e-06,8.373638466667028e-06,1.1985747843605503e-05,1.0655922302386574e-05,4.0067249578187165e-05,0.698632899448284,0.20898959488939037,8.689786177044174e-05,1.2867219504014162,1.3556751536162623,0.43238293292779656,0.042677824267782424,ok,False,False,0.8216,1.6166,0.3259,0.3341,-0.4639,0.0853,0.9107,0.4122,0.8292,0.822,-0.2574,0.5345,0.8474,0.813,0.2304,-0.3191,-0.0581,0.3344,0.5964,-0.7486,0.6085,0.6745
2026-07-06_17-49_proband_07,proband_07,1783353562782,1783353592782,neutral,neutral,neutral,face_ambiguous+hrv_ambiguous,proxy,33.28572357542185,68.80501871901245,81.63239304089332,15.151515151515152,34,0.0,ok,-1.152855090459047,-0.7089153539057708,0.22196986827663817,0.04099962408370403,-0.040075073616941286,0.42848322147651013,Neutral,1.0,149,ok,686.5833333333334,0.9604869656937598,72,ok,3597,1.460343,1.460425,0.009274,0.009263,0.007252,1.367461,1.561003,0.193542,1.460373,0.29505,0.0,0.0,False,7.481087839372905e-06,8.358430933616257e-06,1.211888489830937e-05,1.1167929428572623e-05,3.9126333099871156e-05,0.6897029152475385,0.21362673314298006,8.598209970457449e-05,1.303155724920195,1.3410312026280653,0.43935807131643484,0.046983597442313035,ok,False,False,0.6809,1.2583,0.2657,0.261,-1.321,0.0853,0.9107,0.4122,0.6882,1.3988,-0.894,0.5192,0.9115,1.0502,0.1133,-0.4109,0.2171,0.2717,0.8697,-0.983,1.1024,1.6298
2026-07-06_17-49_proband_07,proband_07,1783353567782,1783353597782,neutral,neutral,neutral,face_ambiguous+hrv_ambiguous,proxy,29.268156757814456,66.7948588199575,80.39988834230148,12.5,33,0.0,ok,-1.5939364215513538,-1.4590719982471994,0.06743221165207725,-0.04214983102347068,-0.005168123895451588,0.4329261744966443,Neutral,1.0,149,ok,686.375,0.9106181154098989,72,ok,3600,1.460417,1.460391,0.008933,0.008933,0.007312,1.367461,1.561003,0.193542,1.460444,0.281189,0.0,0.0,False,7.395954440963807e-06,7.758292704021393e-06,1.1735340338644718e-05,1.0652211309642765e-05,3.754179879327268e-05,0.6611049887806142,0.20665745240620145,7.978076368553516e-05,1.274470516100734,1.3666265429513624,0.4206989338570489,0.04055555555555555,ok,False,False,0.8162,1.1849,-0.1528,-0.1482,-1.2092,0.0853,0.9107,0.4122,0.8182,0.724,-0.9285,-0.0821,0.7267,0.8113,-0.0839,-0.7049,-0.1965,-0.1531,0.3927,-0.5732,-0.2189,0.2036
2026-07-06_17-49_proband_07,proband_07,1783353572782,1783353602782,neutral,neutral,neutral,face_ambiguous+hrv_ambiguous,proxy,26.985659273985004,64.53781512605042,48.09093369051807,9.67741935483871,32,0.0,ok,-1.8445276560194597,-2.3013613725150464,-0.22841685824779334,-0.0503246514866212,0.00444106524043863,0.4241409395973154,Neutral,1.0,149,ok,686.2054794520548,0.7062991204076249,73,ok,3626,1.460346,1.460156,0.008852,0.00885,0.007394,1.367461,1.561003,0.193542,1.460373,0.280552,0.0,0.0,False,6.892445159080808e-06,7.6268554923594525e-06,1.1313884070674196e-05,1.0057689740742823e-05,3.589087446285728e-05,0.674114633896044,0.21250123865750575,7.833909349174968e-05,1.2712735350874662,1.3697504941426313,0.41280141178616936,0.038885824600110315,ok,False,False,0.6864,0.6777,-0.2522,-0.2511,-1.0565,0.0853,0.9107,0.4122,0.6882,0.693,-1.1325,-0.2138,0.5236,0.5359,-0.2894,-0.5712,0.1503,-0.2518,0.3395,-0.5232,-0.7781,-0.1669
2026-07-06_17-49_proband_07,proband_07,1783353577782,1783353607782,neutral,neutral,neutral,face_ambiguous+hrv_ambiguous,proxy,32.80958320369218,64.89888229702711,56.376591558532304,15.625,33,0.0,ok,-1.2051296731813281,-2.1666173964318154,-0.48074386162524363,-0.033598303964402595,-0.002056265819723669,0.41628859060402684,Neutral,1.0,149,ok,686.0833333333334,0.6445874321971217,72,ok,3586,1.460362,1.460093,0.00868,0.00868,0.007253,1.359337,1.561003,0.201666,1.460388,0.26304,0.0,0.0,False,7.607549649456131e-06,7.090063442246493e-06,9.89207745128377e-06,8.50490442905594e-06,3.3094594972042335e-05,0.7167415298173623,0.21423628946055237,7.532250244609682e-05,1.2593888125234953,1.3808235953736134,0.39481735957432396,0.04071388733965421,ok,False,False,0.7156,0.5418,-0.4634,-0.4619,-1.3192,-0.4339,0.9107,0.7424,0.7157,-0.1596,-0.8427,-0.7517,-0.1616,-0.1833,-0.6374,-0.133,0.2533,-0.4584,0.1419,-0.3459,-2.0516,0.2387
