session_id,participant_id,win_start_ms,win_end_ms,label,valence_direction,arousal_level,reason,label_type,rmssd,mean_hr,sdnn,pnn50,n_beats,artefact_fraction,hrv_quality,rmssd_z,hr_z,arousal_hrv,fer_valence,fer_arousal,fer_confidence,fer_dominant_emotion,face_coverage,fer_n,fer_quality,co2,co2_std,co2_n_samples,co2_quality,plant_n_samples,plant_mean,plant_median,plant_std,plant_detrend_std,plant_iqr,plant_min,plant_max,plant_range,plant_rms,plant_zcr,plant_sat_pos_frac,plant_sat_neg_frac,plant_const_flag,bp_0_1,bp_1_5,bp_5_15,bp_15_30,band_power_sum,ratio_bp1_5_bp5_15,ratio_bp1_5_total,hjorth_activity,hjorth_mobility,hjorth_complexity,spectral_entropy,spike_rate,plant_quality,plant_dead_flag,plant_suspect_flag,plant_mean_snorm,plant_median_snorm,plant_std_snorm,plant_detrend_std_snorm,plant_iqr_snorm,plant_min_snorm,plant_max_snorm,plant_range_snorm,plant_rms_snorm,plant_zcr_snorm,bp_0_1_snorm,bp_1_5_snorm,bp_5_15_snorm,bp_15_30_snorm,band_power_sum_snorm,ratio_bp1_5_bp5_15_snorm,ratio_bp1_5_total_snorm,hjorth_activity_snorm,hjorth_mobility_snorm,hjorth_complexity_snorm,spectral_entropy_snorm,spike_rate_snorm
2026-07-06_16-25_proband_02,proband_02,1783347961334,1783347991334,negative activated,negative,activated,clear,proxy,51.360874154743456,67.47593689015314,73.84413536622756,42.42424242424242,34,0.0,ok,-1.9767552349884063,0.8495913281183091,1.4131732815533578,-0.231,0.16,0.766,Disgust,1.0,1,ok,613.7058823529412,5.553159174899769,68,ok,3396,1.459836,1.458293,0.01668,0.016623,0.019299,1.357813,1.538133,0.18032,1.459932,0.109573,0.0,0.0,False,9.604782773948245e-05,9.02682529026516e-06,8.98568149247462e-06,7.001470396147831e-06,0.00012106180491837005,1.004578705938586,0.07456377526989642,0.0002781255775239137,0.6052098926930668,2.8571765784680783,0.44177522477439357,0.02326266195524146,ok,False,False,0.977,-0.641,1.9507,1.9314,0.9975,0.4635,-1.6519,-2.9091,1.0091,-4.0542,1.1359,-0.7741,-2.2432,-2.1727,0.9459,0.5748,-1.312,2.1377,-3.7071,4.4218,-0.0798,0.6583
2026-07-06_16-25_proband_02,proband_02,1783347966334,1783347996334,positive activated,positive,activated,clear,proxy,69.42059312624748,68.38905775075987,69.11478978240957,46.875,33,0.0303,ok,-0.4808256828036649,1.3056080980059093,0.893216890404787,0.06952240743270939,0.00827763355649679,0.6099166666666667,Happiness,1.0,24,ok,617.6619718309859,6.752658020516982,71,ok,3563,1.45908,1.458503,0.018176,0.017974,0.021881,1.357813,1.538133,0.18032,1.459193,0.104997,0.0,0.0,False,0.0001254389836660305,1.2180950170150946e-05,1.1135132348482152e-05,8.415733521283388e-06,0.00015717079970594699,1.0939204577923938,0.07750135594804568,0.0003302922689425296,0.5920139959693864,2.936124360244449,0.47369511175763906,0.014313780522031996,ok,False,False,-0.3883,-0.3755,3.2863,3.1335,2.4635,0.4635,-1.6519,-2.9091,-0.3061,-4.4916,2.4792,1.0533,-0.9357,-1.355,2.8817,1.2038,-1.1693,3.7759,-3.925,4.8821,1.9667,-0.4534
2026-07-06_16-25_proband_02,proband_02,1783347971334,1783348001334,positive activated,positive,activated,clear,proxy,75.28974335555577,69.35708700234589,86.70058810994091,48.484848484848484,34,0.0,ok,0.005330014751075676,1.789046371633396,0.8918581784411601,0.18784777806896036,-0.05095874358878364,0.5451224489795918,Happiness,1.0,49,ok,623.8732394366198,11.46414232972257,71,ok,3559,1.457857,1.45798,0.016727,0.016713,0.020272,1.357813,1.538133,0.18032,1.457953,0.111017,0.0,0.0,False,0.00010418284866852653,1.536945181011903e-05,1.2324705498735928e-05,7.369015621192665e-06,0.00013924602159857415,1.2470440421194116,0.11037623569634664,0.00027970558059871943,0.6317700602530206,2.7500255239338824,0.46099323841445367,0.013486934532171958,ok,False,False,-2.5968,-1.0367,1.9927,2.0115,1.55,0.4635,-1.6519,-2.9091,-2.5129,-3.9161,1.5077,2.9006,-0.2121,-1.9602,1.9208,2.2818,0.4285,2.1874,-3.2684,3.7969,1.1524,-0.5561
2026-07-06_16-25_proband_02,proband_02,1783347976334,1783348006334,positive activated,positive,activated,clear,proxy,73.27707289299093,70.9891150023663,98.60133634698752,44.11764705882353,35,0.0,ok,-0.1613842751285601,2.604088683163669,1.3827364791461145,0.1337864841534098,-0.07702079171291158,0.5406,Happiness,1.0,75,ok,633.6388888888889,19.123251502917032,72,ok,3601,1.45865,1.457736,0.015847,0.015747,0.017547,1.357813,1.542805,0.184992,1.458736,0.128889,0.0,0.0,False,9.206038659298506e-05,1.8343301186316037e-05,1.334832636339069e-05,8.334407355472696e-06,0.0001320864214981645,1.3742022267617315,0.1388734802516961,0.00025106229728988886,0.6656009049139343,2.600965187654349,0.47164344129541685,0.03221327409053041,ok,False,False,-1.1648,-1.3452,1.207,1.1519,0.0028,0.4635,-1.3915,-2.5669,-1.1194,-2.2079,0.9536,4.6235,0.4106,-1.402,1.537,3.177,1.8136,1.2879,-2.7096,2.9277,1.8352,1.7703
2026-07-06_16-25_proband_02,proband_02,1783347981334,1783348011334,positive activated,positive,activated,clear,proxy,74.6848279733693,71.1864406779661,99.19533399164642,47.05882352941176,35,0.0,ok,-0.044776567649885995,2.7026340357943357,1.3737053017221108,0.06800142494957162,-0.08321316875474216,0.5350198019801979,Sadness,1.0,101,ok,646.5833333333334,27.37879821229003,72,ok,3570,1.458589,1.457932,0.015239,0.015207,0.016142,1.388878,1.542805,0.153926,1.458669,0.145139,0.0,0.0,False,9.039467834442622e-05,1.8195831562879483e-05,1.3212845427447772e-05,7.727734455762136e-06,0.0001295310897905156,1.3771318438304319,0.14047462622164378,0.0002321541707961744,0.6912125839508727,2.520061821146952,0.46524180886259303,0.041736694677871146,ok,False,False,-1.2749,-1.0974,0.6642,0.6714,-0.7949,3.6772,-1.3915,-4.8425,-1.2386,-0.6546,0.8775,4.5381,0.3282,-1.7528,1.4,3.1976,1.8914,0.6941,-2.2866,2.4559,1.4248,2.9534
2026-07-06_16-25_proband_02,proband_02,1783347986334,1783348016334,positive activated,positive,activated,clear,proxy,86.63751395053653,70.79526683073189,107.10065947744768,50.0,35,0.0,ok,0.9452928907642574,2.507280012054562,0.7809935606451524,0.003082690090905109,-0.10228508893525746,0.5439126984126984,Sadness,1.0,126,ok,657.1343283582089,29.836877488339557,67,ok,3385,1.45779,1.457298,0.014605,0.014533,0.016214,1.388878,1.542805,0.153926,1.457863,0.15987,0.0,0.0,False,8.185359160709512e-05,1.5495143984513663e-05,1.2000952287274361e-05,7.592086469829965e-06,0.00011694177434871313,1.2911594282217975,0.132503067772899,0.00021323334942616835,0.7221201007157482,2.4108847539464207,0.47364791598124484,0.030132939438700147,ok,False,False,-2.7178,-1.8989,0.0982,0.0716,-0.754,3.6772,-1.3915,-4.8425,-2.673,0.7534,0.4871,2.9734,-0.409,-1.8312,0.7251,2.5924,1.504,0.1,-1.7762,1.8192,1.9637,1.5118
2026-07-06_16-25_proband_02,proband_02,1783347991334,1783348021334,neutral,positive,neutral,hrv_ambiguous,proxy,86.35602837303043,69.11505624068302,109.57597743419647,45.45454545454545,34,0.0,ok,0.9219767697011564,1.668175092804433,0.3730991615516383,-0.0183240162321692,-0.1163946384653222,0.5385430463576159,Sadness,1.0,151,ok,675.4166666666666,39.47712833998733,72,ok,3553,1.457551,1.45711,0.014483,0.014403,0.016576,1.388878,1.542805,0.153926,1.457623,0.153716,0.0,0.0,False,7.763650891189297e-05,1.721069250235487e-05,1.3077413211866066e-05,7.044387693448163e-06,0.00011496900231956207,1.316062351740636,0.14969854487228088,0.00020971022619219602,0.7243372714787487,2.403700515480402,0.4633525867197112,0.02420489726991275,ok,False,False,-3.1494,-2.1366,-0.0107,-0.044,-0.5484,3.6772,-1.3915,-4.8425,-3.1002,0.1652,0.2944,3.9673,0.2458,-2.1479,0.6193,2.7677,2.3397,-0.0107,-1.7395,1.7773,1.3036,0.7754
2026-07-06_16-25_proband_02,proband_02,1783347996334,1783348026334,positive activated,positive,activated,clear,proxy,70.06950331005385,69.11532385466035,102.36146202337589,38.23529411764706,35,0.0,ok,-0.42707490616083593,1.6683087404591772,1.0476918233100065,0.024465756918760358,-0.13138085703354163,0.5158552631578948,Sadness,1.0,152,ok,699.1940298507462,41.02151645541795,67,ok,3358,1.459307,1.45828,0.012325,0.012322,0.015883,1.395081,1.542805,0.147724,1.459359,0.153113,0.0,0.0,False,5.291948422669758e-05,9.83367447745529e-06,9.407155465824205e-06,8.161877842672114e-06,8.032219201264918e-05,1.045339738228083,0.12242786344126184,0.00015185146628118263,0.7900125980628121,2.1870173451466903,0.4454152401970844,0.011614055985705777,ok,False,False,0.0217,-0.6574,-1.9373,-1.8958,-0.9419,4.3189,-1.3915,-5.2968,-0.0107,0.1076,-0.8353,-0.3066,-1.9868,-1.5018,-1.2381,0.8618,1.0143,-1.8276,-0.6548,0.5137,0.1536,-0.7888
2026-07-06_16-25_proband_02,proband_02,1783348001334,1783348031334,positive activated,positive,activated,clear,proxy,63.98295227494729,67.02368827414003,95.03804004322934,33.33333333333333,34,0.0,ok,-0.9312384304472969,0.6237362831208701,0.7774873567840835,-0.026762297928160813,-0.12687451933587973,0.5115592105263158,Sadness,1.0,152,ok,723.231884057971,40.42281858770607,69,ok,3417,1.4586,1.457543,0.013093,0.013091,0.016893,1.395081,1.542805,0.147724,1.458659,0.152518,0.0,0.0,False,6.177829230137895e-05,8.707128871386515e-06,8.3556252748675e-06,7.157882409721199e-06,8.599892885735415e-05,1.0420677738515285,0.10124694441929652,0.00017136478385775715,0.7832642050775693,2.225857174049344,0.44371281631749965,0.01112086625695054,ok,False,False,-1.2551,-1.5892,-1.2517,-1.2115,-0.3685,4.3189,-1.3915,-5.2968,-1.2564,0.0507,-0.4304,-0.9593,-2.6264,-2.0823,-0.9337,0.8387,-0.0152,-1.2148,-0.7663,0.7402,0.0444,-0.8501
2026-07-06_16-25_proband_02,proband_02,1783348006334,1783348036334,neutral,positive,neutral,hrv_ambiguous,proxy,59.90772474289912,64.54649364620454,59.88318601863077,29.03225806451613,32,0.0,ok,-1.2687992367193583,-0.6133861410272841,0.32770654784603714,0.027929223276083034,-0.1357921174057934,0.5201333333333334,Sadness,1.0,150,ok,744.1818181818181,35.7292851619203,66,ok,3317,1.459177,1.458437,0.013226,0.013205,0.017589,1.387171,1.530529,0.143358,1.459237,0.162244,0.0,0.0,False,6.927418847221727e-05,9.241332169794922e-06,8.415511539793532e-06,7.095751175303367e-06,9.40267833571091e-05,1.098130639826918,0.09828403930838257,0.00017487419827706314,0.7825323179061175,2.2376389812032476,0.44749063240953624,0.009345794392523364,ok,False,False,-0.2131,-0.4589,-1.1329,-1.1101,0.0267,3.5006,-2.0758,-5.6166,-0.2278,0.9804,-0.0878,-0.6498,-2.59,-2.1182,-0.5034,1.2334,-0.1592,-1.1046,-0.7784,0.8089,0.2866,-1.0706
2026-07-06_16-25_proband_02,proband_02,1783348011334,1783348041334,positive activated,positive,activated,clear,proxy,38.062342748231764,64.29576049829214,43.6868899652826,16.129032258064516,32,0.0,ok,-3.0783042769777897,-0.738603431692167,1.1698504226428112,0.16106500881390076,-0.12860139763283804,0.5366216216216217,Sadness,1.0,148,ok,764.5,31.378526738814674,68,ok,3414,1.45916,1.458512,0.012543,0.012539,0.016695,1.387171,1.530528,0.143357,1.459214,0.172868,0.0,0.0,False,6.715505657859517e-05,1.004149549788888e-05,8.578072286397376e-06,7.664377591496625e-06,9.343900195437805e-05,1.17060033910087,0.10746578174417892,0.000157286099692421,0.8545940748901383,2.044885543944693,0.4624651324410084,0.011423550087873463,ok,False,False,-0.2438,-0.3641,-1.7427,-1.7027,-0.4809,3.5006,-2.0758,-5.6167,-0.2687,1.9958,-0.1847,-0.1862,-2.4911,-1.7894,-0.5349,1.7436,0.2871,-1.6569,0.4118,-0.3151,1.2467,-0.8125
2026-07-06_16-25_proband_02,proband_02,1783348016334,1783348046334,positive activated,positive,activated,clear,proxy,42.81464410689408,66.20523623232019,68.85322828636683,18.75,33,0.0,ok,-2.6846598324253614,0.2149975580296523,1.4498286952275068,0.2248682315002048,-0.12234952354519381,0.5112364864864866,Neutral,1.0,148,ok,776.5,25.136808765823428,72,ok,3579,1.459489,1.459119,0.013884,0.013857,0.018176,1.387171,1.530528,0.143357,1.459555,0.160145,0.0,0.0,False,8.08409988952802e-05,9.975697540220868e-06,8.044384491534886e-06,7.265964977136674e-06,0.00010612704590417263,1.240081986463516,0.09399769268269964,0.00019272456299080322,0.7423620908357801,2.370984759643087,0.4605227399163298,0.012852752165409332,ok,False,False,0.3503,0.4033,-0.5455,-0.5299,0.36,3.5006,-2.0758,-5.6167,0.3381,0.7797,0.4409,-0.2243,-2.8158,-2.0198,0.1453,2.2328,-0.3675,-0.5441,-1.4418,1.5865,1.1222,-0.6349
2026-07-06_16-25_proband_02,proband_02,1783348021334,1783348051334,neutral,positive,neutral,hrv_ambiguous,proxy,69.80844325724503,65.93406593406593,76.89603370785778,31.25,33,0.0,ok,-0.44869913234662656,0.07957386021028716,0.26413649627845687,0.25339222586364374,-0.1116763418041154,0.503054054054054,Neutral,1.0,148,ok,789.25,17.471707511868484,72,ok,3602,1.459059,1.459521,0.015917,0.015913,0.018715,1.355439,1.533513,0.178074,1.459146,0.159678,0.0,0.0,False,8.976420360078923e-05,1.0064448095619723e-05,8.17849532561947e-06,7.349406897690251e-06,0.00011535655391971867,1.2305988405341008,0.08724643434977737,0.0002532855836923292,0.6705589372736597,2.6219979061829752,0.4651657529165517,0.020544142143253747,ok,False,False,-0.4262,0.9115,1.2695,1.2996,0.666,0.2179,-1.9094,-3.0737,-0.3897,0.7351,0.8487,-0.1729,-2.7342,-1.9716,0.6401,2.166,-0.6956,1.3577,-2.6278,3.0503,1.4199,0.3206
2026-07-06_16-25_proband_02,proband_02,1783348026334,1783348056334,neutral,positive,neutral,hrv_ambiguous,proxy,69.70097421450875,65.5312468002321,80.66652156634066,29.03225806451613,32,0.0,ok,-0.4576010492163121,-0.12159587337543634,0.16800258792043787,0.19685441830896377,-0.12132653420080886,0.49953378378378377,Neutral,1.0,148,ok,797.5479452054794,16.35970752921336,73,ok,3620,1.459095,1.459347,0.016284,0.016273,0.019649,1.355439,1.533527,0.178088,1.459186,0.150041,0.0,0.0,False,9.810342834475396e-05,9.55740660068861e-06,7.836018868343287e-06,7.068573404905694e-06,0.00012256542721869157,1.2196761571904058,0.07797799705505438,0.00026509598446568066,0.6578217731055959,2.6834744140916342,0.471516207648768,0.017955801104972375,ok,False,False,-0.3612,0.6916,1.5972,1.6199,1.1963,0.2179,-1.9087,-3.0726,-0.3186,-0.1861,1.2298,-0.4667,-2.9425,-2.1339,1.0265,2.0891,-1.1461,1.7286,-2.8381,3.4088,1.827,-0.001
2026-07-06_16-25_proband_02,proband_02,1783348031334,1783348061334,neutral,positive,neutral,hrv_ambiguous,proxy,66.12015577719097,65.67164179104478,76.3866882143979,25.0,33,0.0303,ok,-0.7542087721738935,-0.05148196734085399,0.35136340241651975,0.20043403987809713,-0.13023284544845776,0.49441216216216216,Neutral,1.0,148,ok,808.1666666666666,13.717471125703419,72,ok,3607,1.459008,1.460051,0.016125,0.016117,0.017832,1.355439,1.533527,0.178088,1.459097,0.154742,0.0,0.0,False,8.41389545518572e-05,9.600888343157335e-06,8.098165673593918e-06,7.1957076509779885e-06,0.00010903371621958644,1.1855631935143316,0.0880543063924144,0.00025995120914335467,0.6493100011621296,2.708864724999925,0.46363189278589595,0.02772387025228722,ok,False,False,-0.5183,1.5816,1.4552,1.4811,0.1646,0.2179,-1.9087,-3.0726,-0.4769,0.2633,0.5916,-0.4415,-2.783,-2.0604,0.3011,1.849,-0.6564,1.567,-2.9787,3.5569,1.3215,1.2125
2026-07-06_16-25_proband_02,proband_02,1783348036334,1783348066334,positive activated,positive,activated,clear,proxy,53.367827386919174,65.27113894840943,70.72262292887187,15.625,33,0.0,ok,-1.810514516923993,-0.2514949344173234,0.7795097912533347,0.12928933431561976,-0.13384477557998917,0.48282550335570473,Neutral,0.9933,150,ok,814.6438356164383,13.270026650536014,73,ok,3649,1.458567,1.459748,0.016346,0.016337,0.018465,1.355439,1.536693,0.181254,1.458658,0.141173,0.0,0.0,False,9.043297684051518e-05,8.895491628393562e-06,7.837066211626137e-06,6.669241009738861e-06,0.00011383477569027374,1.1350536352677023,0.07814388438250972,0.0002671282171983324,0.6240730967944592,2.800675054807066,0.45326515446340887,0.024116196218141955,ok,False,False,-1.3147,1.1985,1.6525,1.6769,0.524,0.2179,-1.7322,-2.8407,-1.2582,-1.0337,0.8793,-0.8502,-2.9419,-2.3648,0.5585,1.4934,-1.138,1.7924,-3.3955,4.0923,0.6569,0.7644
2026-07-06_16-25_proband_02,proband_02,1783348041334,1783348071334,excluded,excluded,excluded,poor_quality(hrv:artefact_fraction_exceeded),proxy,65.43970384032676,64.51829698578581,73.55905434279624,25.806451612903224,32,0.0625,poor,-0.8105722273750878,-0.627467683307703,0.09155227203369243,-0.013696974323386542,-0.1571273143650243,0.48033333333333333,Neutral,0.9934,151,ok,821.25,12.688855041079204,72,ok,3586,1.458777,1.459541,0.016726,0.016722,0.019964,1.355439,1.536693,0.181254,1.458872,0.122176,0.0,0.0,False,0.00010207040689181254,8.356980625267753e-06,8.027756009237724e-06,6.926405365207412e-06,0.00012538154889152542,1.0410106603440021,0.06665239528860381,0.00027967689188312223,0.6056348411899444,2.887968690476702,0.46238461956101407,0.01505856107083101,ok,False,False,-0.9354,0.9368,1.9918,2.0195,1.3751,0.2179,-1.7322,-2.8407,-0.8774,-2.8495,1.4111,-1.1621,-2.8259,-2.2161,1.1775,0.8313,-1.6965,2.1865,-3.7001,4.6013,1.2416,-0.3609
2026-07-06_16-25_proband_02,proband_02,1783348046334,1783348076334,neutral,positive,neutral,hrv_ambiguous,proxy,50.38253665706005,63.29113924050633,50.73854550536505,20.0,31,0.0,ok,-2.05779326094575,-1.2403159220097066,0.40873866946802173,-0.041301057528466724,-0.13301836475265735,0.4929733333333333,Neutral,0.9934,151,ok,826.2191780821918,10.720238615895411,73,ok,3636,1.45822,1.459045,0.015581,0.015507,0.018563,1.355439,1.536693,0.181254,1.458303,0.112517,0.0,0.0,False,8.312747671033617e-05,7.706143394330307e-06,8.433186037024517e-06,7.234020088047985e-06,0.00010650082622973898,0.9137877958235427,0.07235759190590087,0.00024270759746631695,0.6346744471882092,2.7321891764635855,0.4556518170499163,0.018426842684268425,ok,False,False,-1.9413,0.3097,0.9696,0.9383,0.5797,0.2179,-1.7322,-2.8407,-1.89,-3.7728,0.5454,-1.5392,-2.5793,-2.0383,0.1653,-0.0644,-1.4193,1.0255,-3.2204,3.6929,0.8099,0.0576
2026-07-06_16-25_proband_02,proband_02,1783348051334,1783348081334,excluded,excluded,excluded,poor_quality(hrv:artefact_fraction_exceeded),proxy,53.30134457340953,63.48122866894198,52.782002471924436,26.666666666666668,31,0.0645,poor,-1.8160214467714832,-1.1453843845926273,0.335318531089428,-0.10121112677001542,-0.11881667002214617,0.4967,Neutral,0.9934,151,ok,830.8529411764706,6.453657312943263,68,ok,3439,1.458566,1.458818,0.013409,0.013409,0.017552,1.385423,1.536693,0.151269,1.458627,0.123328,0.0,0.0,False,7.251092189523647e-05,7.85117951858526e-06,7.806616494703843e-06,6.9982643709772995e-06,9.516698227950287e-05,1.0057082371349244,0.08249898492134145,0.00017976212055840717,0.7211266540998622,2.396474973893741,0.45478506060635737,0.007851119511485897,ok,False,False,-1.3165,0.0228,-0.9696,-0.9285,0.0057,3.3197,-1.7322,-5.0371,-1.3134,-2.7394,0.0601,-1.4552,-2.9604,-2.1746,-0.4423,0.5827,-0.9264,-0.9511,-1.7926,1.7352,0.7543,-1.2563
2026-07-06_16-25_proband_02,proband_02,1783348056334,1783348086334,neutral,neutral,activated,face_ambiguous,proxy,44.15076808596477,63.57405383927684,50.248244633118055,19.35483870967742,32,0.0312,ok,-2.5739854997389955,-1.0990270663376884,0.7374792167006535,-0.11178526462732045,-0.11727827814391753,0.49667333333333336,Neutral,0.9934,151,ok,833.2222222222222,2.888648118051376,72,ok,3629,1.459309,1.459975,0.013244,0.01307,0.017044,1.385423,1.536693,0.151269,1.459369,0.135336,0.0,0.0,False,5.930823829939265e-05,8.780364356247158e-06,7.611890406283968e-06,6.381546460195894e-06,8.208203952211967e-05,1.1535062558825473,0.10697059064803591,0.00017536494458510212,0.7032808365403144,2.451018087436391,0.4417714958456554,0.008542298153761367,ok,False,False,0.0253,1.4855,-1.1169,-1.2302,-0.2827,3.3197,-1.7322,-5.0371,0.0071,-1.5916,-0.5433,-0.9169,-3.0788,-2.5312,-1.1437,1.6233,0.263,-1.0892,-2.0873,2.0532,-0.08,-1.1704
2026-07-06_16-25_proband_02,proband_02,1783348061334,1783348091334,neutral,neutral,neutral,face_ambiguous+hrv_ambiguous,proxy,67.2527570686387,63.198668071081514,61.92935621569405,40.0,31,0.0,ok,-0.6603927086242536,-1.2864964505772123,-0.31305187097647935,-0.10998177658463043,-0.12280614147612309,0.5041133333333334,Neutral,0.9934,151,ok,833.9014084507043,1.2666596067437128,71,ok,3552,1.45917,1.458806,0.012677,0.012677,0.016988,1.385423,1.538043,0.15262,1.459225,0.129541,0.0,0.0,False,5.444007276024862e-05,9.038974476341338e-06,7.721532498719076e-06,6.798197444280656e-06,7.799877717958968e-05,1.1706190846469569,0.11588610344035634,0.00016065174088575896,0.7101071452509973,2.4337140673894426,0.46460143002553295,0.007038288288288288,ok,False,False,-0.2257,0.0076,-1.6231,-1.5799,-0.3145,3.3197,-1.6569,-4.9382,-0.2492,-2.1455,-0.7658,-0.767,-3.0121,-2.2903,-1.3626,1.7437,0.6963,-1.5512,-1.9746,1.9523,1.3837,-1.3572
2026-07-06_16-25_proband_02,proband_02,1783348066334,1783348096334,neutral,neutral,neutral,face_ambiguous+hrv_ambiguous,proxy,72.16558021482219,65.14657980456026,92.99392973598833,45.16129032258064,32,0.0,ok,-0.2534518619461149,-0.31370034542974995,-0.03012424174181752,-0.11072893864779584,-0.12153129662147,0.5083422818791946,Neutral,1.0,149,ok,833.082191780822,2.3731918535635494,73,ok,3626,1.45937,1.458994,0.012851,0.012804,0.016678,1.3816,1.552986,0.171386,1.459426,0.137379,0.0,0.0,False,5.294186782991781e-05,9.045359038646858e-06,8.793119422446618e-06,6.783235859114624e-06,7.75635821501259e-05,1.0286859048986001,0.11661863301414764,0.00016510588535802807,0.8007600807761692,2.1602654084415507,0.4486517067184414,0.009100937672366244,ok,False,False,0.1354,0.2453,-1.4677,-1.4669,-0.4905,2.9243,-0.8239,-3.5636,0.1086,-1.3963,-0.8343,-0.7633,-2.3603,-2.2989,-1.3859,0.7445,0.7319,-1.4114,-0.4773,0.3577,0.3611,-1.101
2026-07-06_16-25_proband_02,proband_02,1783348071334,1783348101334,positive activated,positive,activated,clear,proxy,68.47863556914496,69.10622614189812,132.88099180542443,38.23529411764706,35,0.0,ok,-0.5588502716024608,1.663765300739227,1.111307786170844,-0.09306304778060506,-0.11687051173310717,0.4985033557046979,Neutral,1.0,149,ok,831.375,3.8435513947316564,72,ok,3604,1.459443,1.459524,0.013417,0.013416,0.017166,1.380445,1.552986,0.172541,1.459505,0.148765,0.0,0.0,False,5.6812763266910746e-05,1.0019791117947926e-05,1.0778403466223383e-05,8.538875979167894e-06,8.614983383024996e-05,0.9296172869878147,0.11630656213898692,0.00017995721571238669,0.833934730073194,2.082041376573616,0.45828941154975844,0.008879023307436182,ok,False,False,0.2673,0.9153,-0.9624,-0.9223,-0.2135,2.8048,-0.8239,-3.479,0.2492,-0.308,-0.6573,-0.1988,-1.1527,-1.2838,-0.9257,0.0471,0.7168,-0.945,0.0706,-0.0985,0.979,-1.1286
2026-07-06_16-25_proband_02,proband_02,1783348076334,1783348106334,neutral,neutral,activated,face_ambiguous,proxy,58.61901729975682,72.43844320889595,143.97727070894413,35.13513513513514,38,0.0,ok,-1.3755459447583294,3.327889875055702,2.351717909907016,-0.10737240027390274,-0.13419318197075691,0.49985906040268446,Neutral,1.0,149,ok,828.8333333333334,5.381240236123383,72,ok,3583,1.459091,1.458784,0.01416,0.014147,0.018381,1.380445,1.552986,0.172541,1.45916,0.14852,0.0,0.0,False,6.157940418946906e-05,1.0032136721781374e-05,9.660337163857898e-06,8.027766603766198e-06,8.929964467887452e-05,1.0384871162496654,0.11234240231878839,0.00020043737929110507,0.8184506717097377,2.126511769724362,0.4421389907410541,0.008093776165224673,ok,False,False,-0.3684,-0.0202,-0.2991,-0.2718,0.4763,2.8048,-0.8239,-3.479,-0.3648,-0.3314,-0.4395,-0.1916,-1.8328,-1.5793,-0.7568,0.8135,0.5241,-0.3019,-0.1851,0.1609,-0.0565,-1.2261
2026-07-06_16-25_proband_02,proband_02,1783348081334,1783348111334,positive activated,positive,activated,clear,proxy,49.994999749974994,74.26239379139626,135.03702083872037,30.555555555555557,37,0.0,ok,-2.0898938663198177,4.238779209588843,3.1643365379543305,-0.08982874320917754,-0.1551500923417047,0.49785906040268463,Neutral,1.0,149,ok,826.44,6.219498545876682,75,ok,3725,1.459688,1.459387,0.013981,0.013976,0.016579,1.359538,1.552986,0.193447,1.459755,0.162728,0.0,0.0,False,6.381855470303194e-05,9.482787463723015e-06,1.1877365429973906e-05,9.793114460909833e-06,9.497182205763869e-05,0.7983914211648894,0.09984843039148446,0.00019541688772575612,0.8319746805340531,2.0893906855527407,0.45373610330985265,0.012080536912751677,ok,False,False,0.7097,0.7421,-0.4589,-0.424,-0.5467,0.642,-0.8239,-1.9476,0.6941,1.0266,-0.3371,-0.5099,-0.4842,-0.5586,-0.4527,-0.8768,-0.0831,-0.4595,0.0382,-0.0556,0.6871,-0.7308
2026-07-06_16-25_proband_02,proband_02,1783348086334,1783348116334,neutral,neutral,activated,face_ambiguous,proxy,51.86025922116555,75.41178805318515,121.8839547901092,32.432432432432435,38,0.0,ok,-1.935389980082763,4.81279200592342,3.3740909930030916,-0.1225038756587286,-0.1623186845440598,0.5030536912751676,Neutral,1.0,149,ok,823.2463768115942,6.364898680172854,69,ok,3447,1.458576,1.457618,0.01439,0.014335,0.016456,1.359538,1.552986,0.193447,1.458647,0.160476,0.0,0.0,False,7.235670591445922e-05,9.267652021875146e-06,1.1517729171353882e-05,9.7816836805052e-06,0.00010292377078819345,0.8046422241185179,0.09004384371908777,0.00020702607311810399,0.8456458647450587,2.0628865100604967,0.4392834469572906,0.01624601102407891,ok,False,False,-1.2984,-1.4944,-0.0937,-0.1046,-0.6166,0.642,-0.8239,-1.9476,-1.2778,0.8114,0.0531,-0.6345,-0.703,-0.5652,-0.0264,-0.8328,-0.5597,-0.095,0.264,-0.2102,-0.2396,-0.2134
2026-07-06_16-25_proband_02,proband_02,1783348091334,1783348121334,neutral,neutral,activated,face_ambiguous,proxy,53.1692926811193,76.38072855464159,105.04731920070623,36.84210526315789,39,0.0,ok,-1.8269596196417566,5.2966853619396685,3.5618224907907123,-0.17423187981919702,-0.1537953469821856,0.5048322147651007,Neutral,1.0,149,ok,818.75,7.228172581866003,72,ok,3604,1.459365,1.458505,0.015074,0.015065,0.017291,1.34757,1.554689,0.207118,1.459442,0.160144,0.0,0.0,False,8.349550505811874e-05,9.90165998402825e-06,1.3243986237071892e-05,1.0908462912704775e-05,0.00011754961419192366,0.7476343646958545,0.08423387833181568,0.0002271667832047772,0.8306542201160311,2.09111459544481,0.4392350503299786,0.012486126526082131,ok,False,False,0.1264,-0.373,0.5169,0.545,-0.1425,-0.5961,-0.729,-0.9462,0.137,0.7796,0.5622,-0.2672,0.3471,0.0863,0.7577,-1.2341,-0.842,0.5375,0.0164,-0.0456,-0.2427,-0.6805
2026-07-06_16-25_proband_02,proband_02,1783348096334,1783348126334,negative activated,negative,activated,clear,proxy,54.892571851248185,75.40248624414103,108.59830381544452,41.66666666666667,37,0.0,ok,-1.6842163000293195,4.808146639578825,3.2461814698040725,-0.2228240100821205,-0.14102848470065316,0.49196000000000006,Neutral,1.0,150,ok,812.8055555555555,10.058475354027285,72,ok,3598,1.459757,1.458164,0.014984,0.01498,0.018367,1.34757,1.554689,0.207118,1.459834,0.162914,0.0,0.0,False,8.550387833869003e-05,9.668052473297991e-06,1.0795752800605494e-05,1.0202393790616506e-05,0.00011617007740321003,0.8955421410921529,0.08322325857215607,0.0002244499287789464,0.8309262645607024,2.0909169653017563,0.43038687258411285,0.01083935519733185,ok,False,False,0.8343,-0.8041,0.4366,0.4694,0.4684,-0.5961,-0.729,-0.9462,0.8347,1.0444,0.654,-0.4026,-1.1421,-0.322,0.6837,-0.1928,-0.8912,0.4522,0.0209,-0.0467,-0.81,-0.885
2026-07-06_16-25_proband_02,proband_02,1783348101334,1783348131334,negative activated,negative,activated,clear,proxy,74.49120346684832,71.47862648913805,109.84896453272856,51.515151515151516,34,0.0,ok,-0.060814946862150845,2.848552977706456,1.4546839622843035,-0.2829917500562177,-0.1277390516078255,0.4743466666666667,Neutral,1.0,150,ok,805.2916666666666,14.93218237306708,72,ok,3593,1.458918,1.457527,0.01437,0.014368,0.01587,1.34757,1.554689,0.207118,1.458989,0.165367,0.0,0.0,False,8.11738128803609e-05,9.784026148075555e-06,1.0345634428868691e-05,9.688498910180832e-06,0.00011099197236748598,0.9457153420247142,0.08815075407012891,0.00020642779258294426,0.83987232375986,2.0690404576540873,0.42378474211768324,0.021430559421096576,ok,False,False,-0.6808,-1.6094,-0.1116,-0.0752,-0.9493,-0.5961,-0.729,-0.9462,-0.6692,1.2789,0.4561,-0.3354,-1.4159,-0.6191,0.4061,0.1604,-0.6517,-0.1138,0.1687,-0.1743,-1.2333,0.4307
2026-07-06_16-25_proband_02,proband_02,1783348106334,1783348136334,neutral,negative,neutral,hrv_ambiguous,proxy,77.27073615973039,65.85702651984562,93.11997117835713,53.333333333333336,31,0.0,ok,0.16942036870985253,0.041100021376472215,-0.06416017366669016,-0.3130589861353068,-0.12785262824481336,0.4630466666666666,Sadness,1.0,150,ok,794.5416666666666,22.891623106514405,72,ok,3597,1.460633,1.458793,0.014541,0.014497,0.016714,1.34757,1.554689,0.207118,1.460705,0.166574,0.0,0.0,False,6.929506708804346e-05,1.0789727130786915e-05,1.1623797492600625e-05,1.0841109081305339e-05,0.00010254970079273634,0.9282445095426718,0.10521461244806037,0.00021137653812240256,0.8605606486257382,2.0247056322578842,0.4357792613822043,0.01807061440088963,ok,False,False,2.4162,-0.0088,0.0411,0.0396,-0.4701,-0.5961,-0.729,-0.9462,2.3847,1.3942,-0.0868,0.2473,-0.6384,0.0473,-0.0465,0.0374,0.1777,0.0416,0.5104,-0.4328,-0.4642,0.0133
2026-07-06_16-25_proband_02,proband_02,1783348111334,1783348141334,negative calm,negative,calm,clear,proxy,77.23794404306733,63.668104333538714,86.91822878213554,50.0,31,0.0,ok,0.16670411955490366,-1.052057815661351,-0.6093809676081273,-0.3263666222814025,-0.12295322365877752,0.4625364238410597,Sadness,1.0,151,ok,781.2394366197183,31.28462186749832,71,ok,3561,1.459509,1.458434,0.015609,0.015609,0.018786,1.34757,1.570895,0.223325,1.459593,0.152247,0.0,0.0,False,8.729046019042563e-05,1.042373990284575e-05,1.0452849935684215e-05,1.012832469055686e-05,0.00011829537471951245,0.997215015021492,0.08811620775068377,0.00024358121460440918,0.8043793048895516,2.171909306344189,0.43648290269668266,0.011794439764111205,ok,False,False,0.3865,-0.4627,0.9946,1.0291,0.7063,-0.5961,0.1744,0.241,0.4058,0.0248,0.7356,0.0353,-1.3507,-0.3648,0.7976,0.523,-0.6534,1.053,-0.4176,0.4256,-0.4191,-0.7664
2026-07-06_16-25_proband_02,proband_02,1783348116334,1783348146334,negative calm,negative,calm,clear,proxy,79.23535435214728,61.47331033776169,85.85893937886938,51.724137931034484,30,0.0,ok,0.33215437456196256,-2.1481480614344,-1.2401512179981813,-0.3356718087980209,-0.12811948701908038,0.4657880794701987,Sadness,1.0,151,ok,766.986301369863,36.2424295354235,73,ok,3661,1.459316,1.458234,0.016156,0.016128,0.019178,1.34757,1.570895,0.223325,1.459406,0.140984,0.0,0.0,False,8.914677293146936e-05,1.150110714222757e-05,1.2125890267885311e-05,1.1624067247050238e-05,0.00012439783758863248,0.948475199731302,0.09245423612431275,0.0002609321878819418,0.8167127308051131,2.126694962166242,0.45038290625383015,0.013930620049166894,ok,False,False,0.0379,-0.7156,1.4829,1.4909,0.9288,-0.5961,0.1744,0.241,0.073,-1.0518,0.8205,0.6594,-0.333,0.5001,1.1248,0.1798,-0.4425,1.5978,-0.2138,0.1619,0.4721,-0.501
2026-07-06_16-25_proband_02,proband_02,1783348121334,1783348151334,negative calm,negative,calm,clear,proxy,70.83229691118513,60.36007909251743,77.00578955906992,46.42857142857143,29,0.0,ok,-0.3638908947180117,-2.704100880491583,-1.1701049928867857,-0.33532045362728674,-0.11310805390431114,0.4589933774834439,Sadness,1.0,151,ok,747.3055555555555,34.56597646913039,72,ok,3611,1.458944,1.458293,0.015465,0.015437,0.017257,1.347676,1.570895,0.223219,1.459026,0.149861,0.0,0.0,False,8.004077490868019e-05,1.0482210989212378e-05,1.2097935876557132e-05,1.0845061601005543e-05,0.00011346598337545524,0.8664461631903835,0.09238196845432622,0.00023908948311501091,0.8311168243113919,2.1025787462664702,0.4468519721662785,0.01744669066740515,ok,False,False,-0.6339,-0.641,0.866,0.876,-0.1618,-0.5852,0.1744,0.2332,-0.6033,-0.2033,0.4043,0.0691,-0.35,0.0496,0.5387,-0.3977,-0.446,0.9119,0.0241,0.0213,0.2457,-0.0642
2026-07-06_16-25_proband_02,proband_02,1783348126334,1783348156334,negative calm,negative,calm,clear,proxy,84.4164845106858,60.30777762373492,85.5592296213507,50.0,29,0.0,ok,0.7613197303519876,-2.7302204752610306,-1.7457701028065091,-0.3528760375060196,-0.06790535678875953,0.46756291390728477,Sadness,1.0,151,ok,731.304347826087,29.749594336248613,69,ok,3479,1.45944,1.45878,0.01588,0.015868,0.018364,1.347676,1.570895,0.223219,1.459526,0.142898,0.0,0.0,False,8.157436026310003e-05,1.0697353440314484e-05,1.251647681906875e-05,1.1444290772947908e-05,0.00011623248129543118,0.8546616384377045,0.09203411326211496,0.0002521028698656829,0.8036484976853417,2.172503553812776,0.4545987507578074,0.01465938488071285,ok,False,False,0.2619,-0.0253,1.2365,1.2596,0.4667,-0.5852,0.1744,0.2332,0.2865,-0.8688,0.4744,0.1938,-0.0954,0.3961,0.687,-0.4806,-0.4629,1.3206,-0.4296,0.4291,0.7424,-0.4105
2026-07-06_16-25_proband_02,proband_02,1783348131334,1783348161334,negative calm,negative,calm,clear,proxy,79.94227083756545,61.06569486851177,92.80152251253836,50.0,31,0.0,ok,0.3907099513753228,-2.351713107051752,-1.3712115292135374,-0.29826780614326515,-0.06293227254181966,0.4544900662251656,Sadness,1.0,151,ok,711.6805555555555,26.616645426715927,72,ok,3598,1.459772,1.459384,0.016125,0.016113,0.019985,1.335813,1.570895,0.235082,1.459861,0.109258,0.0,0.0,False,9.259420685482579e-05,1.0365419007865071e-05,1.1654167712121115e-05,1.1010747697995897e-05,0.00012562454127280787,0.8894172775347197,0.08251109870995904,0.00025993875480965215,0.7558980362279974,2.303879010932766,0.438925726096038,0.01083935519733185,ok,False,False,0.8614,0.7383,1.4552,1.4776,1.387,-1.8124,0.1744,1.1022,0.8827,-4.0843,0.978,0.0015,-0.62,0.1454,1.1905,-0.236,-0.9258,1.5666,-1.2183,1.1952,-0.2625,-0.885
2026-07-06_16-25_proband_02,proband_02,1783348136334,1783348166334,neutral,negative,neutral,hrv_ambiguous,proxy,77.35423336414652,64.87801581401635,130.50088060511192,51.61290322580645,32,0.0,ok,0.17633664109526395,-0.44782244115602754,-0.31207954112564573,-0.28848299653579684,-0.06227569284064665,0.45880794701986755,Sadness,1.0,151,ok,696.8611111111111,21.996354086853596,72,ok,3606,1.458191,1.457642,0.015466,0.015408,0.018632,1.335813,1.570895,0.235082,1.458273,0.123717,0.0,0.0,False,7.104610901987075e-05,1.0807465184334195e-05,1.1857399168714868e-05,1.0986573835577464e-05,0.00010469754720849727,0.911453187929773,0.10322558043873142,0.00023912102123900536,0.7837939630720352,2.2107726000975885,0.4295708068223094,0.010815307820299502,ok,False,False,-1.9937,-1.464,0.8669,0.8502,0.6189,-1.8124,0.1744,1.1022,-1.9434,-2.7022,-0.0068,0.2576,-0.4963,0.1315,0.0687,-0.0808,0.081,0.9129,-0.7575,0.6522,-0.8623,-0.888
2026-07-06_16-25_proband_02,proband_02,1783348141334,1783348171334,negative calm,negative,calm,clear,proxy,93.26064758029923,66.93160426688978,141.0947834018884,51.61290322580645,32,0.0,ok,1.4939028298482375,0.5777491051292698,-0.45807686235948386,-0.2902537564342885,-0.04381397839864323,0.4511275167785234,Sadness,1.0,149,ok,686.5833333333334,23.89575364481148,72,ok,3608,1.458524,1.457149,0.015892,0.015874,0.018799,1.335813,1.56391,0.228097,1.458611,0.127253,0.0,0.0,False,8.759869498401302e-05,1.1729245789076116e-05,1.2692142088493623e-05,1.1924803363682015e-05,0.00012394488622526477,0.9241343804033816,0.09463275211795297,0.0002524941762003483,0.7883957476638531,2.208140025933077,0.4458999224390542,0.018292682926829267,ok,False,False,-1.3923,-2.0873,1.2472,1.2649,0.7137,-1.8124,-0.215,0.5905,-1.3419,-2.3642,0.7497,0.7916,0.0114,0.6739,1.1005,0.0085,-0.3366,1.3328,-0.6815,0.6369,0.1846,0.0409
2026-07-06_16-25_proband_02,proband_02,1783348146334,1783348176334,neutral,negative,neutral,hrv_ambiguous,proxy,90.01215195738851,67.36068585425596,130.0728816681423,46.875,33,0.0,ok,1.2248221974130016,0.7920344291541269,-0.21639388412943733,-0.3036867540029111,-0.010898245614035084,0.43802013422818803,Neutral,1.0,149,ok,674.0,26.18902183864195,75,ok,3704,1.458729,1.457747,0.016201,0.016148,0.018937,1.335813,1.56391,0.228097,1.458819,0.124764,0.0,0.0,False,9.365264440682296e-05,1.222225590278968e-05,1.24035458379755e-05,1.155742505806399e-05,0.00012983587120565213,0.9853839439997302,0.09413620207696044,0.00026239410637269824,0.8043575171668974,2.1714357816738112,0.45103728434279233,0.01862850971922246,ok,False,False,-1.0221,-1.3313,1.5231,1.5087,0.792,-1.8124,-0.215,0.5905,-0.9717,-2.6021,1.0264,1.0772,-0.1641,0.4615,1.4163,0.4397,-0.3608,1.6437,-0.4179,0.4228,0.514,0.0826
2026-07-06_16-25_proband_02,proband_02,1783348151334,1783348181334,neutral,negative,neutral,hrv_ambiguous,proxy,92.76583422790958,68.1020843365206,124.01146238566136,50.0,33,0.0,ok,1.452916260908641,1.1622922511660365,-0.14531200487130225,-0.2728740886868513,-0.004557852302941931,0.46636000000000005,Neutral,1.0,150,ok,660.9041095890411,22.33281366532318,73,ok,3612,1.458967,1.458086,0.016404,0.016331,0.019262,1.335813,1.56391,0.228097,1.45906,0.120188,0.0,0.0,False,9.469107446369085e-05,1.1797576229106972e-05,1.2513875894101125e-05,1.1907789019527719e-05,0.00013091031560642666,0.9427594924374071,0.09011953018626956,0.00026902984567473174,0.8017729066191829,2.1813305937060705,0.45326576667565704,0.017995570321151715,ok,False,False,-0.5923,-0.9027,1.7043,1.6715,0.9765,-1.8124,-0.215,0.5905,-0.5428,-3.0395,1.0739,0.8312,-0.097,0.6641,1.4739,0.1396,-0.556,1.8521,-0.4606,0.4805,0.6569,0.004
2026-07-06_16-25_proband_02,proband_02,1783348156334,1783348186334,neutral,neutral,neutral,face_ambiguous+hrv_ambiguous,proxy,82.24772033314966,68.28763579927573,118.68230127682745,46.875,33,0.0,ok,0.5816758261464412,1.2549575075892547,0.33664084072140676,-0.11018003626136735,-0.04450241980384599,0.46388741721854304,Neutral,1.0,151,ok,651.32,16.96989385050175,75,ok,3713,1.45788,1.456988,0.015774,0.015765,0.017257,1.335813,1.56391,0.228097,1.457965,0.133621,0.0,0.0,False,9.010266436319401e-05,1.106784413470895e-05,1.1932744988454763e-05,1.157940478427141e-05,0.00012468265827062912,0.9275186235772866,0.08876811097432334,0.0002487500499383763,0.8151974895108778,2.1451201959746626,0.45625759304924346,0.02747104767034743,ok,False,False,-2.5553,-2.2909,1.1419,1.1679,-0.1618,-1.8124,-0.215,0.5905,-2.4915,-1.7555,0.8642,0.4084,-0.4505,0.4742,1.14,0.0323,-0.6217,1.2153,-0.2389,0.2694,0.8487,1.1811
2026-07-06_16-25_proband_02,proband_02,1783348161334,1783348191334,positive activated,positive,activated,clear,proxy,72.10409142344143,69.36416184971098,110.68184398642487,38.23529411764706,35,0.0,ok,-0.2585451250417217,1.7925795830428168,1.0255623540422694,0.02366308008741483,-0.038776140892145525,0.5151655629139072,Neutral,1.0,151,ok,640.5492957746479,16.523393574301483,71,ok,3564,1.459101,1.457985,0.016859,0.016771,0.018331,1.357375,1.580089,0.222713,1.459198,0.136963,0.0,0.0,False,0.00010066671421501779,1.0846784361041152e-05,1.2411231893326897e-05,1.1626045156286398e-05,0.0001355507756256722,0.8739489826891497,0.08002008273987904,0.00028413799125125497,0.8068966064533213,2.164461224828907,0.4610867255629223,0.024971941638608306,ok,False,False,-0.3503,-1.0304,2.1105,2.0631,0.448,0.4182,0.6869,0.1962,-0.2972,-1.4361,1.347,0.2803,-0.1595,0.5012,1.7227,-0.3449,-1.0468,2.3265,-0.376,0.3822,1.1584,0.8707
2026-07-06_16-25_proband_02,proband_02,1783348166334,1783348196334,neutral,positive,neutral,hrv_ambiguous,proxy,83.96706943796478,67.49846594395582,101.64870991445355,46.875,33,0.0,ok,0.7240936090850161,0.8608424415107883,0.06837441621288609,0.07547373937038165,-0.034391674073680996,0.4991986754966888,Neutral,1.0,151,ok,631.3714285714286,14.83842585948987,70,ok,3509,1.458298,1.457188,0.016969,0.016963,0.019005,1.356411,1.579966,0.223556,1.458397,0.129133,0.0,0.0,False,9.550098374118984e-05,1.0680929295584162e-05,1.1761858282559917e-05,1.1335816792307158e-05,0.00012927958811164109,0.9080987145817566,0.08261883696397353,0.00028786297544486014,0.7918174119848987,2.2204893035502153,0.4581725457373479,0.022228555143915644,ok,False,False,-1.8004,-2.038,2.2087,2.2339,0.8306,0.3185,0.6801,0.2579,-1.7227,-2.1845,1.1109,0.1843,-0.5545,0.3334,1.3865,-0.1044,-0.9205,2.4435,-0.625,0.7089,0.9715,0.5299
2026-07-06_16-25_proband_02,proband_02,1783348171334,1783348201334,neutral,positive,neutral,hrv_ambiguous,proxy,69.77306966158218,66.28280664167113,81.2775943817535,46.875,33,0.0,ok,-0.451629211557858,0.253736578281112,0.352682894919485,0.10641279373368145,-0.04110885117493473,0.5039473684210526,Neutral,1.0,152,ok,625.0281690140845,13.82747971146681,71,ok,3534,1.460088,1.458846,0.016668,0.016641,0.018469,1.356411,1.579966,0.223556,1.460183,0.127654,0.0,0.0,False,8.461511640574644e-05,1.0302050458431255e-05,1.2654591567379151e-05,1.2232240347996878e-05,0.00011980399877955372,0.8140957840861468,0.08599087240315535,0.00027774312483042,0.7892492583112695,2.2210405444228694,0.46776706530160045,0.024052065647990947,ok,False,False,1.4321,0.0582,1.94,1.9474,0.5263,0.3185,0.6801,0.2579,1.4558,-2.3259,0.6134,-0.0353,-0.0114,0.8517,0.8785,-0.7662,-0.7567,2.1257,-0.6674,0.7121,1.5867,0.7564
2026-07-06_16-25_proband_02,proband_02,1783348176334,1783348206334,neutral,positive,neutral,hrv_ambiguous,proxy,72.13602470753473,66.84141546526868,74.54625668017636,54.54545454545454,34,0.0,ok,-0.25590001503481347,0.5327084015711911,0.3943042083030023,0.13320959242381814,-0.05497794098928235,0.5168552631578948,Neutral,1.0,152,ok,618.3055555555555,12.845384866288255,72,ok,3599,1.459958,1.458851,0.015363,0.015363,0.016616,1.356411,1.579966,0.223556,1.460038,0.142023,0.0,0.0,False,6.411445287430323e-05,1.009967758332225e-05,1.1637706954353504e-05,1.074940902504001e-05,9.6601246437019e-05,0.8678407829906147,0.10455017767660738,0.0002359526490441234,0.7943654480066474,2.190177703790439,0.4300998738394942,0.03028619060850236,ok,False,False,1.1973,0.0645,0.7749,0.8102,-0.5257,0.3185,0.6801,0.2579,1.1977,-0.9524,-0.3236,-0.1525,-0.63,-0.0057,-0.3654,-0.3879,0.1454,0.8134,-0.5829,0.5321,-0.8284,1.5309
2026-07-06_16-25_proband_02,proband_02,1783348181334,1783348211334,positive activated,positive,activated,clear,proxy,67.54759373475001,66.72226855713095,75.0178473388489,48.38709677419355,32,0.0,ok,-0.6359706850811707,0.47320588603895075,0.5545882855600608,0.13960088439508148,-0.08182412950440257,0.5156066666666668,Neutral,1.0,150,ok,612.9142857142857,10.635928796605384,70,ok,3516,1.459481,1.458396,0.015674,0.015647,0.01796,1.356411,1.579966,0.223556,1.459566,0.126031,0.0,0.0,False,6.576973633830218e-05,1.0136430084175048e-05,1.207409986992163e-05,1.078253930021387e-05,9.876280559261272e-05,0.8395184199120279,0.10263408294973703,0.0002455999561065362,0.7802927444355384,2.2418579924444773,0.4392013449263241,0.020762229806598406,ok,False,False,0.3359,-0.5108,1.0526,1.0629,0.2373,0.3185,0.6801,0.2579,0.3577,-2.481,-0.248,-0.1312,-0.3645,0.0135,-0.2495,-0.5873,0.0522,1.1164,-0.8154,0.8335,-0.2448,0.3477
2026-07-06_16-25_proband_02,proband_02,1783348186334,1783348216334,positive activated,positive,activated,clear,proxy,65.92040655214439,66.69810685171461,71.40598290017016,46.875,33,0.0,ok,-0.7707544764146227,0.4611394188994194,0.6159469476570211,0.08948822191429844,-0.08669528615127195,0.5168783783783784,Neutral,1.0,148,ok,607.0,6.0332412515993425,71,ok,3573,1.460599,1.460118,0.016016,0.015992,0.018873,1.356411,1.579966,0.223556,1.460687,0.134378,0.0,0.0,False,6.174433524953845e-05,1.0473335766028255e-05,1.2177711277893004e-05,1.0943966656720532e-05,9.533934895018025e-05,0.8600413219682637,0.10985323239041504,0.00025645313519391836,0.7921734459979037,2.2013132501590187,0.4328971867122714,0.01595298068849706,ok,False,False,2.3548,1.6663,1.3579,1.3699,0.7557,0.3185,0.6801,0.2579,2.3527,-1.6832,-0.432,0.064,-0.3015,0.1068,-0.433,-0.4428,0.4031,1.4572,-0.6191,0.5971,-0.649,-0.2498
2026-07-06_16-25_proband_02,proband_02,1783348191334,1783348221334,neutral,positive,neutral,hrv_ambiguous,proxy,73.2120208708925,65.00541711809318,61.385666079305516,56.666666666666664,31,0.0,ok,-0.16677268911440124,-0.38419764221541547,-0.10871247655050711,-0.059822651208574856,-0.11439807776440991,0.49421621621621625,Neutral,1.0,148,ok,602.8904109589041,6.822270809300507,73,ok,3633,1.459036,1.458974,0.01524,0.015238,0.017973,1.35187,1.56347,0.2116,1.459116,0.144824,0.0,0.0,False,5.636791004926821e-05,1.0858133983340297e-05,1.35663764791007e-05,1.2004148746303752e-05,9.279656925801296e-05,0.8003709170017927,0.1170100786392232,0.0002322070983988177,0.8474228915108185,2.052828118137136,0.43509632250031427,0.018992568125516102,ok,False,False,-0.4677,0.22,0.6651,0.699,0.2447,-0.1513,-0.2395,-0.6179,-0.4431,-0.6847,-0.6777,0.2869,0.5432,0.7198,-0.5693,-0.8629,0.751,0.6958,0.2934,-0.2688,-0.508,0.1278
2026-07-06_16-25_proband_02,proband_02,1783348196334,1783348226334,neutral,positive,neutral,hrv_ambiguous,proxy,68.91499011150597,63.8932273179043,51.390280399509685,51.724137931034484,30,0.0,ok,-0.5227059851837265,-0.9396303588078999,-0.20846218681208672,-0.07386269457161543,-0.1241051013734467,0.5165540540540541,Neutral,1.0,148,ok,599.2972972972973,7.977244571372966,74,ok,3679,1.459421,1.459373,0.014862,0.014635,0.017804,1.35187,1.56347,0.2116,1.459497,0.146547,0.0,0.0,False,5.60634427929644e-05,1.028450392171237e-05,1.3182467685128653e-05,1.1416662849767118e-05,9.094707724957254e-05,0.7801652457793796,0.1130822904886525,0.00022082081786812627,0.8351734434832542,2.0794900728948233,0.41804696297690974,0.0176678445229682,ok,False,False,0.2275,0.7244,0.3276,0.1624,0.1488,-0.1513,-0.2395,-0.6179,0.2349,-0.52,-0.6916,-0.0454,0.3097,0.3801,-0.6685,-1.0051,0.5601,0.3382,0.0911,-0.1134,-1.6012,-0.0367
2026-07-06_16-25_proband_02,proband_02,1783348201334,1783348231334,positive calm,positive,calm,clear,proxy,77.72665780369907,64.15784208892414,57.44122756048929,53.333333333333336,31,0.0,ok,0.20718544477607206,-0.8074805215291464,-0.5073329831526092,-0.08145021888680425,-0.1338636898061288,0.5365771812080538,Neutral,1.0,149,ok,595.9324324324324,8.322820716989696,74,ok,3693,1.458814,1.459465,0.01366,0.013624,0.017532,1.35187,1.56347,0.2116,1.458878,0.151138,0.0,0.0,False,5.248852503282015e-05,9.281839594439686e-06,1.2142141663809344e-05,1.0665192547399496e-05,8.457769883846867e-05,0.764431768875931,0.10974334383846657,0.00018654494449008152,0.9210224596787858,1.8936711029739883,0.4263868112486085,0.013268345518548606,ok,False,False,-0.8686,0.8407,-0.7455,-0.7372,-0.0057,-0.1513,-0.2395,-0.6179,-0.8667,-0.0812,-0.855,-0.6263,-0.3231,-0.0544,-1.0099,-1.1159,0.3978,-0.7381,1.509,-1.197,-1.0664,-0.5833
2026-07-06_16-25_proband_02,proband_02,1783348206334,1783348236334,positive calm,positive,calm,clear,proxy,76.0030701134281,63.64631809471667,58.67548809533506,50.0,31,0.0,ok,0.06441656970517365,-1.0629379638259953,-0.5636772667655845,-0.09223081724107801,-0.13520074646428082,0.5412905405405405,Neutral,1.0,148,ok,591.7794117647059,7.280818365178821,68,ok,3438,1.458858,1.459725,0.013772,0.013748,0.01819,1.35187,1.56347,0.2116,1.458923,0.136165,0.0,0.0,False,5.245685125386283e-05,8.61044452010661e-06,1.118982803443988e-05,9.844984138917131e-06,8.210210794732645e-05,0.7694884786537418,0.10487482758367073,0.00018960080427392873,0.8956156254880331,1.9601934285359874,0.41973279810337194,0.011343804537521814,ok,False,False,-0.7892,1.1695,-0.6455,-0.6269,0.3679,-0.1513,-0.2395,-0.6179,-0.7866,-1.5124,-0.8564,-1.0153,-0.9024,-0.5286,-1.1426,-1.0803,0.1612,-0.6422,1.0893,-0.809,-1.4931,-0.8224
2026-07-06_16-25_proband_02,proband_02,1783348211334,1783348241334,positive calm,positive,calm,clear,proxy,76.76305534999676,63.64414029084688,60.05828710063554,53.333333333333336,31,0.0,ok,0.12736795761996028,-1.0640255691244782,-0.5956967633722192,-0.09770944768931242,-0.13595483656112306,0.5239731543624161,Neutral,1.0,149,ok,587.6756756756756,6.782548331267207,74,ok,3678,1.459492,1.460307,0.013903,0.013901,0.018355,1.35187,1.569606,0.217736,1.459558,0.136796,0.0,0.0,False,5.3958021623837473e-05,8.533780473984662e-06,1.0940270761544333e-05,9.711255828722348e-06,8.31433286880888e-05,0.7800336828908928,0.10263938798216328,0.00019325201519945193,0.8845272602510142,1.9747025590547567,0.4123991929728502,0.011963023382272975,ok,False,False,0.3558,1.9053,-0.5285,-0.4907,0.4616,-0.1513,0.1026,-0.1684,0.3435,-1.4521,-0.7878,-1.0597,-1.0542,-0.6059,-1.0868,-1.006,0.0525,-0.5275,0.9062,-0.7244,-1.9633,-0.7454
2026-07-06_16-25_proband_02,proband_02,1783348216334,1783348246334,neutral,neutral,calm,face_ambiguous,proxy,79.14775212642913,62.935643229342894,59.747551351273955,63.33333333333333,31,0.0,ok,0.3248980734813242,-1.4178522698387983,-0.8713751716600613,-0.12327765254367537,-0.1419810569188995,0.5205066666666667,Neutral,1.0,150,ok,583.8356164383562,4.896182465934662,73,ok,3632,1.458701,1.459061,0.013288,0.013226,0.016018,1.351893,1.566085,0.214192,1.458761,0.157808,0.0,0.0,False,4.570327772730787e-05,8.768380424479456e-06,1.0315831171482581e-05,9.57741076841811e-06,7.436490009168801e-05,0.8499925433760982,0.11791020085763988,0.0001765307361096435,0.9356301731019246,1.8580302432966997,0.4117328217422369,0.014317180616740088,ok,False,False,-1.0727,0.33,-1.0776,-1.0914,-0.8653,-0.1489,-0.0937,-0.428,-1.0749,0.5563,-1.1651,-0.9238,-1.4341,-0.6833,-1.5574,-0.5135,0.7947,-1.0526,1.7502,-1.4048,-2.006,-0.453
2026-07-06_16-25_proband_02,proband_02,1783348221334,1783348251334,neutral,neutral,calm,face_ambiguous,proxy,77.1507182943447,62.2802611752888,61.87227565415431,63.33333333333333,31,0.0,ok,0.15947900296081324,-1.7451530908204398,-0.9523160468906265,-0.13628086321398072,-0.13861347847701114,0.5230066666666666,Neutral,1.0,150,ok,580.9859154929577,4.882894217123046,71,ok,3586,1.459074,1.459101,0.013109,0.013102,0.016276,1.364394,1.58432,0.219926,1.459132,0.157601,0.0,0.0,False,5.061650915975614e-05,8.799945802154567e-06,1.0188910674578651e-05,9.994611049517183e-06,7.959997668600653e-05,0.8636786816113486,0.11055211393233311,0.00017179428787138186,0.9295448099146144,1.8729781861280803,0.4248326184519593,0.012827663134411601,ok,False,False,-0.3991,0.3805,-1.2374,-1.2017,-0.7188,1.1443,0.9228,-0.008,-0.4147,0.5366,-0.9405,-0.9055,-1.5113,-0.4421,-1.2768,-0.4172,0.4371,-1.2013,1.6497,-1.3176,-1.1661,-0.638
2026-07-06_16-25_proband_02,proband_02,1783348226334,1783348256334,neutral,neutral,calm,face_ambiguous,proxy,73.1849255880836,62.27817585213956,57.72565818510193,53.333333333333336,31,0.0,ok,-0.1690170559477165,-1.7461945108204775,-0.7885887274363805,-0.14687555673651176,-0.13200902166211154,0.5268800000000001,Neutral,1.0,150,ok,577.6338028169014,6.266097980675097,71,ok,3553,1.459748,1.459661,0.013333,0.013314,0.015673,1.364394,1.58432,0.219926,1.459809,0.17455,0.0,0.0,False,4.639644453781195e-05,9.917603053531869e-06,1.1034361006445594e-05,1.1430906907768016e-05,7.877931550555743e-05,0.8987926123629637,0.12589095073999834,0.0001777170208392979,0.9547649162090408,1.8328434354002314,0.4379911554965123,0.017168589924007882,ok,False,False,0.8181,1.0885,-1.0374,-1.0131,-1.0611,1.1443,0.9228,-0.008,0.7902,2.1566,-1.1334,-0.258,-0.997,0.3884,-1.3208,-0.17,1.1826,-1.0154,2.0663,-1.5517,-0.3224,-0.0988
2026-07-06_16-25_proband_02,proband_02,1783348231334,1783348261334,neutral,neutral,calm,face_ambiguous,proxy,61.598072864702196,61.73037970613767,45.4678080907871,45.16129032258064,32,0.0,ok,-1.1287836743025192,-2.0197664330418936,-0.4454913793696872,-0.1552953849791779,-0.12283997845535397,0.5108791946308725,Neutral,1.0,149,ok,572.945205479452,8.90051560765958,73,ok,3626,1.458601,1.458662,0.013819,0.013806,0.017142,1.364394,1.58432,0.219926,1.458666,0.151448,0.0,0.0,False,4.445561138234281e-05,1.0070708590669266e-05,1.0663124257546004e-05,1.122844718006494e-05,7.641789141062302e-05,0.944442491992908,0.13178469430372977,0.0001909177046814721,0.8947876802677944,1.9443239897543099,0.4337367050037412,0.014065085493656922,ok,False,False,-1.2533,-0.1745,-0.6035,-0.5753,-0.2271,1.1443,0.9228,-0.008,-1.244,-0.0516,-1.2221,-0.1693,-1.2228,0.2713,-1.4474,0.1514,1.469,-0.6008,1.0757,-0.9016,-0.5952,-0.4843
2026-07-06_16-25_proband_02,proband_02,1783348236334,1783348266334,neutral,neutral,calm,face_ambiguous,proxy,68.29568068333458,62.99959355100935,69.19281148566174,53.333333333333336,31,0.0,ok,-0.5740048607094214,-1.3859151842045574,-0.405955161747568,-0.1556084846066893,-0.1198759226012368,0.5013,Neutral,1.0,150,ok,568.9054054054054,10.435934912820601,74,ok,3683,1.459156,1.459078,0.014232,0.014231,0.017134,1.364394,1.58432,0.219926,1.459225,0.15535,0.0,0.0,False,4.526275957411696e-05,1.1777895923871655e-05,1.4648239430103405e-05,1.4579989654888225e-05,8.626888458298025e-05,0.80404851217946,0.1365254210052678,0.00020248887424394705,0.9409762094010002,1.8366301481858518,0.4594929246900598,0.01656258484930763,ok,False,False,-0.251,0.3515,-0.2348,-0.1971,-0.2316,1.1443,0.9228,-0.008,-0.2492,0.3214,-1.1852,0.8198,1.2013,2.2092,-0.9193,-0.837,1.6995,-0.2374,1.8385,-1.5296,1.0562,-0.174
2026-07-06_16-25_proband_02,proband_02,1783348241334,1783348271334,neutral,neutral,calm,face_ambiguous,proxy,77.66221317242194,64.20545746388443,86.5473951826583,54.83870967741935,32,0.0,ok,0.20184734241915184,-0.7837011836308212,-0.4927742630249865,-0.1768371066666667,-0.11466212,0.4966887417218543,Neutral,1.0,151,ok,563.3333333333334,10.773970084075277,69,ok,3487,1.458642,1.458455,0.013876,0.013869,0.016644,1.364394,1.58432,0.219926,1.458708,0.159208,0.0,0.0,False,4.246950765676758e-05,1.2360097397120617e-05,1.3435963256275067e-05,1.3405589805286665e-05,8.167115811544993e-05,0.9199263381002237,0.15133980625459775,0.0001924926110939183,0.9306940734520034,1.8651586681760939,0.4495160951294237,0.01749354746200172,ok,False,False,-1.1792,-0.4362,-0.5526,-0.5192,-0.5098,1.1443,0.9228,-0.008,-1.1692,0.6902,-1.3129,1.1571,0.4639,1.5301,-1.1657,-0.0212,2.4195,-0.5514,1.6687,-1.3632,0.4165,-0.0584
2026-07-06_16-25_proband_02,proband_02,1783348246334,1783348276334,negative calm,negative,calm,clear,proxy,77.00439870133938,64.11326677129595,86.67704587869885,51.61290322580645,32,0.0,ok,0.14735900244554126,-0.8297416407724554,-0.4885503216089983,-0.22571999999999992,-0.09145696075142568,0.4935430463576159,Neutral,1.0,151,ok,557.9859154929577,9.829246385509025,71,ok,3561,1.459524,1.459424,0.01424,0.014207,0.018145,1.364952,1.58432,0.219369,1.459594,0.135112,0.0,0.0,False,4.654975267272909e-05,1.179469510943703e-05,1.3135162468341657e-05,1.2079578873595008e-05,8.355918912410278e-05,0.8979481022725434,0.14115377485013264,0.00020271919012730254,0.8926772078492844,1.958162000115896,0.4377297308047109,0.012356079752878404,ok,False,False,0.4135,0.7889,-0.2277,-0.2185,0.3424,1.202,0.9228,-0.0488,0.4075,-1.613,-1.1264,0.8295,0.2809,0.7634,-1.0645,-0.1759,1.9244,-0.2302,1.0408,-0.8209,-0.3392,-0.6966
2026-07-06_16-25_proband_02,proband_02,1783348251334,1783348281334,neutral,negative,neutral,hrv_ambiguous,proxy,77.22464089453781,64.94604742414505,81.18839475903184,54.83870967741935,32,0.0,ok,0.16560218806561489,-0.41384714123732047,-0.2897246646514677,-0.25887384376108497,-0.08587713170891431,0.48222368421052625,Neutral,1.0,152,ok,553.6111111111111,7.887511175957898,72,ok,3582,1.458772,1.458354,0.01435,0.014339,0.018169,1.364952,1.575851,0.210899,1.458843,0.13041,0.0,0.0,False,5.233265989180498e-05,1.0314836009578032e-05,1.0042269092478951e-05,9.179240346847965e-06,8.186900534070993e-05,1.027141862804827,0.12599195312877406,0.00020587128165807286,0.8868852067085797,1.9812321627228568,0.4262483718817112,0.012283640424343942,ok,False,False,-0.9445,-0.5639,-0.1295,-0.101,0.356,1.202,0.4507,-0.6692,-0.929,-2.0625,-0.8621,-0.0278,-1.6005,-0.9135,-1.1551,0.7336,1.1875,-0.1312,0.9451,-0.6863,-1.0753,-0.7056
2026-07-06_16-25_proband_02,proband_02,1783348256334,1783348286334,neutral,negative,neutral,hrv_ambiguous,proxy,77.42718353395014,64.90526453812365,80.49147093909636,50.0,33,0.0,ok,0.18237927747395397,-0.4342143026422381,-0.308296790058096,-0.29491291958739385,-0.07764006667806464,0.46482119205298017,Neutral,1.0,151,ok,549.9166666666666,4.731524484102558,72,ok,3636,1.45909,1.458949,0.01456,0.01456,0.019074,1.364952,1.575851,0.210899,1.459163,0.114993,0.0,0.0,False,5.406992968379959e-05,1.0634813509658893e-05,1.2420763713139834e-05,1.0667729759592962e-05,8.779323666619127e-05,0.8562124599629848,0.12113476837583706,0.00021194164434959093,0.8437889766910047,2.05521100841579,0.41565620704829503,0.009900990099009901,ok,False,False,-0.3702,0.1884,0.058,0.0957,0.8698,1.202,0.4507,-0.6692,-0.3595,-3.5361,-0.7827,0.1575,-0.1537,-0.0529,-0.8376,-0.4697,0.9514,0.0594,0.2333,-0.2549,-1.7544,-1.0016
2026-07-06_16-25_proband_02,proband_02,1783348261334,1783348291334,negative calm,negative,calm,clear,proxy,85.13555367764985,64.7799770979879,84.43294587117548,56.25,33,0.0,ok,0.8208819427332359,-0.4967834281797138,-0.6588326854564749,-0.3135629716609626,-0.07394030043102831,0.45942763157894734,Neutral,1.0,152,ok,547.6666666666666,2.5342721265222496,72,ok,3602,1.459349,1.458737,0.014429,0.014396,0.018428,1.343795,1.575851,0.232056,1.45942,0.134407,0.0,0.0,False,5.9422808986652964e-05,1.0508796966881246e-05,1.4593315968788996e-05,1.1837495313856684e-05,9.636241723617989e-05,0.7201102387727621,0.10905493198733,0.0002081496522707865,0.8661363016508608,1.9984687580572167,0.42511723119220346,0.010827318156579679,ok,False,False,0.0975,-0.0796,-0.0589,-0.0503,0.503,-0.9866,0.4507,0.8805,0.0979,-1.6804,-0.5381,0.0845,1.1679,0.6235,-0.3782,-1.4279,0.3643,-0.0597,0.6024,-0.5858,-1.1478,-0.8865
2026-07-06_16-25_proband_02,proband_02,1783348266334,1783348296334,negative calm,negative,calm,clear,proxy,89.11681351806125,64.04483138196738,79.17726513662953,54.83870967741935,32,0.0,ok,1.1506591812160185,-0.863918589886156,-1.0072888855510873,-0.324576487232086,-0.06498825776331611,0.4650328947368421,Neutral,1.0,152,ok,546.6575342465753,1.842546381763502,73,ok,3636,1.458569,1.457245,0.015165,0.015129,0.019855,1.343795,1.567903,0.224108,1.458648,0.117194,0.0,0.0,False,7.536177502051865e-05,9.334345081261328e-06,1.207815280531248e-05,9.77056342737678e-06,0.00010654483633446924,0.7728287974902002,0.08760954838157602,0.00022990080994411913,0.7920732712977602,2.187654116032901,0.41385760834474283,0.009625962596259627,ok,False,False,-1.3111,-1.9659,0.5982,0.602,1.3132,-0.9866,0.0076,0.2983,-1.276,-3.3257,0.1904,-0.5959,-0.3621,-0.5716,0.1677,-1.0568,-0.678,0.6234,-0.6208,0.5174,-1.8698,-1.0358
2026-07-06_16-25_proband_02,proband_02,1783348271334,1783348301334,negative calm,negative,calm,clear,proxy,81.58901069792834,62.79116872594693,60.60189144995252,46.666666666666664,31,0.0323,ok,0.5271133375943654,-1.4900035032757004,-1.0085584204350329,-0.3185247396017355,-0.04983645434373984,0.4717133333333334,Neutral,1.0,150,ok,545.7733333333333,1.4385929061237406,75,ok,3719,1.45963,1.457487,0.016376,0.016374,0.020473,1.343795,1.567903,0.224108,1.459721,0.119419,0.0,0.0,False,0.00011041660518903412,8.552483751656175e-06,9.848106006910767e-06,9.225598392546415e-06,0.00013804279334014749,0.8684393605445792,0.06195530735622631,0.0002681085212194942,0.7259914143698359,2.3988272884690085,0.43447837386602145,0.0112933584296854,ok,False,False,0.605,-1.66,1.6793,1.7098,1.6641,-0.9866,0.0076,0.2983,0.6336,-3.113,1.7926,-1.0489,-1.7186,-0.8867,1.8563,-0.3836,-1.9248,1.8232,-1.7122,1.7489,-0.5477,-0.8286
2026-07-06_16-25_proband_02,proband_02,1783348276334,1783348306334,negative calm,negative,calm,clear,proxy,85.09406559801923,62.773818086706335,62.1613081088747,48.38709677419355,32,0.0,ok,0.8174453862463508,-1.4986684925485605,-1.1580569393974556,-0.3157658186011842,-0.05571968833945122,0.47401999999999994,Neutral,1.0,150,ok,545.027397260274,0.8971034057163897,73,ok,3632,1.458493,1.456429,0.016361,0.01636,0.019845,1.343795,1.567903,0.224108,1.458585,0.131093,0.0,0.0,False,0.00010700292733491548,1.0133647389539474e-05,1.2948369068930464e-05,1.0903743835920276e-05,0.0001409886876293057,0.7826195370995073,0.07187560568198029,0.0002675956321121026,0.7482371811404792,2.319813361934419,0.420877971834011,0.018722466960352423,ok,False,False,-1.4483,-2.9976,1.6659,1.6973,1.3075,-0.9866,0.0076,0.2983,-1.3881,-1.9972,1.6366,-0.1328,0.1673,0.0836,2.0142,-0.9878,-1.4427,1.8071,-1.3448,1.2881,-1.4196,0.0943
2026-07-06_16-25_proband_02,proband_02,1783348281334,1783348311334,negative calm,negative,calm,clear,proxy,84.44257449353836,62.72664902479663,64.77653118171337,51.61290322580645,32,0.0,ok,0.7634808257946526,-1.5222249396506446,-1.1428528827226487,-0.3154646887824898,-0.04715221728226175,0.470979865771812,Neutral,1.0,149,ok,544.8356164383562,0.6874610823355948,73,ok,3629,1.459594,1.458482,0.016236,0.016231,0.019002,1.343795,1.567903,0.224108,1.459685,0.143605,0.0,0.0,False,0.00010809843437973321,9.959876984843223e-06,1.2767809690805008e-05,1.1405344217923052e-05,0.0001422314652733045,0.7800771194090484,0.07002583356417663,0.00026354201086266647,0.7833901346325802,2.1979788614510003,0.42767010983719855,0.01680903830256269,ok,False,False,0.54,-0.402,1.5543,1.5826,0.8289,-0.9866,0.0076,0.2983,0.5695,-0.8012,1.6867,-0.2335,0.0574,0.3736,2.0808,-1.0057,-1.5326,1.6798,-0.7642,0.5776,-0.9842,-0.1434
2026-07-06_16-25_proband_02,proband_02,1783348286334,1783348316334,negative calm,negative,calm,clear,proxy,85.70978162769211,62.742452352841966,65.80891203496533,53.333333333333336,31,0.0,ok,0.868446612012646,-1.5143326847262308,-1.1913896483694384,-0.2530568974549866,-0.0376622825157857,0.48356000000000005,Neutral,1.0,150,ok,545.1643835616438,1.2803395668308835,73,ok,3609,1.459441,1.458322,0.015619,0.015614,0.017166,1.343795,1.567903,0.224108,1.459524,0.164911,0.0,0.0,False,9.745877842022308e-05,1.0117968471386169e-05,1.0784461511407348e-05,1.0152164435929115e-05,0.00012851337283894572,0.9381986780225543,0.07873086021433155,0.00024387671920941776,0.8066497744040717,2.1482144331254487,0.4191611430070107,0.026045996120809087,ok,False,False,0.2637,-0.6043,1.0035,1.0335,-0.2135,-0.9866,0.0076,0.2983,0.283,1.2353,1.2004,-0.1419,-1.149,-0.351,1.3454,0.1075,-1.1095,1.0622,-0.3801,0.2874,-1.5297,1.0041
2026-07-06_16-25_proband_02,proband_02,1783348291334,1783348321334,negative calm,negative,calm,clear,proxy,81.35644392266623,64.39495572846793,69.66185608744851,54.83870967741935,32,0.0,ok,0.5078492774769376,-0.689064876168459,-0.5984570768226983,-0.22854962116507263,-0.044610400364343966,0.4895878378378379,Neutral,1.0,148,ok,545.6571428571428,1.8796061434934672,70,ok,3531,1.459305,1.458062,0.015151,0.01514,0.016031,1.373455,1.546699,0.173244,1.459383,0.158357,0.0,0.0,False,8.093433610507584e-05,1.0061901413448586e-05,1.0465186087663508e-05,1.002723020486091e-05,0.00011148865381104885,0.9614640740928254,0.09025045131723504,0.0002295025443475485,0.8245496716043507,2.1057016716458885,0.4115502236104095,0.03879920702350609,ok,False,False,0.0181,-0.933,0.5857,0.6118,-0.8579,2.0817,-1.1744,-3.4275,0.032,0.6088,0.4451,-0.1744,-1.3432,-0.4232,0.4327,0.2713,-0.5496,0.6109,-0.0844,0.0395,-2.0177,2.5884
2026-07-06_16-25_proband_02,proband_02,1783348296334,1783348326334,neutral,negative,neutral,hrv_ambiguous,proxy,78.16988710494599,66.19859578736208,87.83180594957408,62.5,33,0.0,ok,0.24389918385338819,0.21168128918611614,-0.01610894733363602,-0.2231700062661004,-0.05839633781243474,0.4852364864864865,Neutral,1.0,148,ok,546.3972602739726,2.2219843860549844,73,ok,3645,1.459871,1.458935,0.01386,0.013837,0.015029,1.363974,1.546699,0.182725,1.459936,0.164929,0.0,0.0,False,5.1789986277908344e-05,1.0097502885035778e-05,1.0615750232299217e-05,1.0093206250582874e-05,8.259644564582621e-05,0.9511811895434561,0.12225105673533268,0.00019203541062478676,0.8495841239556498,2.041571626998204,0.40528547242281765,0.038408779149519894,ok,False,False,1.0402,0.1707,-0.5669,-0.5477,-1.4268,1.1009,-1.1744,-2.733,1.0162,1.237,-0.8869,-0.1538,-1.2516,-0.3851,-1.1161,0.1989,1.0057,-0.5657,0.3291,-0.3345,-2.4194,2.5399
2026-07-06_16-25_proband_02,proband_02,1783348301334,1783348331334,negative calm,negative,calm,clear,proxy,86.7175731902133,65.84416880050547,89.77089948273546,65.625,33,0.0,ok,0.9519243883388815,0.03467881702711684,-0.4586227856558823,-0.21827513250250682,-0.06974811631571408,0.4685234899328859,Neutral,1.0,149,ok,547.2222222222222,2.1376716451779516,72,ok,3594,1.458389,1.458145,0.012135,0.012121,0.013706,1.351799,1.550743,0.198944,1.458439,0.193988,0.0,0.0,False,3.950308297899028e-05,1.0407133521087226e-05,1.1928144370058436e-05,1.1167431471639596e-05,7.300579234177555e-05,0.8724854701394574,0.14255215983156821,0.00014722242984927344,1.0222274466593093,1.680963047659346,0.40488395045216585,0.018085698386199223,ok,False,False,-1.6361,-0.8281,-2.1069,-2.0746,-2.1779,-0.1586,-0.949,-1.5449,-1.648,4.0146,-1.4485,0.0256,-0.4533,0.236,-1.6303,-0.3552,1.9924,-1.973,3.1805,-2.4374,-2.4451,0.0152
2026-07-06_16-25_proband_02,proband_02,1783348306334,1783348336334,neutral,neutral,neutral,face_ambiguous+hrv_ambiguous,proxy,83.31066358316123,66.86332350049165,81.98849969353283,60.60606060606061,34,0.0,ok,0.6697219481540186,0.5436493754202842,-0.0630362863668672,-0.19219561620568987,-0.07801486156053708,0.4583691275167785,Neutral,1.0,149,ok,547.8888888888889,1.5704628864195689,72,ok,3595,1.459718,1.458923,0.012765,0.012761,0.014954,1.351799,1.551635,0.199836,1.459774,0.173623,0.0,0.0,False,4.2838213880019786e-05,1.0892256895224763e-05,1.2222991893220932e-05,1.0777388255711757e-05,7.673085092417724e-05,0.8911284650476876,0.14195407221580328,0.00016290387166136846,0.9654316915345236,1.798461171635748,0.40766609432426515,0.02058414464534075,ok,False,False,0.7639,0.1555,-1.5445,-1.5051,-1.4693,-0.1586,-0.8992,-1.4796,0.7279,2.068,-1.296,0.3067,-0.274,0.0105,-1.4306,-0.2239,1.9633,-1.4805,2.2424,-1.7522,-2.2667,0.3256
2026-07-06_16-25_proband_02,proband_02,1783348311334,1783348341334,neutral,neutral,neutral,face_ambiguous+hrv_ambiguous,proxy,80.39542426297807,67.6639357855982,78.86786372597366,54.54545454545454,34,0.0,ok,0.4282457293028811,0.9434788437165497,0.2576165572068343,-0.1095361190828188,-0.06477080615705713,0.4630469798657718,Neutral,1.0,149,ok,548.4507042253521,0.7890090058216099,71,ok,3575,1.459805,1.45878,0.012653,0.01257,0.015237,1.351799,1.551635,0.199836,1.45986,0.163682,0.0,0.0,False,4.466022160422726e-05,1.0952461597083161e-05,1.2019050836893427e-05,1.1375609795503157e-05,7.900734383370701e-05,0.9112583709360265,0.13862586598924026,0.00016004582934457635,0.9883836614315843,1.7742320520464243,0.42576377784630676,0.02041958041958042,ok,False,False,0.921,-0.0253,-1.6445,-1.6751,-1.3087,-0.1586,-0.8992,-1.4796,0.8809,1.1178,-1.2128,0.3416,-0.398,0.3564,-1.3086,-0.0822,1.8015,-1.5703,2.6215,-1.8935,-1.1064,0.3051
2026-07-06_16-25_proband_02,proband_02,1783348316334,1783348346334,neutral,positive,neutral,hrv_ambiguous,proxy,83.23404501764888,67.44558367680621,89.35635798375633,56.25,33,0.0,ok,0.6633754498183151,0.8344327933576665,0.08552867176967571,-0.06758487028558971,-0.06426250999200638,0.4617785234899329,Neutral,1.0,149,ok,548.8591549295775,0.6823441663619682,71,ok,3583,1.458873,1.457825,0.01301,0.013003,0.015689,1.351799,1.551635,0.199836,1.45893,0.158291,0.0,0.0,False,4.4185053382092784e-05,9.059583355486777e-06,1.1268291989173357e-05,1.049976148136878e-05,7.50126902081217e-05,0.8039889772294064,0.12077400783223582,0.00016920232655889743,0.9650593757443536,1.8068081933691953,0.41963412671254546,0.020094892548144012,ok,False,False,-0.7621,-1.2327,-1.3258,-1.2898,-1.052,-0.1586,-0.8992,-1.4796,-0.7742,0.6025,-1.2345,-0.7551,-0.8547,-0.15,-1.5227,-0.8374,0.9339,-1.2827,2.2363,-1.7035,-1.4994,0.2648
2026-07-06_16-25_proband_02,proband_02,1783348321334,1783348351334,positive calm,positive,calm,clear,proxy,81.60091713589594,64.45332169592803,114.2821520722202,48.38709677419355,32,0.0,ok,0.5280995762199545,-0.6599166427847314,-0.594008109502343,-0.03568048731958921,-0.05802507002158043,0.4355799999999999,Neutral,1.0,150,ok,548.8648648648649,0.6687613642475584,74,ok,3656,1.459269,1.45803,0.014024,0.014023,0.016054,1.351799,1.561853,0.210054,1.459337,0.15513,0.0,0.0,False,5.1928158334857624e-05,1.1164023247183211e-05,1.4628728776315985e-05,1.2472173748269942e-05,9.019308410662677e-05,0.7631573908254046,0.12377914819062948,0.00019660813354144713,0.9352034299367217,1.8652812843277071,0.4376062879894917,0.023522975929978117,ok,False,False,-0.047,-0.9735,-0.4205,-0.3822,-0.8448,-0.1586,-0.3296,-0.7311,-0.0498,0.3004,-0.8806,0.4641,1.1894,0.9904,-0.7089,-1.1248,1.08,-0.4221,1.7432,-1.3625,-0.3471,0.6907
2026-07-06_16-25_proband_02,proband_02,1783348326334,1783348356334,positive calm,positive,calm,clear,proxy,66.60252661666927,61.53846153846154,96.37999506264701,37.93103448275862,30,0.0,ok,-0.7142528462247509,-2.115611251271391,-0.7006792025233202,0.005661918847662525,-0.05054258568580799,0.4146933333333333,Neutral,1.0,150,ok,548.9166666666666,0.7645306025618079,72,ok,3598,1.45891,1.457733,0.014021,0.014019,0.016015,1.351799,1.561853,0.210054,1.458977,0.167084,0.0,0.0,False,4.165847095593306e-05,1.0606478919756607e-05,1.5196615523680377e-05,1.2937679522673085e-05,8.039924492204314e-05,0.6979500274438647,0.1319226169116173,0.0001965423021451751,0.9415879778614189,1.8528011504452127,0.4385169323417053,0.02501389660922735,ok,False,False,-0.6953,-1.349,-0.4232,-0.3857,-0.867,-0.1586,-0.3296,-0.7311,-0.6905,1.443,-1.35,0.1411,1.5349,1.2596,-1.2339,-1.5839,1.4757,-0.4242,1.8486,-1.4353,-0.2887,0.8759
2026-07-06_16-25_proband_02,proband_02,1783348331334,1783348361334,positive calm,positive,calm,clear,proxy,73.89091058219994,61.60164271047228,104.35356566340542,46.666666666666664,31,0.0,ok,-0.11053863677829331,-2.0840582825231966,-0.9867598228724517,-0.014343031994846468,-0.019693196110310132,0.4346533333333334,Disgust,1.0,150,ok,549.2112676056338,1.067915097718734,71,ok,3588,1.459748,1.458797,0.0145,0.014411,0.017833,1.361364,1.561853,0.200489,1.45982,0.149707,0.0,0.0,False,4.636351025666082e-05,9.887147818707502e-06,1.2325395575806415e-05,1.0508979518515035e-05,7.908503316968978e-05,0.8021768515031019,0.12501920145211068,0.0002101843132716643,0.9256266915532904,1.8941626253472443,0.43873280511968793,0.015050167224080268,ok,False,False,0.8181,-0.0038,0.0045,-0.0369,0.1652,0.8309,-0.3296,-1.4318,0.8097,-0.218,-1.1349,-0.2756,-0.2117,-0.1447,-1.3044,-0.8501,1.1402,0.0042,1.585,-1.1941,-0.2749,-0.3619
2026-07-06_16-25_proband_02,proband_02,1783348336334,1783348366334,positive calm,positive,calm,clear,proxy,90.40833294927336,61.07772633238105,116.41808232604211,53.333333333333336,31,0.0,ok,1.2576388129267617,-2.3457045384959514,-1.8016716757113564,0.0038083695685694058,-0.015775202763129492,0.43236,Disgust,1.0,150,ok,549.4929577464789,0.9391978254510559,71,ok,3573,1.458796,1.458346,0.015734,0.015731,0.018712,1.33691,1.597442,0.260533,1.45888,0.148376,0.0,0.0,False,4.853600533389015e-05,1.0981688755953853e-05,1.3902309781998529e-05,1.0835819932284886e-05,8.425582380412741e-05,0.7899182321670973,0.13033744291843782,0.00024750055190899127,0.8474309509217991,2.054735070530357,0.42933338899904744,0.01343408900083963,ok,False,False,-0.9011,-0.574,1.1061,1.1376,0.6643,-1.6989,1.6543,2.9665,-0.8631,-0.3452,-1.0356,0.3585,0.7476,0.0443,-1.0272,-0.9364,1.3987,1.176,0.2935,-0.2577,-0.8775,-0.5627
2026-07-06_16-25_proband_02,proband_02,1783348341334,1783348371334,positive calm,positive,calm,clear,proxy,111.37623923740048,63.58539587036784,148.03100518007588,46.666666666666664,31,0.0333,ok,2.994460449705388,-1.0933628036916192,-2.043911626698504,-0.06334589532031476,-0.024142875346436877,0.4185466666666667,Neutral,1.0,150,ok,549.4657534246576,1.0011409016830903,73,ok,3622,1.458879,1.458535,0.015519,0.01546,0.018165,1.336909,1.597442,0.260533,1.458962,0.151892,0.0,0.0,False,4.9650449809253417e-05,1.2029164976144614e-05,1.4810370107901426e-05,1.1775524564225536e-05,8.8265509457525e-05,0.8122122591328572,0.13628386573409407,0.0002407595076521593,0.8300408435886666,2.09649900425355,0.43614570518265794,0.013804527885146328,ok,False,False,-0.7512,-0.335,0.9142,0.8965,0.3537,-1.699,1.6543,2.9665,-0.7172,-0.0091,-0.9847,0.9654,1.2999,0.5876,-0.8122,-0.7795,1.6877,0.9643,0.0063,-0.0142,-0.4407,-0.5167
2026-07-06_16-25_proband_02,proband_02,1783348346334,1783348376334,neutral,neutral,calm,face_ambiguous,proxy,105.50503542485544,63.97415185783522,139.56153606379104,46.875,33,0.0312,ok,2.508134648958201,-0.8992162702726572,-1.703675459615429,-0.15658185747827033,-0.046542860696904206,0.4287533333333334,Neutral,1.0,150,ok,548.9583333333334,1.4086003441634767,72,ok,3600,1.459398,1.4597,0.016051,0.016042,0.018584,1.336909,1.597442,0.260533,1.459486,0.147819,0.0,0.0,False,7.048397389157712e-05,1.1586505331567888e-05,1.2504374388463263e-05,1.0609706858748937e-05,0.0001051845604703572,0.9265960890983634,0.11015404893647973,0.00025756595091821675,0.8277146278108133,2.1087338350507046,0.4432542827932106,0.015,ok,False,False,0.186,1.1378,1.3892,1.4144,0.5916,-1.699,1.6543,2.9665,0.2153,-0.3984,-0.0325,0.7089,-0.1028,-0.0865,0.0948,0.0258,0.4177,1.4921,-0.0321,0.0572,0.015,-0.3682
2026-07-06_16-25_proband_02,proband_02,1783348351334,1783348381334,neutral,neutral,calm,face_ambiguous,proxy,108.01417731020312,65.7960322998704,123.88865051840999,50.0,33,0.0312,ok,2.7159728496986832,0.010639226562925732,-1.3526668115678788,-0.20604491587208554,-0.04770298629079525,0.46635333333333334,Neutral,1.0,150,ok,548.4,1.951587982176031,70,ok,3524,1.459343,1.460513,0.015573,0.015562,0.018878,1.336909,1.597442,0.260533,1.459426,0.15782,0.0,0.0,False,6.806696489334072e-05,1.2623176614860853e-05,1.302545687292134e-05,1.19267179105037e-05,0.00010564231629162661,0.9691157683679751,0.11948977397016439,0.00024246261798033323,0.8283976979395627,2.121356956657734,0.4533438382822946,0.013904653802497162,ok,False,False,0.0867,2.1657,0.9624,0.9873,0.7585,-1.699,1.6543,2.9665,0.1086,0.5575,-0.143,1.3095,0.2142,0.675,0.1193,0.3251,0.8715,1.0178,-0.0209,0.1308,0.6619,-0.5042
2026-07-06_16-25_proband_02,proband_02,1783348356334,1783348386334,negative calm,negative,calm,clear,proxy,108.21821389295712,66.90937715241563,113.57264630757184,48.484848484848484,34,0.0303,ok,2.7328736859935394,0.5666487816302666,-1.0831124521816364,-0.23965482261113155,-0.04027083588300088,0.4902599999999999,Neutral,1.0,150,ok,547.5072463768116,2.4948369533297994,69,ok,3473,1.459249,1.459623,0.015798,0.015745,0.019007,1.336909,1.597442,0.260533,1.459334,0.15841,0.0,0.0,False,6.652207316083401e-05,1.3039626596804335e-05,1.4068415362073485e-05,1.317934968315297e-05,0.0001068094648028648,0.9268723828758278,0.12208306163492291,0.00024951833118781513,0.8587861845316588,2.033823235767853,0.45302752707226623,0.014108839619925137,ok,False,False,-0.0831,1.0405,1.1633,1.1501,0.8318,-1.699,1.6543,2.9665,-0.0552,0.6139,-0.2136,1.5508,0.8486,1.3993,0.1819,0.0277,0.9975,1.2394,0.481,-0.3797,0.6416,-0.4789
2026-07-06_16-25_proband_02,proband_02,1783348361334,1783348391334,neutral,neutral,calm,face_ambiguous,proxy,105.74168066710038,68.22742474916389,99.65763138747148,42.42424242424242,34,0.0303,ok,2.5277365382133277,1.2248878314181288,-0.6514243533975994,-0.1801464865161149,-0.04522282668274502,0.48650666666666664,Neutral,1.0,150,ok,546.0845070422536,2.5787398853661583,71,ok,3525,1.459321,1.45958,0.01516,0.015141,0.015754,1.336909,1.597442,0.260533,1.4594,0.162316,0.0,0.0,False,6.36259063967341e-05,1.2145690712563655e-05,1.1805689051332312e-05,1.1566156047156905e-05,9.914344220778697e-05,1.0287997279068812,0.1225062426680951,0.00022975303462071682,0.8613529645389031,2.0230820474827187,0.4289197289728043,0.02354609929078014,ok,False,False,0.047,0.9861,0.5937,0.6126,-1.0151,-1.699,1.6543,2.9665,0.0623,0.9872,-0.346,1.0329,-0.5278,0.4666,-0.2291,0.7453,1.0181,0.6187,0.5234,-0.4423,-0.904,0.6935
2026-07-06_16-25_proband_02,proband_02,1783348366334,1783348396334,neutral,neutral,activated,face_ambiguous,proxy,73.21116718097042,67.55604080657818,77.4871445838442,43.75,33,0.0,ok,-0.1668434022846814,0.8895955934892955,0.5282194978869884,-0.18564169649848977,-0.04084850095088936,0.47674666666666665,Neutral,1.0,150,ok,544.6164383561644,2.4979443603485767,73,ok,3624,1.459406,1.459143,0.014135,0.014128,0.015647,1.362122,1.572958,0.210836,1.459474,0.171681,0.0,0.0,False,6.503038361121158e-05,1.2888773987748739e-05,1.1624138800968732e-05,1.2054418700840573e-05,0.00010159771510076964,1.108793786760429,0.12686086343678254,0.00019974379043536313,0.9119410948684452,1.9186504396749706,0.44489440224724536,0.019315673289183224,ok,False,False,0.2005,0.4336,-0.3214,-0.2887,-1.0759,0.9093,0.2894,-0.6738,0.194,1.8824,-0.2818,1.4634,-0.6382,0.7489,-0.0975,1.3085,1.2297,-0.3237,1.359,-1.0513,0.1202,0.168
2026-07-06_16-25_proband_02,proband_02,1783348371334,1783348401334,neutral,neutral,neutral,face_ambiguous+hrv_ambiguous,proxy,71.34220123755192,66.1361992353002,70.17845197044277,48.38709677419355,32,0.0,ok,-0.3216543044475589,0.18052016325972223,0.25108723385364057,-0.16721878833166498,-0.043734092799639065,0.47284666666666664,Neutral,1.0,150,ok,543.2638888888889,2.2202211256168534,72,ok,3593,1.459076,1.458828,0.014676,0.01466,0.016896,1.362122,1.572967,0.210845,1.45915,0.152283,0.0,0.0,False,8.221307831557558e-05,1.2898114561894607e-05,1.2107824754725975e-05,1.176321048273575e-05,0.00011898222811493191,1.0652709101681748,0.1084037058125341,0.0002153242219341205,0.8535255093747334,2.0482869344810397,0.43454750746728926,0.015307542443640411,ok,False,False,-0.3955,0.0354,0.1616,0.1846,-0.3668,0.9093,0.2899,-0.6732,-0.3826,0.0282,0.5036,1.4688,-0.344,0.5805,0.8345,1.0021,0.3327,0.1656,0.3942,-0.2953,-0.5432,-0.33
2026-07-06_16-25_proband_02,proband_02,1783348376334,1783348406334,neutral,neutral,neutral,face_ambiguous+hrv_ambiguous,proxy,74.56352157724312,66.41398047831483,73.10225300180149,50.0,33,0.0,ok,-0.054824665470261845,0.31924539738779156,0.1870350314290267,-0.15803382272644545,-0.028597024206758477,0.4395466666666667,Neutral,1.0,150,ok,542.2112676056338,2.027774944949312,71,ok,3518,1.459539,1.458664,0.015978,0.015966,0.018374,1.330312,1.572967,0.242655,1.459626,0.159511,0.0,0.0,False,9.422841175738256e-05,1.3197592797031774e-05,1.2476764314649528e-05,1.2341644133313092e-05,0.00013224441300237696,1.0577735866792246,0.09979697741179874,0.0002552166433847415,0.8176036886722924,2.0971445085347487,0.43773360935976713,0.01733939738487777,ok,False,False,0.4406,-0.1719,1.324,1.3468,0.4724,-2.3815,0.2899,1.6569,0.4645,0.7191,1.0527,1.6423,-0.1196,0.915,1.5454,0.9493,-0.0856,1.4183,-0.1991,-0.0104,-0.3389,-0.0775
2026-07-06_16-25_proband_02,proband_02,1783348381334,1783348411334,neutral,neutral,neutral,face_ambiguous+hrv_ambiguous,proxy,70.66504360075619,66.5234564479246,72.29952817407282,45.16129032258064,32,0.0,ok,-0.3777448849249553,0.37391820160846256,0.3758315432667089,-0.15583085309690153,-0.02343132616936621,0.42276821192052977,Neutral,1.0,151,ok,541.1216216216217,1.735627498564331,74,ok,3686,1.459649,1.458745,0.015745,0.015734,0.017955,1.346498,1.572967,0.226469,1.459733,0.150882,0.0,0.0,False,0.00010079794676378409,1.2620073233018638e-05,1.2777420278577143e-05,1.2200300651875856e-05,0.0001383957409272557,0.9876854615553518,0.0911883057764311,0.00024784532727062505,0.7938430142917379,2.1752433450111357,0.44426481732223616,0.0176342919153554,ok,False,False,0.6393,-0.0695,1.116,1.1403,0.2345,-0.707,0.2899,0.4713,0.6549,-0.1057,1.353,1.3077,0.0633,0.8332,1.8752,0.4559,-0.504,1.1869,-0.5916,0.445,0.0798,-0.0409
2026-07-06_16-25_proband_02,proband_02,1783348386334,1783348416334,neutral,neutral,neutral,face_ambiguous+hrv_ambiguous,proxy,67.54836230435198,65.83322250299243,70.97928368278461,43.75,33,0.0,ok,-0.635907022629816,0.029212185555341868,0.33255960409257895,-0.14713844692089664,-0.023202106415872198,0.4112317880794702,Neutral,1.0,151,ok,540.2777777777778,1.6885882279119675,72,ok,3589,1.459456,1.459022,0.016314,0.016301,0.019517,1.346498,1.582753,0.236255,1.459548,0.136288,0.0,0.0,False,0.0001120577947849938,1.1656594097359356e-05,1.2833784708367388e-05,1.1701741568964935e-05,0.00014824991515968548,0.9082740168989635,0.07862799790593883,0.0002660843892325319,0.7561181160512753,2.288811363974808,0.43757248467926196,0.012816940651992199,ok,False,False,0.2907,0.2807,1.624,1.6448,1.1213,-0.707,0.8355,1.1881,0.3257,-1.5006,1.8676,0.7495,0.0976,0.545,2.4035,-0.1032,-1.1145,1.7596,-1.2146,1.1073,-0.3493,-0.6394
2026-07-06_16-25_proband_02,proband_02,1783348391334,1783348421334,neutral,neutral,calm,face_ambiguous,proxy,84.32618958544255,65.52169165094807,83.61491819917391,46.875,33,0.0,ok,0.7538403865539567,-0.12636775900446465,-0.44010407277921065,-0.19999678929765888,-0.04297028428093645,0.3960264900662252,Neutral,1.0,151,ok,539.2027027027027,1.6715158384157738,74,ok,3685,1.459321,1.458945,0.016375,0.016374,0.021228,1.346498,1.582753,0.236255,1.459413,0.129479,0.0,0.0,False,0.0001158253283710918,1.0788669723048204e-05,1.3085320913814307e-05,1.1640771125936169e-05,0.00015134009013389047,0.8244863820781128,0.07128758574291776,0.00026806289752102897,0.7431348679316185,2.339985820385467,0.440465472188358,0.009497964721845319,ok,False,False,0.047,0.1833,1.6784,1.7098,2.0927,-0.707,0.8355,1.1881,0.0854,-2.1515,2.0398,0.2467,0.2506,0.5097,2.5691,-0.6931,-1.4713,1.8217,-1.4291,1.4057,-0.1638,-1.0517
2026-07-06_16-25_proband_02,proband_02,1783348396334,1783348426334,negative calm,negative,calm,clear,proxy,74.08887426815568,63.906270802822526,74.95278083459418,29.03225806451613,32,0.0,ok,-0.09414083299475245,-0.9331163822719399,-0.41948777463859377,-0.23261766674102163,-0.04695208884356776,0.4129078947368421,Neutral,1.0,152,ok,538.2638888888889,1.5473107570975309,72,ok,3594,1.45848,1.458937,0.016016,0.015965,0.020408,1.346498,1.582753,0.236255,1.458568,0.128583,0.0,0.0,False,9.909629952090321e-05,1.0014774214511672e-05,1.4659463605467702e-05,1.36126420739181e-05,0.00013738317941480068,0.683160980570624,0.07289665433770051,0.0002564533917293523,0.7915453336739442,2.183394422211257,0.45383306410682417,0.010294936004451864,ok,False,False,-1.4718,0.1732,1.3579,1.3459,1.6272,-0.707,0.8355,1.1881,-1.4184,-2.2371,1.2752,-0.2017,1.2081,1.6498,1.8209,-1.688,-1.3931,1.4572,-0.6295,0.4926,0.6933,-0.9527
2026-07-06_16-25_proband_02,proband_02,1783348401334,1783348431334,negative calm,negative,calm,clear,proxy,75.87277126449804,64.23553027768484,75.42179778184263,32.25806451612903,32,0.0,ok,0.053623605593291414,-0.7686826816971509,-0.41115314364522115,-0.2667183885979327,-0.06818476140744265,0.4311986754966889,Neutral,1.0,151,ok,537.6527777777778,1.268910170321086,72,ok,3603,1.459032,1.459621,0.015741,0.015741,0.020021,1.346498,1.582753,0.236255,1.459117,0.137424,0.0,0.0,False,9.424660271770152e-05,8.85227976858275e-06,1.3407878053278519e-05,1.2546219148444649e-05,0.00012905297968800742,0.6602296853519256,0.06859415196293386,0.00024771952630762284,0.7972559842410691,2.1733139721399506,0.4423630867788156,0.008603941160144324,ok,False,False,-0.4749,1.038,1.1124,1.1465,1.4075,-0.707,0.8355,1.1881,-0.4414,-1.392,1.0536,-0.8752,0.4468,1.0332,1.3743,-1.8495,-1.6022,1.1829,-0.5352,0.4338,-0.0421,-1.1627
2026-07-06_16-25_proband_02,proband_02,1783348406334,1783348436334,neutral,negative,neutral,hrv_ambiguous,proxy,72.59809825999399,64.55300406818411,74.66051526960271,32.25806451612903,32,0.0,ok,-0.21762536173054747,-0.6101348062590081,-0.1962547222642303,-0.27190067915450394,-0.06991129919469584,0.451476821192053,Neutral,1.0,151,ok,537.1666666666666,1.1132998786123665,72,ok,3631,1.458545,1.459503,0.013945,0.013939,0.018361,1.36143,1.582753,0.221323,1.458612,0.134435,0.0,0.0,False,6.117369024386661e-05,8.314837138081807e-06,1.2449520299258448e-05,1.1309326482336577e-05,9.324737416354345e-05,0.6678840847139301,0.08916966427739861,0.00019440873481246977,0.8603245967766866,2.006152372502547,0.4194772889780326,0.01019003029468466,ok,False,False,-1.3544,0.8888,-0.491,-0.4569,0.465,0.8377,0.8355,0.0943,-1.3401,-1.6777,-0.458,-1.1866,-0.1362,0.3181,-0.5452,-1.7956,-0.6022,-0.4912,0.5065,-0.541,-1.5095,-0.9657
2026-07-06_16-25_proband_02,proband_02,1783348411334,1783348441334,neutral,negative,neutral,hrv_ambiguous,proxy,73.21284868191657,65.75342465753425,84.59860662223842,33.33333333333333,34,0.0,ok,-0.16670411955490366,-0.010639226562925732,0.07803244649598896,-0.2355852504509505,-0.08227613431386152,0.4836912751677852,Neutral,1.0,149,ok,536.4571428571429,0.8958149764598098,70,ok,3535,1.458816,1.459348,0.014299,0.014235,0.018745,1.36143,1.583231,0.221801,1.458886,0.133277,0.0,0.0,False,6.987952278121072e-05,9.105155382902034e-06,1.1353014360474238e-05,1.0853260513899826e-05,0.00010119095303848682,0.8020032646658635,0.08997993416920443,0.00020438952472122532,0.8674221236707171,2.0055151535330524,0.4286750620104954,0.009052333804809052,ok,False,False,-0.865,0.6928,-0.175,-0.1935,0.683,0.8377,0.8621,0.1294,-0.8525,-1.7884,-0.0601,-0.7287,-0.8032,0.0544,-0.1193,-0.8514,-0.5628,-0.1778,0.6237,-0.5447,-0.9197,-1.107
2026-07-06_16-25_proband_02,proband_02,1783348416334,1783348446334,neutral,neutral,activated,face_ambiguous,proxy,76.39637589571903,68.20295546140332,99.9353768465129,34.375,33,0.0,ok,0.09699502475768618,1.2126677562370518,0.5578363657396828,-0.19917349419638186,-0.08804407612673845,0.5100266666666667,Neutral,1.0,150,ok,535.72,1.3809514933650013,75,ok,3728,1.458896,1.45936,0.01361,0.01361,0.016919,1.36143,1.552823,0.191393,1.458959,0.157768,0.0,0.0,False,6.121737965001194e-05,9.969755636032562e-06,1.1572838583886051e-05,1.076069384109854e-05,9.352066771102909e-05,0.8614787722379206,0.10660483691405437,0.00018518416795634804,0.9251868143182377,1.878961823962765,0.4254284189183552,0.011266094420600859,ok,False,False,-0.7205,0.708,-0.7901,-0.7497,-0.3537,0.8377,-0.833,-2.098,-0.7225,0.5525,-0.456,-0.2278,-0.6694,0.0008,-0.5305,-0.4327,0.2452,-0.7809,1.5777,-1.2827,-1.1279,-0.832
2026-07-06_16-25_proband_02,proband_02,1783348421334,1783348451334,neutral,neutral,activated,face_ambiguous,proxy,74.26529023260687,69.04487917146145,92.84003838470085,42.42424242424242,34,0.0294,ok,-0.0795278783238561,1.6331283407180384,0.8563281095209472,-0.19723228093998718,-0.09168496095960169,0.5302199999999999,Neutral,1.0,150,ok,534.5633802816901,2.3344157688576703,71,ok,3574,1.459205,1.459544,0.013352,0.013336,0.015805,1.36143,1.567859,0.206429,1.459266,0.163168,0.0,0.0,False,5.728197814638401e-05,1.085629345560834e-05,1.2867893209560986e-05,1.1792314492767133e-05,9.279847930432046e-05,0.8436728868614723,0.11698783665429162,0.00017822895888762179,0.9320741365533312,1.8547322310723395,0.4268251419111595,0.013430330162283156,ok,False,False,-0.1625,0.9406,-1.0204,-0.9935,-0.9862,0.8377,0.0052,-0.9966,-0.1762,1.0687,-0.6359,0.2859,0.1183,0.5973,-0.5692,-0.558,0.7499,-0.9993,1.6915,-1.424,-1.0383,-0.5632
2026-07-06_16-25_proband_02,proband_02,1783348426334,1783348456334,neutral,neutral,activated,face_ambiguous,proxy,85.1807347688289,69.70546026105379,88.92559328348597,57.57575757575758,34,0.0,ok,0.824624400165787,1.9630255840299144,0.5692005919320637,-0.2000004572363671,-0.09202949174568031,0.5540533333333334,Neutral,1.0,150,ok,533.4929577464789,2.7353413964863678,71,ok,3579,1.460235,1.45964,0.013983,0.013971,0.015646,1.36143,1.567858,0.206428,1.460302,0.168809,0.0,0.0,False,6.782066750994067e-05,1.1567506401823906e-05,1.2172208677012295e-05,1.0855689644136362e-05,0.00010241607223291323,0.9503209941962802,0.11294620108620296,0.00019547330047298456,0.8858288776651191,1.9596141041360118,0.4268349746137336,0.02179379715004191,ok,False,False,1.6975,1.062,-0.4571,-0.4285,-1.0765,0.8377,0.0051,-0.9967,1.6675,1.6079,-0.1542,0.6979,-0.3048,0.0558,-0.0536,0.1928,0.5534,-0.4578,0.9277,-0.8124,-1.0377,0.4758
2026-07-06_16-25_proband_02,proband_02,1783348431334,1783348461334,neutral,neutral,activated,face_ambiguous,proxy,82.28626502500101,69.8416921644273,86.54559200674704,50.0,35,0.0286,ok,0.5848685748105417,2.0310604249936284,0.7230959250915434,-0.18979525462126146,-0.07588028101125491,0.5495761589403974,Neutral,1.0,151,ok,532.0833333333334,2.8021621430703,72,ok,3596,1.459395,1.459268,0.014826,0.014826,0.017321,1.326866,1.567858,0.240991,1.45947,0.165229,0.0,0.0,False,7.32319477301299e-05,1.213509189688602e-05,1.4579349834975317e-05,1.287731361766299e-05,0.00011282370307965423,0.8323478894392465,0.10755799941046583,0.00021976305141992685,0.8846653730186012,1.9613287239732575,0.437439827418422,0.01835372636262514,ok,False,False,0.1806,0.5917,0.2955,0.3324,-0.1255,-2.7379,0.0051,1.535,0.1869,1.2657,0.0931,1.0267,1.1594,1.2247,0.5043,-0.6377,0.2916,0.305,0.9085,-0.8024,-0.3578,0.0485
2026-07-06_16-25_proband_02,proband_02,1783348436334,1783348466334,neutral,neutral,activated,face_ambiguous,proxy,81.51344169197243,70.01400280056012,83.40034056718646,50.0,35,0.0286,ok,0.520853776777442,2.117113151523559,0.7981296873730583,-0.11797563209329825,-0.06586075978715758,0.5712649006622517,Neutral,1.0,151,ok,530.7027027027027,2.856042523616363,74,ok,3666,1.459445,1.459172,0.015176,0.015151,0.017521,1.326866,1.567858,0.240991,1.459524,0.163984,0.0,0.0,False,7.587180081752168e-05,1.211229038757079e-05,1.3036464297482589e-05,1.2004759825496174e-05,0.00011302531532807121,0.9291084746652712,0.10716440157896337,0.00023024382426566558,0.864908011236273,2.008062596065229,0.44029317970560494,0.01718494271685761,ok,False,False,0.2709,0.4703,0.608,0.6215,-0.0119,-2.7379,0.0051,1.535,0.283,1.1467,0.2137,1.0135,0.2209,0.7202,0.5151,0.0435,0.2724,0.6341,0.5822,-0.5299,-0.1748,-0.0967
2026-07-06_16-25_proband_02,proband_02,1783348441334,1783348471334,neutral,neutral,neutral,face_ambiguous+hrv_ambiguous,proxy,85.63166032490552,68.93670357217464,86.5826260653004,56.25,33,0.0303,ok,0.8619756383680383,1.5791049474350856,0.35856465453352365,-0.12204439205039358,-0.052367210850331636,0.5524934210526314,Neutral,1.0,152,ok,529.2465753424658,2.509873956097133,73,ok,3636,1.458781,1.458782,0.014971,0.014957,0.017115,1.326866,1.567858,0.240991,1.458858,0.166437,0.0,0.0,False,7.603093627181271e-05,1.232254383790529e-05,1.5766897242988492e-05,1.3977051833631583e-05,0.00011809742918633808,0.7815452125077994,0.10434218440200069,0.00022408139119348326,0.8909485451656585,1.9365859171189024,0.4496203612422551,0.021177117711771175,ok,False,False,-0.9282,-0.0228,0.425,0.4489,-0.2424,-2.7379,0.0051,1.535,-0.9023,1.3811,0.221,1.1353,1.8818,1.8605,0.787,-0.9954,0.1353,0.4406,1.0122,-0.9467,0.4232,0.3992
2026-07-06_16-25_proband_02,proband_02,1783348446334,1783348476334,neutral,neutral,neutral,face_ambiguous+hrv_ambiguous,proxy,79.87098972718442,66.25840779038249,78.88682197818709,53.125,33,0.0303,ok,0.38480556716537107,0.24155167939903044,-0.07162694388317031,-0.13481084131202445,-0.05736209302607788,0.5493800000000001,Neutral,1.0,150,ok,527.8115942028985,1.9423709156810258,69,ok,3489,1.459635,1.459915,0.014849,0.014838,0.016886,1.326866,1.567858,0.240991,1.45971,0.15969,0.0,0.0,False,7.50077807071082e-05,1.0525144642180386e-05,1.4655041122151036e-05,1.2738082799929157e-05,0.00011292604927136877,0.718192725374134,0.0932038676362785,0.00022043285169372773,0.8867274034122161,1.9474494545325578,0.4313698772149685,0.019776440240756664,ok,False,False,0.614,1.4097,0.316,0.343,-0.3724,-2.7379,0.0051,1.535,0.614,0.7362,0.1743,0.094,1.2054,1.1442,0.5098,-1.4414,-0.4061,0.326,0.9425,-0.8834,-0.747,0.2252
2026-07-06_16-25_proband_02,proband_02,1783348451334,1783348481334,neutral,neutral,neutral,face_ambiguous+hrv_ambiguous,proxy,66.35534077977447,64.19608987452582,73.98852030121725,46.875,33,0.0,ok,-0.7347278380491478,-0.7883794009679057,-0.026825781459378972,-0.13641438075495346,-0.05553855517523984,0.5531466666666667,Neutral,1.0,150,ok,526.6470588235294,2.514226422570337,68,ok,3411,1.459222,1.459046,0.015168,0.015168,0.01769,1.326866,1.562732,0.235866,1.459301,0.158358,0.0,0.0,False,8.687012525284161e-05,1.1356444764227391e-05,1.4866285888823099e-05,1.334550467914883e-05,0.00012643836058504095,0.7639059335499231,0.08981803166271797,0.0002299994734973924,0.8926912649542135,1.9388078052780235,0.4608723295795294,0.017883318674875404,ok,False,False,-0.1318,0.311,0.6008,0.6367,0.084,-2.7379,-0.2806,1.1596,-0.1139,0.6089,0.7164,0.5756,1.3339,1.4954,1.2342,-1.1196,-0.5706,0.6265,1.041,-0.9337,1.1446,-0.01
2026-07-06_16-25_proband_02,proband_02,1783348456334,1783348486334,neutral,neutral,neutral,face_ambiguous+hrv_ambiguous,proxy,63.19309033958275,63.97908640616401,69.06635425677672,43.333333333333336,31,0.0,ok,-0.996664576508707,-0.8967519340748682,0.0499563212169194,-0.1253466797116885,-0.055984767047284084,0.545581081081081,Neutral,1.0,148,ok,525.2054794520548,2.3626662440602817,73,ok,3631,1.459204,1.459941,0.014363,0.014341,0.017554,1.326866,1.579765,0.252899,1.459275,0.146281,0.0,0.0,False,6.936525611023389e-05,1.2221346826247027e-05,1.5750745883552012e-05,1.4042981658733068e-05,0.000111380330478766,0.7759217335280385,0.10972625654805987,0.00020623556488627787,0.9315365264104831,1.8575045151687979,0.4529763136869033,0.014321123657394658,ok,False,False,-0.1643,1.4425,-0.1178,-0.0992,0.0068,-2.7379,0.6689,2.4073,-0.1602,-0.5455,-0.0836,1.0767,1.8719,1.8987,0.4269,-1.035,0.3969,-0.1198,1.6826,-1.4079,0.6384,-0.4525
2026-07-06_16-25_proband_02,proband_02,1783348461334,1783348491334,neutral,neutral,neutral,face_ambiguous+hrv_ambiguous,proxy,66.86119468599637,63.948840927258196,67.84992927944587,51.61290322580645,32,0.0,ok,-0.6928267537299818,-0.9118566657586533,-0.10951495601433575,-0.10747288731962679,-0.05979518677896697,0.5474295302013423,Neutral,1.0,149,ok,523.9859154929577,2.0528235450330974,71,ok,3584,1.459272,1.459595,0.013947,0.013936,0.016558,1.344107,1.579765,0.235658,1.459338,0.156573,0.0,0.0,False,6.35895015786327e-05,1.1955329629806887e-05,1.4453653217108942e-05,1.2340305707776504e-05,0.00010233879013332506,0.8271492765929905,0.1168210948889528,0.0001944759199356754,0.9516406077862448,1.8163531080564272,0.44123177969919125,0.014787946428571428,ok,False,False,-0.0415,1.0051,-0.4892,-0.4596,-0.5587,-0.9544,0.6689,1.1444,-0.0481,0.4383,-0.3476,0.9226,1.0829,0.9142,-0.0578,-0.6743,0.7418,-0.4891,2.0147,-1.6478,-0.1147,-0.3945
2026-07-06_16-25_proband_02,proband_02,1783348466334,1783348496334,neutral,neutral,neutral,face_ambiguous+hrv_ambiguous,proxy,72.56096574605385,65.46536617622748,92.29914721034847,50.0,33,0.0,ok,-0.2207011363335526,-0.15449696090157622,0.03310208771598819,-0.15335144688288987,-0.056091577652618636,0.5183557046979865,Neutral,1.0,149,ok,522.7464788732394,2.195568978381913,71,ok,3571,1.459319,1.459387,0.013323,0.013322,0.015519,1.344107,1.579765,0.235658,1.45938,0.163025,0.0,0.0,False,4.9791060009716975e-05,1.2611330438692573e-05,1.562334766026653e-05,1.4140112165440481e-05,9.216585027411656e-05,0.8072104587133644,0.13683300554762284,0.00017744160927284474,0.9724484643490982,1.7676742113944273,0.44659985658024903,0.0156818818258191,ok,False,False,0.0433,0.7421,-1.0463,-1.006,-1.1486,-0.9544,0.6689,1.1444,0.0267,1.055,-0.9783,1.3026,1.7944,1.9548,-0.6031,-0.8147,1.7144,-1.024,2.3583,-1.9317,0.2295,-0.2834
2026-07-06_16-25_proband_02,proband_02,1783348471334,1783348501334,neutral,neutral,calm,face_ambiguous,proxy,81.51053761284786,65.38841399039607,93.19831764195276,54.83870967741935,32,0.0,ok,0.5206132249841837,-0.19292723747559867,-0.3567702312298912,-0.16516776581343073,-0.06395737546108277,0.5403825503355705,Neutral,1.0,149,ok,521.3287671232877,2.4891698444380337,73,ok,3624,1.459285,1.459042,0.013441,0.013387,0.015532,1.354795,1.579765,0.224969,1.459347,0.170301,0.0,0.0,False,5.442914748114556e-05,1.2508537887538041e-05,1.3570679266463988e-05,1.2530074852313345e-05,9.303843948746094e-05,0.9217325618118994,0.1344448361559097,0.00018060809879068162,0.9681064540789832,1.7809052430716563,0.4444685726283028,0.01545253863134658,ok,False,False,-0.0181,0.306,-0.941,-0.9481,-1.1412,0.1513,0.6689,0.3614,-0.032,1.7505,-0.7663,1.2431,0.5458,1.0239,-0.5564,-0.0085,1.5983,-0.9246,2.2866,-1.8546,0.0929,-0.3119
2026-07-06_16-25_proband_02,proband_02,1783348476334,1783348506334,neutral,neutral,neutral,face_ambiguous+hrv_ambiguous,proxy,81.5735864112888,66.66217763113596,87.00500682214336,59.375,33,0.0,ok,0.5258357071815185,0.4431962004059015,-0.041319753387808494,-0.17838855758932914,-0.06823488462661864,0.5477866666666668,Neutral,1.0,150,ok,520.3013698630137,2.307505456276499,73,ok,3647,1.459292,1.458773,0.013592,0.013588,0.015694,1.354795,1.579765,0.224969,1.459355,0.157433,0.0,0.0,False,5.524276618235146e-05,1.216271492445298e-05,1.4278354788308874e-05,1.3229777680517507e-05,9.491361357563082e-05,0.8518288173216567,0.12814510309015006,0.00018467990025230612,0.9379214575299459,1.8405882372776348,0.44179066087692653,0.014806690430490814,ok,False,False,-0.0054,-0.0341,-0.8062,-0.7693,-1.0492,0.1513,0.6689,0.3614,-0.0178,0.5205,-0.7291,1.0427,0.9763,1.4285,-0.4558,-0.5006,1.2921,-0.7967,1.7881,-1.5065,-0.0788,-0.3922
2026-07-06_16-25_proband_02,proband_02,1783348481334,1783348511334,neutral,neutral,neutral,face_ambiguous+hrv_ambiguous,proxy,86.90468481286979,67.7695834163843,78.8980478895664,63.63636363636363,34,0.0,ok,0.9674232898628053,0.9962397578690755,0.014408234003135068,-0.1866241091528712,-0.06688964067611099,0.5360066666666667,Neutral,1.0,150,ok,519.5657894736842,2.2997711556633305,76,ok,3772,1.459135,1.459228,0.013473,0.013471,0.014398,1.349051,1.579771,0.23072,1.459198,0.154336,0.0,0.0,False,5.649439212822288e-05,1.1777254749871503e-05,1.206569128458565e-05,1.1468328018560501e-05,9.180566618124052e-05,0.9760944065279508,0.12828461587911705,0.00018146983491339243,0.9353669266495885,1.8391619560412693,0.4229989988892545,0.018822905620360552,ok,False,False,-0.2889,0.5411,-0.9124,-0.8734,-1.785,-0.4429,0.6692,0.7827,-0.2972,0.2245,-0.6719,0.8194,-0.3696,0.41,-0.6224,0.3743,1.2989,-0.8975,1.7459,-1.5148,-1.2837,0.1068
2026-07-06_16-25_proband_02,proband_02,1783348486334,1783348516334,excluded,excluded,excluded,poor_quality(hrv:artefact_fraction_exceeded),proxy,82.23064384935088,67.72009029345372,78.1277120741379,66.66666666666666,34,0.0588,poor,0.5802613403063073,0.9715226639725985,0.1956306618331456,-0.20080980584088115,-0.06665025338570382,0.5344834437086095,Neutral,1.0,151,ok,518.3661971830986,1.6753629595635888,71,ok,3550,1.458421,1.458398,0.013172,0.013169,0.014289,1.349051,1.558348,0.209297,1.45848,0.156382,0.0,0.0,False,5.794624586235281e-05,1.1164930392330924e-05,1.2444915798238231e-05,1.1951294125101454e-05,9.350738617802342e-05,0.8971478534843633,0.11940158664763721,0.00017346337371125357,0.9281545934289023,1.8647493211128943,0.43005461047414306,0.01915492957746479,ok,False,False,-1.5783,-0.5082,-1.1811,-1.1421,-1.8469,-0.4429,-0.525,-0.7866,-1.575,0.42,-0.6055,0.4647,-0.139,0.6893,-0.5312,-0.1815,0.8672,-1.1489,1.6267,-1.3656,-0.8313,0.148
2026-07-06_16-25_proband_02,proband_02,1783348491334,1783348521334,neutral,negative,neutral,hrv_ambiguous,proxy,90.02291374977817,66.96881553135358,88.75244341493486,68.75,33,0.0303,ok,1.2257136223180938,0.5963325822529256,-0.3146905200325841,-0.23200305164319251,-0.06463905361996541,0.5432214765100671,Neutral,1.0,149,ok,517.5616438356165,1.0927323217241447,73,ok,3612,1.459071,1.458984,0.012859,0.012838,0.013774,1.349051,1.567674,0.218623,1.459128,0.158128,0.0,0.0,False,5.089972047596688e-05,1.0435095765987194e-05,1.2459350965162852e-05,1.031487812521003e-05,8.410904533232697e-05,0.8375311810088031,0.12406627135869104,0.0001653138542005537,0.9251210312253766,1.8690383380985254,0.40779458535345,0.02131782945736434,ok,False,False,-0.4045,0.2326,-1.4606,-1.4366,-2.1393,-0.4429,-0.0051,-0.1034,-0.4218,0.5869,-0.9276,0.0418,-0.1302,-0.2569,-1.0351,-0.6012,1.0939,-1.4048,1.5766,-1.3406,-2.2585,0.4167
2026-07-06_16-25_proband_02,proband_02,1783348496334,1783348526334,neutral,negative,neutral,hrv_ambiguous,proxy,72.94186814876802,64.60078732209548,66.33236663125496,64.51612903225806,32,0.0,ok,-0.18915008276414882,-0.5862716288381066,-0.1985607730369789,-0.27309063192904653,-0.08652971657186928,0.5569395973154362,Neutral,1.0,149,ok,516.8888888888889,0.9124422506218542,72,ok,3581,1.458507,1.458659,0.01316,0.013139,0.014884,1.349051,1.567674,0.218623,1.458567,0.152235,0.0,0.0,False,5.2728481335336024e-05,1.0465607964566364e-05,1.2281089149833425e-05,9.726722272243751e-06,8.520190072197956e-05,0.8521725544623834,0.12283303251512459,0.00017314272730447144,0.9277026763832461,1.856154863368787,0.4039324209362982,0.017872102764590895,ok,False,False,-1.423,-0.1783,-1.1919,-1.1688,-1.5091,-0.4429,-0.0051,-0.1034,-1.4202,0.0237,-0.844,0.0595,-0.2386,-0.597,-0.9765,-0.4982,1.034,-1.159,1.6193,-1.4157,-2.5061,-0.0114
2026-07-06_16-25_proband_02,proband_02,1783348501334,1783348531334,neutral,negative,neutral,hrv_ambiguous,proxy,69.32622159039103,64.89250131095962,64.46265362301813,62.5,33,0.0,ok,-0.48864270197187476,-0.44058831716296104,0.02402719240445686,-0.2780948136728254,-0.09399915689061258,0.5572214765100671,Neutral,1.0,149,ok,516.5774647887324,0.966022357490253,71,ok,3560,1.45945,1.459319,0.014507,0.014502,0.01581,1.349051,1.567674,0.218623,1.459522,0.151728,0.0,0.0,False,6.403009798404961e-05,1.0015238655549556e-05,1.2699298904469452e-05,1.0236798001233513e-05,9.698143354530212e-05,0.7886449434921011,0.10326964849000272,0.00021039045149734927,0.8309234387670672,2.092153923722908,0.42396805428855894,0.03314606741573034,ok,False,False,0.2799,0.6562,0.0107,0.044,-0.9833,-0.4429,-0.0051,-0.1034,0.2794,-0.0248,-0.3275,-0.2014,0.0158,-0.3021,-0.345,-0.9454,0.0831,0.0107,0.0209,-0.0395,-1.2215,1.8861
2026-07-06_16-25_proband_02,proband_02,1783348506334,1783348536334,neutral,negative,neutral,hrv_ambiguous,proxy,65.39433733006788,64.04269513008673,61.56441682786282,58.06451612903226,32,0.0,ok,-0.8143300435118075,-0.8649854439295913,-0.025327700208891912,-0.27344280637556734,-0.08720122444671193,0.5722348993288591,Neutral,1.0,149,ok,516.1081081081081,1.1653392423652316,74,ok,3660,1.458819,1.458774,0.014564,0.014561,0.016057,1.349051,1.567674,0.218623,1.458892,0.153867,0.0,0.0,False,6.268395710061494e-05,1.041443930832686e-05,1.4327005794562565e-05,1.1806137536622555e-05,9.923153974012693e-05,0.7269096369996407,0.10495089797709352,0.00021204320561590899,0.8457159469092158,2.0575821116644075,0.42763945397491876,0.03278688524590164,ok,False,False,-0.8596,-0.0329,0.0616,0.0965,-0.8431,-0.4429,-0.0051,-0.1034,-0.8418,0.1797,-0.389,0.0299,1.0059,0.6053,-0.2244,-1.38,0.1649,0.0626,0.2652,-0.2411,-0.9861,1.8415
2026-07-06_16-25_proband_02,proband_02,1783348511334,1783348541334,neutral,neutral,neutral,face_ambiguous+hrv_ambiguous,proxy,62.747111487302746,63.35149863760218,55.3216984788125,50.0,31,0.0,ok,-1.0336060674492793,-1.2101721606704678,-0.08828304661059427,-0.18940984834078162,-0.08757465294285444,0.5646711409395972,Neutral,1.0,149,ok,515.4857142857143,1.282466567554262,70,ok,3509,1.459009,1.458403,0.01443,0.014429,0.016265,1.357896,1.571626,0.21373,1.45908,0.15878,0.0,0.0,False,5.8330755287692685e-05,9.5558699142124e-06,1.3644772385529496e-05,1.0703912989571866e-05,9.223531057700644e-05,0.7003318885710887,0.10360316185666366,0.00020816060801903512,0.8322446600854803,2.0894391232313296,0.4171303306615457,0.029353092049016812,ok,False,False,-0.5165,-0.5019,-0.058,-0.0209,-0.725,0.4721,0.2152,-0.4618,-0.5072,0.6493,-0.588,-0.4676,0.5909,-0.032,-0.5994,-1.5671,0.0993,-0.0593,0.0427,-0.0553,-1.6599,1.4149
2026-07-06_16-25_proband_02,proband_02,1783348516334,1783348546334,neutral,neutral,neutral,face_ambiguous+hrv_ambiguous,proxy,60.46780001546011,63.94671107410491,60.465524367996466,48.38709677419355,32,0.0,ok,-1.222406867436431,-0.9129203242481227,0.15474327159415413,-0.12565348159849926,-0.09321700441833483,0.5437986577181209,Neutral,1.0,149,ok,514.75,1.3712336380576597,72,ok,3616,1.459542,1.459014,0.015236,0.01522,0.017527,1.357896,1.571625,0.213729,1.459621,0.158783,0.0,0.0,False,6.723044343810162e-05,9.36270532694432e-06,1.3096437575673849e-05,1.1498710620995608e-05,0.0001011882969617154,0.7149046874724554,0.09252755027549432,0.00023207500647038251,0.8366021341547242,2.087551562383777,0.44206408794926877,0.023783185840707963,ok,False,False,0.446,0.2706,0.6615,0.6829,-0.0085,0.4721,0.2151,-0.4619,0.4556,0.6495,-0.1812,-0.5795,0.2573,0.4276,-0.1195,-1.4646,-0.439,0.6916,0.1146,-0.0663,-0.0613,0.723
2026-07-06_16-25_proband_02,proband_02,1783348521334,1783348551334,neutral,neutral,activated,face_ambiguous,proxy,57.64465499940129,65.73923437033102,76.18008468773387,37.5,33,0.0,ok,-1.4562546956495483,-0.017725921450058912,0.7192643870997447,-0.13102131384816512,-0.14723582967597348,0.5711466666666667,Neutral,1.0,150,ok,514.125,1.2095570135442497,72,ok,3600,1.459016,1.458368,0.014829,0.014825,0.016049,1.357896,1.571625,0.213729,1.459092,0.178105,0.0,0.0,False,5.836028238453471e-05,9.027572703051564e-06,1.2520358179973933e-05,1.0801234730733283e-05,9.07094479982935e-05,0.7210314475235653,0.09952185580160892,0.0002198483507288016,0.8700997445482018,2.0166855967839896,0.4325600275033938,0.0325,ok,False,False,-0.5038,-0.5462,0.2982,0.3315,-0.8477,0.4721,0.2151,-0.4619,-0.4858,2.4964,-0.5866,-0.7736,-0.0931,0.0243,-0.6812,-1.4214,-0.099,0.3077,0.6679,-0.4796,-0.6706,1.8059
2026-07-06_16-25_proband_02,proband_02,1783348526334,1783348556334,neutral,neutral,activated,face_ambiguous,proxy,50.91977542577898,68.63866644876614,93.5942880538258,29.411764705882355,35,0.0,ok,-2.013292493687185,1.4302638332007391,1.7217781634439622,-0.1434634268822972,-0.17112489300265926,0.5841266666666667,Neutral,1.0,150,ok,514.068493150685,1.1586482440433152,73,ok,3649,1.459874,1.459651,0.01553,0.015506,0.016266,1.351481,1.571625,0.220144,1.459956,0.172149,0.0,0.0,False,6.462800332617304e-05,8.824396627344179e-06,1.3453977044800473e-05,1.1505330783493999e-05,9.841170778181169e-05,0.6558949775270759,0.089668157748472,0.00024110876416465413,0.8350794905573419,2.1088001961500598,0.4474095349136385,0.03178953137845985,ok,False,False,1.0456,1.0759,0.924,0.9374,-0.7245,-0.1915,0.2151,0.008,1.0518,1.9271,-0.3002,-0.8913,0.4748,0.4314,-0.2683,-1.88,-0.5779,0.9753,0.0895,0.0576,0.2814,1.7176
2026-07-06_16-25_proband_02,proband_02,1783348531334,1783348561334,neutral,neutral,activated,face_ambiguous,proxy,55.21641912670968,69.69566227473366,93.65511556913968,38.23529411764706,35,0.0,ok,-1.6573912585919766,1.9581324244648852,1.807761841528431,-0.16249420854031335,-0.15641903897592663,0.5582933333333333,Neutral,1.0,150,ok,513.9444444444445,1.0054623894449854,72,ok,3574,1.459355,1.45978,0.014335,0.014335,0.01554,1.351481,1.571625,0.220144,1.459425,0.15841,0.0,0.0,False,5.002440595134153e-05,1.1610245411252313e-05,1.2740496598274678e-05,1.0476306094090925e-05,8.485145405495945e-05,0.9112866527932612,0.1368302453238097,0.00020544098005153066,0.8626622631802326,2.029758668008375,0.4410103364809827,0.020984890878567433,ok,False,False,0.1084,1.239,-0.1428,-0.1046,-1.1366,-0.1915,0.2151,0.008,0.1068,0.6139,-0.9676,0.7227,0.0408,-0.1636,-0.9953,-0.082,1.7143,-0.1447,0.5451,-0.4034,-0.1289,0.3754
